basin,region,site_name,sample,depth,unique,dd_no,dd_unique,func_morph,microstr,crown_sa,frag_base,frag_crown,frag_peaks,surf_alt,discolor,is_frag
Pacific,Gulf of Panama,Contadora,BF18-1-13,210,BF18-1-13-210,1,BF18-1-13-210-1,RA,N,319,C,A,B,A,A,N
Pacific,Gulf of Panama,Contadora,BF18-1-13,210,BF18-1-13-210,2,BF18-1-13-210-2,DR,Y,364,C,A,A,A,A,N
Pacific,Gulf of Panama,Contadora,BF18-1-13,210,BF18-1-13-210,3,BF18-1-13-210-3,DR,Y,382,C,A,B,A,A,N
Pacific,Gulf of Panama,Contadora,BF18-1-13,210,BF18-1-13-210,4,BF18-1-13-210-4,A,N,409,C,C,B,A,A,N
Pacific,Gulf of Panama,Contadora,BF18-1-13,210,BF18-1-13-210,5,BF18-1-13-210-5,DR,N,473,C,A,B,A,A,N
Pacific,Gulf of Panama,Contadora,BF18-1-13,210,BF18-1-13-210,6,BF18-1-13-210-6,DR,Y,321,C,A,B,A,A,N
Pacific,Gulf of Panama,Contadora,BF18-1-13,210,BF18-1-13-210,7,BF18-1-13-210-7,UNK,N,286,C,C,B,A,A,N
Pacific,Gulf of Panama,Contadora,BF18-1-13,210,BF18-1-13-210,8,BF18-1-13-210-8,DR,N,253,C,B,B,A,A,N
Pacific,Gulf of Panama,Contadora,BF18-1-13,210,BF18-1-13-210,9,BF18-1-13-210-9,GF,N,178,C,A,B,A,A,N
Pacific,Gulf of Panama,Contadora,BF18-1-13,210,BF18-1-13-210,10,BF18-1-13-210-10,A,Y,247,C,A,A,A,A,N
Pacific,Gulf of Panama,Contadora,BF18-1-13,210,BF18-1-13-210,11,BF18-1-13-210-11,RA,N,372,C,B,B,A,A,N
Pacific,Gulf of Panama,Contadora,BF18-1-13,210,BF18-1-13-210,12,BF18-1-13-210-12,DR,N,428,C,A,B,A,A,N
Pacific,Gulf of Panama,Contadora,BF18-1-13,210,BF18-1-13-210,13,BF18-1-13-210-13,DEFENSE,N,225,C,A,A,A,A,N
Pacific,Gulf of Panama,Contadora,BF18-1-13,210,BF18-1-13-210,14,BF18-1-13-210-14,DR,N,250,C,A,B,A,A,N
Pacific,Gulf of Panama,Contadora,BF18-1-13,210,BF18-1-13-210,15,BF18-1-13-210-15,RA,N,413,C,B,B,A,A,N
Pacific,Gulf of Panama,Contadora,BF18-1-13,210,BF18-1-13-210,16,BF18-1-13-210-16,DR,N,318,C,A,B,A,A,N
Pacific,Gulf of Panama,Contadora,BF18-1-13,210,BF18-1-13-210,17,BF18-1-13-210-17,RA,N,401,C,B,B,A,A,N
Pacific,Gulf of Panama,Contadora,BF18-1-13,210,BF18-1-13-210,18,BF18-1-13-210-18,DR,N,303,C,A,B,A,A,N
Pacific,Gulf of Panama,Contadora,BF18-1-13,210,BF18-1-13-210,19,BF18-1-13-210-19,DR,N,335,C,A,B,A,A,N
Pacific,Gulf of Panama,Contadora,BF18-1-13,210,BF18-1-13-210,20,BF18-1-13-210-20,UNK,N,203,C,C,B,A,A,N
Pacific,Gulf of Panama,Contadora,BF18-1-13,210,BF18-1-13-210,21,BF18-1-13-210-21,DR,N,.,C,C,B,A,A,N
Pacific,Gulf of Panama,Contadora,BF18-1-13,210,BF18-1-13-210,22,BF18-1-13-210-22,DR,N,.,C,B,B,A,A,N
Pacific,Gulf of Panama,Contadora,BF18-1-13,210,BF18-1-13-210,23,BF18-1-13-210-23,DR,N,.,C,C,B,A,A,N
Pacific,Gulf of Panama,Contadora,BF18-1-13,210,BF18-1-13-210,24,BF18-1-13-210-24,GF,Y,253,C,A,B,A,A,N
Pacific,Gulf of Panama,Contadora,BF18-1-13,210,BF18-1-13-210,25,BF18-1-13-210-25,DR,N,.,C,C,B,A,A,N
Pacific,Gulf of Panama,Contadora,BF18-1-13,30,BF18-1-13-30,1,BF18-1-13-30-1,DR,N,374,C,B,B,A,A,N
Pacific,Gulf of Panama,Contadora,BF18-1-13,30,BF18-1-13-30,2,BF18-1-13-30-2,DR,Y,300,C,B,B,A,A,N
Pacific,Gulf of Panama,Contadora,BF18-1-13,30,BF18-1-13-30,3,BF18-1-13-30-3,DR,N,389,C,B,B,A,A,N
Pacific,Gulf of Panama,Contadora,BF18-1-13,30,BF18-1-13-30,4,BF18-1-13-30-4,GF,N,343,C,A,B,A,A,N
Pacific,Gulf of Panama,Contadora,BF18-1-13,30,BF18-1-13-30,5,BF18-1-13-30-5,A,N,453,C,B,B,B,A,N
Pacific,Gulf of Panama,Contadora,BF18-1-13,30,BF18-1-13-30,6,BF18-1-13-30-6,DR,N,.,C,C,B,A,A,N
Pacific,Gulf of Panama,Contadora,BF18-1-13,30,BF18-1-13-30,7,BF18-1-13-30-7,DR,N,319,C,B,B,A,A,N
Pacific,Gulf of Panama,Contadora,BF18-1-13,30,BF18-1-13-30,8,BF18-1-13-30-8,GF,N,314,C,A,A,A,A,N
Pacific,Gulf of Panama,Contadora,BF18-1-13,30,BF18-1-13-30,9,BF18-1-13-30-9,RA,Y,403,C,A,B,A,A,N
Pacific,Gulf of Panama,Contadora,BF18-1-13,30,BF18-1-13-30,10,BF18-1-13-30-10,DR,N,327,C,A,B,A,A,N
Pacific,Gulf of Panama,Contadora,BF18-1-13,30,BF18-1-13-30,11,BF18-1-13-30-11,DR,N,.,C,C,B,A,A,N
Pacific,Gulf of Panama,Contadora,BF18-1-13,280,BF18-1-13-280,1,BF18-1-13-280-1,RA,Y,528,C,A,B,A,A,N
Pacific,Gulf of Panama,Contadora,BF18-1-13,280,BF18-1-13-280,2,BF18-1-13-280-2,DR,Y,528,A,A,B,A,A,N
Pacific,Gulf of Panama,Contadora,BF18-1-13,280,BF18-1-13-280,3,BF18-1-13-280-3,DR,N,264,C,C,B,A,A,N
Pacific,Gulf of Panama,Contadora,BF18-1-13,280,BF18-1-13-280,4,BF18-1-13-280-4,RA,N,743,C,C,B,A,A,N
Pacific,Gulf of Panama,Contadora,BF18-1-13,280,BF18-1-13-280,5,BF18-1-13-280-5,DR,N,.,C,C,B,A,A,N
Pacific,Gulf of Panama,Contadora,BF18-1-13,280,BF18-1-13-280,6,BF18-1-13-280-6,DR,N,.,C,B,B,A,A,N
Pacific,Gulf of Panama,Contadora,BF18-1-13,280,BF18-1-13-280,7,BF18-1-13-280-7,DR,Y,286,C,B,B,A,A,N
Pacific,Gulf of Panama,Contadora,BF18-1-13,280,BF18-1-13-280,8,BF18-1-13-280-8,A,N,243,C,B,B,B,C,N
Pacific,Gulf of Panama,Contadora,BF18-1-13,280,BF18-1-13-280,9,BF18-1-13-280-9,RA,N,551,C,A,B,C,C,N
Pacific,Gulf of Panama,Contadora,BF18-1-13,280,BF18-1-13-280,10,BF18-1-13-280-10,RA,N,333,C,A,B,A,A,N
Pacific,Gulf of Panama,Contadora,BF18-1-13,280,BF18-1-13-280,11,BF18-1-13-280-11,A,N,493,C,A,A,A,A,N
Pacific,Gulf of Panama,Contadora,BF18-1-13,280,BF18-1-13-280,12,BF18-1-13-280-12,DR,N,452,C,A,B,A,A,N
Pacific,Gulf of Panama,Contadora,BF18-1-13,280,BF18-1-13-280,13,BF18-1-13-280-13,DR,N,414,C,B,B,A,A,N
Pacific,Gulf of Panama,Contadora,BF18-1-13,280,BF18-1-13-280,14,BF18-1-13-280-14,RA,N,.,C,C,B,A,A,N
Pacific,Gulf of Panama,Contadora,BF18-1-13,280,BF18-1-13-280,15,BF18-1-13-280-15,A,N,400,C,A,A,A,A,N
Pacific,Gulf of Panama,Contadora,BF18-1-13,280,BF18-1-13-280,16,BF18-1-13-280-16,UNK,N,.,C,C,B,A,A,N
Pacific,Gulf of Panama,Contadora,BF18-1-13,280,BF18-1-13-280,17,BF18-1-13-280-17,DR,Y,530,C,A,B,A,A,N
Pacific,Gulf of Panama,Contadora,BF18-1-13,280,BF18-1-13-280,18,BF18-1-13-280-18,RA,Y,281,C,B,B,A,A,N
Pacific,Gulf of Panama,Contadora,BF18-1-13,280,BF18-1-13-280,19,BF18-1-13-280-19,DR,N,225,C,A,B,A,A,N
Pacific,Gulf of Panama,Contadora,BF18-1-13,280,BF18-1-13-280,20,BF18-1-13-280-20,DR,N,.,C,C,B,A,A,N
Pacific,Gulf of Panama,Contadora,BF18-1-13,280,BF18-1-13-280,21,BF18-1-13-280-21,UNK,.,.,C,D,B,A,A,Y
Pacific,Gulf of Panama,Contadora,BF18-1-13,280,BF18-1-13-280,22,BF18-1-13-280-22,UNK,.,.,C,D,B,A,A,Y
Pacific,Gulf of Panama,Contadora,BF18-1-13,280,BF18-1-13-280,23,BF18-1-13-280-23,UNK,.,.,C,D,B,A,A,Y
Pacific,Gulf of Panama,Contadora,BF18-1-13,280,BF18-1-13-280,24,BF18-1-13-280-24,DR,N,225,C,B,B,A,A,N
Pacific,Gulf of Panama,Contadora,BF18-1-13,280,BF18-1-13-280,25,BF18-1-13-280-25,DR,N,371,C,B,B,A,A,N
Pacific,Gulf of Panama,Contadora,BF18-1-13,280,BF18-1-13-280,26,BF18-1-13-280-26,DR,.,.,C,D,B,A,A,Y
Pacific,Gulf of Panama,Contadora,BF18-1-13,280,BF18-1-13-280,27,BF18-1-13-280-27,UNK,.,.,C,D,B,B,A,Y
Pacific,Gulf of Panama,Contadora,BF18-1-13,280,BF18-1-13-280,28,BF18-1-13-280-28,DR,N,.,C,D,B,A,A,Y
Pacific,Gulf of Panama,Contadora,BF18-1-13,280,BF18-1-13-280,29,BF18-1-13-280-29,GF,N,253,C,B,B,A,A,N
Pacific,Gulf of Panama,Contadora,BF18-1-13,280,BF18-1-13-280,30,BF18-1-13-280-30,DR,N,.,C,C,B,A,A,N
Pacific,Gulf of Panama,Contadora,BF18-1-13,280,BF18-1-13-280,31,BF18-1-13-280-31,DR,N,.,C,B,B,A,A,N
Pacific,Gulf of Panama,Contadora,BF18-1-13,280,BF18-1-13-280,32,BF18-1-13-280-32,RA,N,464,C,A,A,A,C,N
Pacific,Gulf of Panama,Contadora,BF18-1-13,280,BF18-1-13-280,33,BF18-1-13-280-33,A,Y,383,B,A,B,B,A,N
Pacific,Gulf of Panama,Contadora,BF18-1-13,280,BF18-1-13-280,34,BF18-1-13-280-34,RA,N,319,C,A,A,A,A,N
Pacific,Gulf of Panama,Contadora,BF18-1-13,280,BF18-1-13-280,35,BF18-1-13-280-35,DR,N,349,B,A,B,A,A,N
Pacific,Gulf of Panama,Contadora,BF18-1-11,221,BF18-1-11-221,1,BF18-1-11-221-1,DR,N,287,C,B,B,A,A,N
Pacific,Gulf of Panama,Contadora,BF18-1-11,221,BF18-1-11-221,2,BF18-1-11-221-2,RA,Y,428,C,B,B,A,A,N
Pacific,Gulf of Panama,Contadora,BF18-1-11,221,BF18-1-11-221,3,BF18-1-11-221-3,DR,Y,280,C,B,B,A,A,N
Pacific,Gulf of Panama,Contadora,BF18-1-11,221,BF18-1-11-221,4,BF18-1-11-221-4,DR,Y,259,A,A,A,A,A,N
Pacific,Gulf of Panama,Contadora,BF18-1-11,221,BF18-1-11-221,5,BF18-1-11-221-5,DR,N,.,C,C,B,A,A,N
Pacific,Gulf of Panama,Contadora,BF18-1-11,221,BF18-1-11-221,6,BF18-1-11-221-6,DR,N,385,C,B,B,A,A,N
Pacific,Gulf of Panama,Contadora,BF18-1-11,221,BF18-1-11-221,7,BF18-1-11-221-7,RA,N,471,C,B,B,C,A,N
Pacific,Gulf of Panama,Contadora,BF18-1-11,221,BF18-1-11-221,8,BF18-1-11-221-8,RA,N,468,C,B,B,A,A,N
Pacific,Gulf of Panama,Contadora,BF18-1-11,221,BF18-1-11-221,9,BF18-1-11-221-9,DR,N,.,C,C,B,A,A,N
Pacific,Gulf of Panama,Contadora,BF18-1-11,221,BF18-1-11-221,10,BF18-1-11-221-10,RA,N,530,C,A,B,A,A,N
Pacific,Gulf of Panama,Contadora,BF18-1-11,221,BF18-1-11-221,11,BF18-1-11-221-11,DR,Y,.,C,A,B,A,A,N
Pacific,Gulf of Panama,Contadora,BF18-1-11,221,BF18-1-11-221,12,BF18-1-11-221-12,UNK,Y,306,C,B,A,A,A,N
Pacific,Gulf of Panama,Contadora,BF18-1-11,221,BF18-1-11-221,13,BF18-1-11-221-13,DR,Y,.,C,C,B,A,A,N
Pacific,Gulf of Panama,Contadora,BF18-1-11,221,BF18-1-11-221,14,BF18-1-11-221-14,RA,N,515,C,A,B,A,A,N
Pacific,Gulf of Panama,Contadora,BF18-1-11,221,BF18-1-11-221,15,BF18-1-11-221-15,DR,N,285,B,A,A,A,A,N
Pacific,Gulf of Panama,Contadora,BF18-1-11,221,BF18-1-11-221,16,BF18-1-11-221-16,DR,Y,175,C,B,A,A,A,N
Pacific,Gulf of Panama,Contadora,BF18-1-11,221,BF18-1-11-221,17,BF18-1-11-221-17,DR,.,.,C,D,B,A,A,Y
Pacific,Gulf of Panama,Contadora,BF18-1-11,221,BF18-1-11-221,18,BF18-1-11-221-18,GF,Y,321,B,A,A,A,A,N
Pacific,Gulf of Panama,Contadora,BF18-1-11,221,BF18-1-11-221,19,BF18-1-11-221-19,DR,Y,313,C,B,B,A,A,N
Pacific,Gulf of Panama,Contadora,BF18-1-11,221,BF18-1-11-221,20,BF18-1-11-221-20,GF,N,195,C,A,A,A,A,N
Pacific,Gulf of Panama,Contadora,BF18-1-11,221,BF18-1-11-221,21,BF18-1-11-221-21,RA,N,300,C,A,A,A,A,N
Pacific,Gulf of Panama,Contadora,BF18-1-11,221,BF18-1-11-221,22,BF18-1-11-221-22,DR,N,275,C,B,B,A,A,N
Pacific,Gulf of Panama,Contadora,BF18-1-11,221,BF18-1-11-221,23,BF18-1-11-221-23,DR,N,393,C,A,B,A,A,N
Pacific,Gulf of Panama,Contadora,BF18-1-11,221,BF18-1-11-221,24,BF18-1-11-221-24,GF,N,234,C,A,A,A,A,N
Pacific,Gulf of Panama,Contadora,BF18-1-11,221,BF18-1-11-221,25,BF18-1-11-221-25,GF,Y,221,C,A,B,A,A,N
Pacific,Gulf of Panama,Contadora,BF18-1-11,221,BF18-1-11-221,26,BF18-1-11-221-26,RA,N,282,C,A,B,A,A,N
Pacific,Gulf of Panama,Contadora,BF18-1-11,221,BF18-1-11-221,27,BF18-1-11-221-27,RA,N,396,C,A,B,A,A,N
Pacific,Gulf of Panama,Contadora,BF18-1-11,221,BF18-1-11-221,28,BF18-1-11-221-28,DR,N,283,B,C,B,A,A,N
Pacific,Gulf of Panama,Contadora,BF18-1-11,221,BF18-1-11-221,29,BF18-1-11-221-29,UNK,.,.,C,D,A,A,A,Y
Pacific,Gulf of Panama,Contadora,BF18-1-11,221,BF18-1-11-221,30,BF18-1-11-221-30,DR,Y,283,C,B,B,A,A,N
Pacific,Gulf of Panama,Contadora,BF18-1-11,346,BF18-1-11-346,1,BF18-1-11-346-1,GF,N,201,A,A,A,A,A,N
Pacific,Gulf of Panama,Contadora,BF18-1-11,346,BF18-1-11-346,2,BF18-1-11-346-2,GF,N,281,C,A,A,A,A,N
Pacific,Gulf of Panama,Contadora,BF18-1-11,346,BF18-1-11-346,3,BF18-1-11-346-3,DR,N,422,C,A,B,A,A,N
Pacific,Gulf of Panama,Contadora,BF18-1-11,346,BF18-1-11-346,4,BF18-1-11-346-4,RA,Y,342,C,A,B,A,A,N
Pacific,Gulf of Panama,Contadora,BF18-1-11,346,BF18-1-11-346,5,BF18-1-11-346-5,DR,N,375,C,A,B,A,A,N
Pacific,Gulf of Panama,Contadora,BF18-1-11,346,BF18-1-11-346,6,BF18-1-11-346-6,UNK,.,.,C,D,B,A,A,Y
Pacific,Gulf of Panama,Contadora,BF18-1-11,346,BF18-1-11-346,7,BF18-1-11-346-7,A,Y,355,B,B,A,A,A,N
Pacific,Gulf of Panama,Contadora,BF18-1-11,346,BF18-1-11-346,8,BF18-1-11-346-8,DR,N,236,B,A,A,A,A,N
Pacific,Gulf of Panama,Contadora,BF18-1-11,346,BF18-1-11-346,9,BF18-1-11-346-9,A,N,332,C,B,A,A,A,N
Pacific,Gulf of Panama,Contadora,BF18-1-11,346,BF18-1-11-346,10,BF18-1-11-346-10,DR,N,.,C,C,A,A,A,N
Pacific,Gulf of Panama,Contadora,BF18-1-11,346,BF18-1-11-346,11,BF18-1-11-346-11,DR,N,.,C,C,B,A,A,N
Pacific,Gulf of Panama,Contadora,BF18-1-11,346,BF18-1-11-346,12,BF18-1-11-346-12,DR,N,.,C,B,B,A,A,N
Pacific,Gulf of Panama,Contadora,BF18-1-11,346,BF18-1-11-346,13,BF18-1-11-346-13,DR,N,.,C,C,B,A,A,N
Pacific,Gulf of Panama,Contadora,BF18-1-11,346,BF18-1-11-346,14,BF18-1-11-346-14,RA,Y,334,C,B,A,C,A,N
Pacific,Gulf of Panama,Contadora,BF18-1-11,346,BF18-1-11-346,15,BF18-1-11-346-15,A,Y,418,A,A,B,A,A,N
Pacific,Gulf of Panama,Contadora,BF18-1-11,346,BF18-1-11-346,16,BF18-1-11-346-16,DR,N,364,C,B,B,A,A,N
Pacific,Gulf of Panama,Contadora,BF18-1-11,346,BF18-1-11-346,17,BF18-1-11-346-17,DR,Y,289,B,B,A,A,A,N
Pacific,Gulf of Panama,Contadora,BF18-1-11,346,BF18-1-11-346,18,BF18-1-11-346-18,UNK,Y,395,C,B,B,A,A,N
Pacific,Gulf of Panama,Contadora,BF18-1-11,346,BF18-1-11-346,19,BF18-1-11-346-19,DR,N,294,C,A,B,A,A,N
Pacific,Gulf of Panama,Contadora,BF18-1-11,25,BF18-1-11-25,1,BF18-1-11-25-1,RA,Y,.,C,C,B,A,A,N
Pacific,Gulf of Panama,Contadora,BF18-1-11,25,BF18-1-11-25,2,BF18-1-11-25-2,DR,N,335,C,A,B,A,A,N
Pacific,Gulf of Panama,Contadora,BF18-1-11,25,BF18-1-11-25,3,BF18-1-11-25-3,DR,N,.,C,C,B,A,A,N
Pacific,Gulf of Panama,Contadora,BF18-1-11,25,BF18-1-11-25,4,BF18-1-11-25-4,DR,N,378,C,A,B,A,A,N
Pacific,Gulf of Panama,Contadora,BF18-1-11,25,BF18-1-11-25,5,BF18-1-11-25-5,DR,N,.,C,C,B,A,A,N
Pacific,Gulf of Panama,Contadora,BF18-1-11,25,BF18-1-11-25,6,BF18-1-11-25-6,GF,N,.,C,C,B,A,A,N
Pacific,Gulf of Panama,Contadora,BF18-1-11,25,BF18-1-11-25,7,BF18-1-11-25-7,UNK,.,.,C,D,B,A,A,Y
Pacific,Gulf of Panama,Contadora,BF18-1-11,25,BF18-1-11-25,8,BF18-1-11-25-8,DR,.,.,C,D,B,A,A,Y
Pacific,Gulf of Panama,Contadora,BF18-1-11,25,BF18-1-11-25,9,BF18-1-11-25-9,DR,.,.,C,D,B,A,A,Y
Pacific,Gulf of Panama,Contadora,BF18-1-11,25,BF18-1-11-25,10,BF18-1-11-25-10,A,N,242,C,C,A,A,A,N
Pacific,Gulf of Panama,Contadora,BF18-1-11,25,BF18-1-11-25,11,BF18-1-11-25-11,DR,N,.,C,C,B,A,A,N
Pacific,Gulf of Panama,Contadora,BF18-1-11,25,BF18-1-11-25,12,BF18-1-11-25-12,DR,N,367,C,A,B,A,A,N
Pacific,Gulf of Panama,Contadora,BF18-1-11,25,BF18-1-11-25,13,BF18-1-11-25-13,DR,N,424,C,B,B,A,A,N
Pacific,Gulf of Panama,Contadora,BF18-1-11,25,BF18-1-11-25,14,BF18-1-11-25-14,UNK,N,530,C,B,B,A,A,N
Pacific,Gulf of Panama,Contadora,BF18-1-11,25,BF18-1-11-25,15,BF18-1-11-25-15,DR,N,.,C,C,B,A,A,N
Pacific,Gulf of Panama,Contadora,BF18-1-11,25,BF18-1-11-25,16,BF18-1-11-25-16,DR,N,.,C,C,B,A,A,N
Pacific,Gulf of Panama,Contadora,BF18-1-11,25,BF18-1-11-25,17,BF18-1-11-25-17,GF,N,191,C,A,B,A,A,N
Pacific,Gulf of Panama,Contadora,BF18-1-11,25,BF18-1-11-25,18,BF18-1-11-25-18,DR,N,.,C,C,B,A,A,N
Pacific,Gulf of Panama,Contadora,BF18-1-11,25,BF18-1-11-25,19,BF18-1-11-25-19,DR,N,282,C,A,A,A,A,N
Pacific,Gulf of Panama,Contadora,BF18-1-11,25,BF18-1-11-25,20,BF18-1-11-25-20,A,N,335,C,A,A,A,A,N
Pacific,Gulf of Panama,Contadora,BF18-1-13,15,BF18-1-13-15,1,BF18-1-13-15-1,DR,N,.,C,C,B,A,A,N
Pacific,Gulf of Panama,Contadora,BF18-1-13,15,BF18-1-13-15,2,BF18-1-13-15-2,A,Y,261,C,A,B,A,A,N
Pacific,Gulf of Panama,Contadora,BF18-1-13,15,BF18-1-13-15,3,BF18-1-13-15-3,A,Y,334,C,A,B,A,A,N
Pacific,Gulf of Panama,Contadora,BF18-1-13,15,BF18-1-13-15,4,BF18-1-13-15-4,A,N,.,C,C,B,B,A,N
Pacific,Gulf of Panama,Contadora,BF18-1-13,15,BF18-1-13-15,5,BF18-1-13-15-5,GF,N,253,C,A,A,A,A,N
Pacific,Gulf of Panama,Contadora,BF18-1-13,250,BF18-1-13-250,1,BF18-1-13-250-1,A,N,380,C,C,B,A,A,N
Pacific,Gulf of Panama,Contadora,BF18-1-13,250,BF18-1-13-250,2,BF18-1-13-250-2,DR,N,414,C,B,B,A,A,N
Pacific,Gulf of Panama,Contadora,BF18-1-13,250,BF18-1-13-250,3,BF18-1-13-250-3,DR,N,.,C,C,B,A,A,N
Pacific,Gulf of Panama,Contadora,BF18-1-13,250,BF18-1-13-250,4,BF18-1-13-250-4,DR,N,395,C,A,B,A,A,N
Pacific,Gulf of Panama,Contadora,BF18-1-13,250,BF18-1-13-250,5,BF18-1-13-250-5,RA,N,228,C,A,A,A,A,N
Pacific,Gulf of Panama,Contadora,BF18-1-13,250,BF18-1-13-250,6,BF18-1-13-250-6,DR,N,364,C,B,A,A,A,N
Pacific,Gulf of Panama,Contadora,BF18-1-13,250,BF18-1-13-250,7,BF18-1-13-250-7,UNK,N,.,C,C,B,A,A,N
Pacific,Gulf of Panama,Contadora,BF18-1-13,250,BF18-1-13-250,8,BF18-1-13-250-8,GF,N,.,C,C,B,A,A,N
Pacific,Gulf of Panama,Contadora,BF18-1-13,250,BF18-1-13-250,9,BF18-1-13-250-9,RA,N,238,C,A,B,A,A,N
Pacific,Gulf of Panama,Contadora,BF18-1-13,250,BF18-1-13-250,10,BF18-1-13-250-10,DR,N,.,C,B,B,A,A,N
Pacific,Gulf of Panama,Contadora,BF18-1-13,250,BF18-1-13-250,11,BF18-1-13-250-11,DR,N,.,C,C,B,A,A,N
Pacific,Gulf of Panama,Contadora,BF18-1-13,250,BF18-1-13-250,12,BF18-1-13-250-12,DR,N,221,C,B,B,A,A,N
Pacific,Gulf of Panama,Contadora,BF18-1-13,250,BF18-1-13-250,13,BF18-1-13-250-13,DR,N,398,C,A,B,A,A,N
Pacific,Gulf of Panama,Contadora,BF18-1-13,250,BF18-1-13-250,14,BF18-1-13-250-14,GF,N,255,C,A,A,A,A,N
Pacific,Gulf of Panama,Contadora,BF18-1-13,250,BF18-1-13-250,15,BF18-1-13-250-15,RA,Y,471,C,A,B,A,A,N
Pacific,Gulf of Panama,Contadora,BF18-1-13,250,BF18-1-13-250,16,BF18-1-13-250-16,UNK,.,.,C,D,B,A,A,Y
Pacific,Gulf of Panama,Contadora,BF18-1-11,266,BF18-1-11-266,1,BF18-1-11-266-1,RA,N,658,C,B,A,A,B,N
Pacific,Gulf of Panama,Contadora,BF18-1-11,266,BF18-1-11-266,2,BF18-1-11-266-2,DR,N,319,C,B,B,A,A,N
Pacific,Gulf of Panama,Contadora,BF18-1-11,266,BF18-1-11-266,3,BF18-1-11-266-3,DR,N,321,C,A,B,A,A,N
Pacific,Gulf of Panama,Contadora,BF18-1-11,266,BF18-1-11-266,4,BF18-1-11-266-4,DR,N,446,C,A,B,A,C,N
Pacific,Gulf of Panama,Contadora,BF18-1-11,266,BF18-1-11-266,5,BF18-1-11-266-5,RA,Y,424,C,A,A,B,C,N
Pacific,Gulf of Panama,Contadora,BF18-1-11,266,BF18-1-11-266,6,BF18-1-11-266-6,A,Y,549,C,A,A,A,A,N
Pacific,Gulf of Panama,Contadora,BF18-1-11,266,BF18-1-11-266,7,BF18-1-11-266-7,DR,N,445,B,A,B,A,A,N
Pacific,Gulf of Panama,Contadora,BF18-1-11,266,BF18-1-11-266,8,BF18-1-11-266-8,DR,N,.,C,B,B,A,A,N
Pacific,Gulf of Panama,Contadora,BF18-1-11,266,BF18-1-11-266,9,BF18-1-11-266-9,DR,N,.,C,C,B,A,A,N
Pacific,Gulf of Panama,Contadora,BF18-1-11,266,BF18-1-11-266,10,BF18-1-11-266-10,DR,Y,270,C,B,B,A,C,N
Pacific,Gulf of Panama,Contadora,BF18-1-11,266,BF18-1-11-266,11,BF18-1-11-266-11,DR,N,.,C,C,B,A,A,N
Pacific,Gulf of Panama,Contadora,BF18-1-11,266,BF18-1-11-266,12,BF18-1-11-266-12,RA,N,381,C,B,B,A,A,N
Pacific,Gulf of Panama,Contadora,BF18-1-11,266,BF18-1-11-266,13,BF18-1-11-266-13,DR,N,385,C,A,B,A,A,N
Pacific,Gulf of Panama,Contadora,BF18-1-11,266,BF18-1-11-266,14,BF18-1-11-266-14,DR,N,.,C,C,B,A,A,N
Pacific,Gulf of Panama,Contadora,BF18-1-11,266,BF18-1-11-266,15,BF18-1-11-266-15,DR,N,.,C,C,B,A,A,N
Pacific,Gulf of Panama,Contadora,BF18-1-11,266,BF18-1-11-266,16,BF18-1-11-266-16,DR,N,.,C,C,B,A,A,N
Pacific,Gulf of Panama,Contadora,BF18-1-11,266,BF18-1-11-266,17,BF18-1-11-266-17,UNK,N,286,C,C,B,A,A,N
Pacific,Gulf of Panama,Contadora,BF18-1-11,266,BF18-1-11-266,18,BF18-1-11-266-18,RA,Y,318,C,B,B,A,A,N
Pacific,Gulf of Panama,Contadora,BF18-1-11,266,BF18-1-11-266,19,BF18-1-11-266-19,DR,N,352,C,A,B,A,A,N
Pacific,Gulf of Panama,Contadora,BF18-1-11,266,BF18-1-11-266,20,BF18-1-11-266-20,RA,Y,.,C,C,B,A,A,N
Pacific,Gulf of Panama,Contadora,BF18-1-11,266,BF18-1-11-266,21,BF18-1-11-266-21,UNK,N,.,C,C,B,A,A,N
Pacific,Gulf of Panama,Contadora,BF18-1-11,266,BF18-1-11-266,22,BF18-1-11-266-22,DR,N,.,C,C,B,A,A,N
Pacific,Gulf of Panama,Contadora,BF18-1-11,266,BF18-1-11-266,23,BF18-1-11-266-23,RA,Y,250,C,B,B,A,A,N
Pacific,Gulf of Panama,Contadora,BF18-1-11,266,BF18-1-11-266,24,BF18-1-11-266-24,A,Y,332,B,A,B,A,C,N
Pacific,Gulf of Panama,Contadora,BF18-1-11,266,BF18-1-11-266,25,BF18-1-11-266-25,UNK,N,.,C,C,B,A,A,N
Pacific,Gulf of Panama,Contadora,BF18-1-11,266,BF18-1-11-266,26,BF18-1-11-266-26,DR,N,.,C,C,B,A,A,N
Pacific,Gulf of Panama,Contadora,BF18-1-11,266,BF18-1-11-266,27,BF18-1-11-266-27,A,Y,253,C,B,A,A,A,N
Pacific,Gulf of Panama,Contadora,BF18-1-11,266,BF18-1-11-266,28,BF18-1-11-266-28,A,Y,291,C,A,B,A,A,N
Pacific,Gulf of Panama,Contadora,BF18-1-11,266,BF18-1-11-266,29,BF18-1-11-266-29,RA,.,.,C,D,B,A,A,Y
Pacific,Gulf of Panama,Contadora,BF18-1-11,191,BF18-1-11-191,1,BF18-1-11-191-1,RA,Y,569,C,A,A,A,A,N
Pacific,Gulf of Panama,Contadora,BF18-1-11,191,BF18-1-11-191,2,BF18-1-11-191-2,DR,N,.,C,C,B,A,A,N
Pacific,Gulf of Panama,Contadora,BF18-1-11,191,BF18-1-11-191,3,BF18-1-11-191-3,DR,N,350,C,B,B,A,A,N
Pacific,Gulf of Panama,Contadora,BF18-1-11,191,BF18-1-11-191,4,BF18-1-11-191-4,RA,N,346,C,C,B,A,A,N
Pacific,Gulf of Panama,Contadora,BF18-1-11,191,BF18-1-11-191,5,BF18-1-11-191-5,RA,Y,381,C,B,A,A,A,N
Pacific,Gulf of Panama,Contadora,BF18-1-11,191,BF18-1-11-191,6,BF18-1-11-191-6,DR,N,401,C,B,B,A,A,N
Pacific,Gulf of Panama,Contadora,BF18-1-11,191,BF18-1-11-191,7,BF18-1-11-191-7,DR,N,.,C,C,B,A,A,N
Pacific,Gulf of Panama,Contadora,BF18-1-11,191,BF18-1-11-191,8,BF18-1-11-191-8,DR,Y,419,C,B,B,A,A,N
Pacific,Gulf of Panama,Contadora,BF18-1-11,191,BF18-1-11-191,9,BF18-1-11-191-9,DR,N,.,C,C,B,A,A,N
Pacific,Gulf of Panama,Contadora,BF18-1-11,191,BF18-1-11-191,10,BF18-1-11-191-10,RA,N,699,C,A,A,A,A,N
Pacific,Gulf of Panama,Contadora,BF18-1-11,191,BF18-1-11-191,11,BF18-1-11-191-11,RA,N,1380,C,A,A,A,A,N
Pacific,Gulf of Panama,Contadora,BF18-1-11,191,BF18-1-11-191,12,BF18-1-11-191-12,RA,Y,587,C,B,B,A,A,N
Pacific,Gulf of Panama,Contadora,BF18-1-11,191,BF18-1-11-191,13,BF18-1-11-191-13,RA,N,457,B,A,A,A,A,N
Pacific,Gulf of Panama,Contadora,BF18-1-11,191,BF18-1-11-191,14,BF18-1-11-191-14,DR,N,.,C,C,B,A,A,N
Pacific,Gulf of Panama,Contadora,BF18-1-11,191,BF18-1-11-191,15,BF18-1-11-191-15,DR,N,373,C,B,B,A,A,N
Pacific,Gulf of Panama,Contadora,BF18-1-11,191,BF18-1-11-191,16,BF18-1-11-191-16,RA,N,.,C,C,B,A,A,N
Pacific,Gulf of Panama,Contadora,BF18-1-11,191,BF18-1-11-191,17,BF18-1-11-191-17,DR,N,.,C,C,B,A,A,N
Pacific,Gulf of Panama,Contadora,BF18-1-11,191,BF18-1-11-191,18,BF18-1-11-191-18,UNK,Y,.,C,C,B,A,A,N
Pacific,Gulf of Panama,Contadora,BF18-1-11,191,BF18-1-11-191,19,BF18-1-11-191-19,RA,Y,.,C,C,B,C,A,N
Pacific,Gulf of Panama,Contadora,BF18-1-11,191,BF18-1-11-191,20,BF18-1-11-191-20,RA,Y,382,C,B,B,A,A,N
Pacific,Gulf of Panama,Contadora,BF18-1-11,191,BF18-1-11-191,21,BF18-1-11-191-21,A,Y,.,C,C,B,A,A,N
Pacific,Gulf of Panama,Contadora,BF18-1-11,191,BF18-1-11-191,22,BF18-1-11-191-22,A,Y,.,C,C,B,A,A,N
Pacific,Gulf of Panama,Contadora,BF18-1-11,191,BF18-1-11-191,23,BF18-1-11-191-23,RA,Y,368,C,A,A,B,A,N
Pacific,Gulf of Panama,Contadora,BF18-1-11,191,BF18-1-11-191,24,BF18-1-11-191-24,DR,N,321,C,B,A,A,C,N
Pacific,Gulf of Panama,Contadora,BF18-1-11,191,BF18-1-11-191,25,BF18-1-11-191-25,RA,Y,345,C,B,B,A,A,N
Pacific,Gulf of Panama,Contadora,BF18-1-13,235,BF18-1-13-235,1,BF18-1-13-235-1,DR,N,.,C,C,B,A,A,N
Pacific,Gulf of Panama,Contadora,BF18-1-13,235,BF18-1-13-235,2,BF18-1-13-235-2,DR,N,.,C,C,B,A,A,N
Pacific,Gulf of Panama,Contadora,BF18-1-13,235,BF18-1-13-235,3,BF18-1-13-235-3,RA,N,339,C,B,B,A,A,N
Pacific,Gulf of Panama,Contadora,BF18-1-13,235,BF18-1-13-235,4,BF18-1-13-235-4,RA,Y,394,C,A,B,A,A,N
Pacific,Gulf of Panama,Contadora,BF18-1-13,235,BF18-1-13-235,5,BF18-1-13-235-5,A,Y,410,C,B,B,C,A,N
Pacific,Gulf of Panama,Contadora,BF18-1-13,235,BF18-1-13-235,6,BF18-1-13-235-6,GF,N,338,C,A,A,A,A,N
Pacific,Gulf of Panama,Contadora,BF18-1-13,235,BF18-1-13-235,7,BF18-1-13-235-7,GF,N,303,C,B,A,A,A,N
Pacific,Gulf of Panama,Contadora,BF18-1-13,235,BF18-1-13-235,8,BF18-1-13-235-8,UNK,N,.,C,C,B,A,A,N
Pacific,Gulf of Panama,Contadora,BF18-1-13,235,BF18-1-13-235,9,BF18-1-13-235-9,UNK,N,.,C,C,B,A,A,N
Pacific,Gulf of Panama,Contadora,BF18-1-13,235,BF18-1-13-235,10,BF18-1-13-235-10,RA,Y,410,C,B,A,A,A,N
Pacific,Gulf of Panama,Contadora,BF18-1-13,235,BF18-1-13-235,11,BF18-1-13-235-11,A,Y,317,B,A,A,A,A,N
Pacific,Gulf of Panama,Contadora,BF18-1-13,235,BF18-1-13-235,12,BF18-1-13-235-12,DR,Y,415,B,B,B,A,A,N
Pacific,Gulf of Panama,Contadora,BF18-1-13,235,BF18-1-13-235,13,BF18-1-13-235-13,RA,N,.,C,C,B,A,A,N
Pacific,Gulf of Panama,Contadora,BF18-1-13,235,BF18-1-13-235,14,BF18-1-13-235-14,DR,Y,391,B,B,B,A,A,N
Pacific,Gulf of Panama,Contadora,BF18-1-13,235,BF18-1-13-235,15,BF18-1-13-235-15,A,Y,448,B,A,B,B,A,N
Pacific,Gulf of Panama,Contadora,BF18-1-13,235,BF18-1-13-235,16,BF18-1-13-235-16,UNK,N,.,C,B,B,A,A,N
Pacific,Gulf of Panama,Contadora,BF18-1-13,235,BF18-1-13-235,17,BF18-1-13-235-17,DR,N,507,C,A,B,A,A,N
Pacific,Gulf of Panama,Contadora,BF18-1-13,235,BF18-1-13-235,18,BF18-1-13-235-18,DR,N,535,C,A,B,A,A,N
Pacific,Gulf of Panama,Contadora,BF18-1-13,235,BF18-1-13-235,19,BF18-1-13-235-19,DR,N,381,C,A,B,A,A,N
Pacific,Gulf of Panama,Contadora,BF18-1-13,235,BF18-1-13-235,20,BF18-1-13-235-20,UNK,.,.,C,D,B,A,A,Y
Pacific,Gulf of Panama,Contadora,BF18-1-13,235,BF18-1-13-235,21,BF18-1-13-235-21,DR,.,.,C,D,B,A,A,Y
Pacific,Gulf of Panama,Contadora,BF18-1-13,235,BF18-1-13-235,22,BF18-1-13-235-22,GF,N,294,C,A,B,A,A,N
Pacific,Gulf of Panama,Contadora,BF18-1-13,235,BF18-1-13-235,23,BF18-1-13-235-23,DR,Y,398,C,B,B,C,A,N
Pacific,Gulf of Panama,Contadora,BF18-1-13,235,BF18-1-13-235,24,BF18-1-13-235-24,DR,Y,231,C,A,A,A,A,N
Pacific,Gulf of Panama,Contadora,BF18-1-13,235,BF18-1-13-235,25,BF18-1-13-235-25,GF,Y,256,C,A,A,A,A,N
Pacific,Gulf of Panama,Contadora,BF18-1-13,235,BF18-1-13-235,26,BF18-1-13-235-26,GF,Y,379,B,A,A,A,A,N
Pacific,Gulf of Panama,Contadora,BF18-1-13,235,BF18-1-13-235,27,BF18-1-13-235-27,RA,Y,285,C,A,A,A,A,N
Pacific,Gulf of Panama,Contadora,BF18-1-13,235,BF18-1-13-235,28,BF18-1-13-235-28,UNK,.,.,C,D,B,A,A,Y
Pacific,Gulf of Panama,Contadora,BF18-1-13,235,BF18-1-13-235,29,BF18-1-13-235-29,GF,Y,.,C,B,A,A,A,N
Pacific,Gulf of Panama,Contadora,BF18-1-13,235,BF18-1-13-235,30,BF18-1-13-235-30,DR,N,337,C,B,B,B,A,N
Pacific,Gulf of Panama,Contadora,BF18-1-13,235,BF18-1-13-235,31,BF18-1-13-235-31,GF,N,246,C,B,A,A,A,N
Pacific,Gulf of Panama,Contadora,BF18-1-13,235,BF18-1-13-235,32,BF18-1-13-235-32,UNK,.,.,C,D,B,A,A,Y
Pacific,Gulf of Panama,Contadora,BF18-1-13,235,BF18-1-13-235,33,BF18-1-13-235-33,UNK,N,.,C,C,B,A,A,N
Pacific,Gulf of Panama,Contadora,BF18-1-13,235,BF18-1-13-235,34,BF18-1-13-235-34,RA,N,326,C,B,B,A,A,N
Pacific,Gulf of Panama,Contadora,BF18-1-13,235,BF18-1-13-235,35,BF18-1-13-235-35,DR,N,196,C,A,B,A,A,N
Pacific,Gulf of Panama,Contadora,BF18-1-13,235,BF18-1-13-235,36,BF18-1-13-235-36,UNK,N,228,C,B,B,C,A,N
Pacific,Gulf of Panama,Contadora,BF18-1-13,235,BF18-1-13-235,37,BF18-1-13-235-37,DR,N,327,C,A,A,A,A,N
Pacific,Gulf of Panama,Contadora,BF18-1-13,235,BF18-1-13-235,38,BF18-1-13-235-38,DR,Y,303,B,C,B,B,A,N
Pacific,Gulf of Panama,Contadora,BF18-1-13,235,BF18-1-13-235,39,BF18-1-13-235-39,DR,N,200,C,A,B,A,A,N
Pacific,Gulf of Panama,Contadora,BF18-1-13,235,BF18-1-13-235,40,BF18-1-13-235-40,RA,Y,225,C,B,B,A,A,N
Pacific,Gulf of Panama,Contadora,BF18-1-13,235,BF18-1-13-235,41,BF18-1-13-235-41,GF,Y,269,C,A,B,A,A,N
Pacific,Gulf of Panama,Contadora,BF18-1-13,235,BF18-1-13-235,42,BF18-1-13-235-42,DR,N,314,C,B,A,A,A,N
Pacific,Gulf of Panama,Contadora,BF18-1-13,235,BF18-1-13-235,43,BF18-1-13-235-43,DR,N,.,C,B,B,A,A,N
Pacific,Gulf of Panama,Contadora,BF18-1-13,235,BF18-1-13-235,44,BF18-1-13-235-44,DR,N,.,C,B,B,A,A,N
Pacific,Gulf of Panama,Contadora,BF18-1-13,235,BF18-1-13-235,45,BF18-1-13-235-45,DR,N,299,C,B,B,A,A,N
Pacific,Gulf of Panama,Contadora,BF18-1-13,235,BF18-1-13-235,46,BF18-1-13-235-46,DR,Y,410,C,A,B,A,A,N
Pacific,Gulf of Panama,Contadora,BF18-1-13,180,BF18-1-13-180,1,BF18-1-13-180-1,RA,N,521,C,A,B,A,A,N
Pacific,Gulf of Panama,Contadora,BF18-1-13,180,BF18-1-13-180,2,BF18-1-13-180-2,RA,Y,.,C,C,B,A,A,N
Pacific,Gulf of Panama,Contadora,BF18-1-13,180,BF18-1-13-180,3,BF18-1-13-180-3,A,Y,386,C,A,B,B,A,N
Pacific,Gulf of Panama,Contadora,BF18-1-13,180,BF18-1-13-180,4,BF18-1-13-180-4,UNK,.,.,C,D,B,A,A,Y
Pacific,Gulf of Panama,Contadora,BF18-1-13,180,BF18-1-13-180,5,BF18-1-13-180-5,RA,Y,446,A,A,A,A,A,N
Pacific,Gulf of Panama,Contadora,BF18-1-13,180,BF18-1-13-180,6,BF18-1-13-180-6,DR,Y,376,C,B,B,A,A,N
Pacific,Gulf of Panama,Contadora,BF18-1-13,180,BF18-1-13-180,7,BF18-1-13-180-7,DR,N,319,C,B,B,A,A,N
Pacific,Gulf of Panama,Contadora,BF18-1-13,180,BF18-1-13-180,8,BF18-1-13-180-8,RA,Y,455,C,B,B,A,A,N
Pacific,Gulf of Panama,Contadora,BF18-1-13,180,BF18-1-13-180,9,BF18-1-13-180-9,RA,Y,449,C,B,B,A,A,N
Pacific,Gulf of Panama,Contadora,BF18-1-13,180,BF18-1-13-180,10,BF18-1-13-180-10,DR,.,.,C,D,B,A,A,Y
Pacific,Gulf of Panama,Contadora,BF18-1-13,180,BF18-1-13-180,11,BF18-1-13-180-11,DR,.,.,C,D,B,A,A,Y
Pacific,Gulf of Panama,Contadora,BF18-1-13,180,BF18-1-13-180,12,BF18-1-13-180-12,A,Y,427,C,A,A,A,C,N
Pacific,Gulf of Panama,Contadora,BF18-1-13,180,BF18-1-13-180,13,BF18-1-13-180-13,DR,N,406,C,B,B,A,A,N
Pacific,Gulf of Panama,Contadora,BF18-1-13,180,BF18-1-13-180,14,BF18-1-13-180-14,DR,N,364,C,B,B,A,A,N
Pacific,Gulf of Panama,Contadora,BF18-1-13,180,BF18-1-13-180,15,BF18-1-13-180-15,UNK,.,.,C,D,B,A,A,Y
Pacific,Gulf of Panama,Contadora,BF18-1-13,180,BF18-1-13-180,16,BF18-1-13-180-16,RA,Y,325,C,A,B,A,A,N
Pacific,Gulf of Panama,Contadora,BF18-1-13,180,BF18-1-13-180,17,BF18-1-13-180-17,DR,Y,.,C,C,A,A,A,N
Pacific,Gulf of Panama,Contadora,BF18-1-13,180,BF18-1-13-180,18,BF18-1-13-180-18,DR,Y,.,C,C,B,A,A,N
Pacific,Gulf of Panama,Contadora,BF18-1-13,180,BF18-1-13-180,19,BF18-1-13-180-19,DR,N,.,C,B,B,A,A,N
Pacific,Gulf of Panama,Contadora,BF18-1-13,180,BF18-1-13-180,20,BF18-1-13-180-20,DR,Y,239,C,B,B,A,A,N
Pacific,Gulf of Panama,Contadora,BF18-1-13,180,BF18-1-13-180,21,BF18-1-13-180-21,DR,N,.,C,C,B,A,A,N
Pacific,Gulf of Panama,Contadora,BF18-1-13,180,BF18-1-13-180,22,BF18-1-13-180-22,GF,Y,291,A,A,A,A,A,N
Pacific,Gulf of Panama,Contadora,BF18-1-13,180,BF18-1-13-180,23,BF18-1-13-180-23,UNK,N,.,C,C,B,A,A,N
Pacific,Gulf of Panama,Contadora,BF18-1-13,180,BF18-1-13-180,24,BF18-1-13-180-24,DR,Y,.,C,C,B,A,A,N
Pacific,Gulf of Panama,Contadora,BF18-1-13,180,BF18-1-13-180,25,BF18-1-13-180-25,DR,Y,389,C,B,A,A,A,N
Pacific,Gulf of Panama,Contadora,BF18-1-13,180,BF18-1-13-180,26,BF18-1-13-180-26,DR,N,.,C,B,B,A,A,N
Pacific,Gulf of Panama,Contadora,BF18-1-13,180,BF18-1-13-180,27,BF18-1-13-180-27,UNK,Y,.,B,C,B,C,A,N
Pacific,Gulf of Panama,Contadora,BF18-1-13,180,BF18-1-13-180,28,BF18-1-13-180-28,GF,Y,302,C,A,A,A,A,N
Pacific,Gulf of Panama,Contadora,BF18-1-13,180,BF18-1-13-180,29,BF18-1-13-180-29,DR,N,.,C,C,B,A,A,N
Pacific,Gulf of Panama,Contadora,BF18-1-13,180,BF18-1-13-180,30,BF18-1-13-180-30,GF,N,270,C,B,B,A,A,N
Pacific,Gulf of Panama,Contadora,BF18-1-13,180,BF18-1-13-180,31,BF18-1-13-180-31,DR,N,340,C,A,B,A,A,N
Pacific,Gulf of Panama,Contadora,BF18-1-11,311,BF18-1-11-311,1,BF18-1-11-311-1,RA,N,614,C,A,A,A,A,N
Pacific,Gulf of Panama,Contadora,BF18-1-11,311,BF18-1-11-311,2,BF18-1-11-311-2,DR,N,.,C,C,B,A,A,N
Pacific,Gulf of Panama,Contadora,BF18-1-11,311,BF18-1-11-311,3,BF18-1-11-311-3,DR,N,.,C,C,B,A,A,N
Pacific,Gulf of Panama,Contadora,BF18-1-11,311,BF18-1-11-311,4,BF18-1-11-311-4,GF,Y,291,B,A,A,A,A,N
Pacific,Gulf of Panama,Contadora,BF18-1-11,311,BF18-1-11-311,5,BF18-1-11-311-5,DR,Y,286,C,B,B,B,A,N
Pacific,Gulf of Panama,Contadora,BF18-1-11,311,BF18-1-11-311,6,BF18-1-11-311-6,DR,N,.,C,C,B,A,A,N
Pacific,Gulf of Panama,Contadora,BF18-1-11,311,BF18-1-11-311,7,BF18-1-11-311-7,DR,N,269,C,B,B,A,A,N
Pacific,Gulf of Panama,Contadora,BF18-1-11,311,BF18-1-11-311,8,BF18-1-11-311-8,RA,N,369,C,B,B,A,A,N
Pacific,Gulf of Panama,Contadora,BF18-1-11,311,BF18-1-11-311,9,BF18-1-11-311-9,RA,Y,338,C,B,B,B,A,N
Pacific,Gulf of Panama,Contadora,BF18-1-11,311,BF18-1-11-311,10,BF18-1-11-311-10,UNK,.,.,C,D,B,A,A,Y
Pacific,Gulf of Panama,Contadora,BF18-1-11,311,BF18-1-11-311,11,BF18-1-11-311-11,DR,N,353,C,A,B,A,A,N
Pacific,Gulf of Panama,Contadora,BF18-1-11,311,BF18-1-11-311,12,BF18-1-11-311-12,RA,Y,340,C,B,B,A,A,N
Pacific,Gulf of Panama,Contadora,BF18-1-11,311,BF18-1-11-311,13,BF18-1-11-311-13,RA,N,835,C,A,A,A,A,N
Pacific,Gulf of Panama,Contadora,BF18-1-11,311,BF18-1-11-311,14,BF18-1-11-311-14,A,N,546,C,C,B,A,C,N
Pacific,Gulf of Panama,Contadora,BF18-1-11,311,BF18-1-11-311,15,BF18-1-11-311-15,RA,N,359,C,A,B,A,C,N
Pacific,Gulf of Panama,Contadora,BF18-1-11,311,BF18-1-11-311,16,BF18-1-11-311-16,DR,N,.,C,C,B,A,A,N
Pacific,Gulf of Panama,Contadora,BF18-1-11,311,BF18-1-11-311,17,BF18-1-11-311-17,DR,N,.,C,C,B,A,A,N
Pacific,Gulf of Panama,Contadora,BF18-1-11,311,BF18-1-11-311,18,BF18-1-11-311-18,RA,N,.,C,B,B,A,B,N
Pacific,Gulf of Panama,Contadora,BF18-1-11,311,BF18-1-11-311,19,BF18-1-11-311-19,RA,Y,322,B,B,B,A,A,N
Pacific,Gulf of Panama,Contadora,BF18-1-11,311,BF18-1-11-311,20,BF18-1-11-311-20,DR,N,393,C,A,B,B,A,N
Pacific,Gulf of Panama,Contadora,BF18-1-11,311,BF18-1-11-311,21,BF18-1-11-311-21,DR,N,418,C,A,B,A,A,N
Pacific,Gulf of Panama,Contadora,BF18-1-11,311,BF18-1-11-311,22,BF18-1-11-311-22,A,Y,392,C,A,B,A,A,N
Pacific,Gulf of Panama,Contadora,BF18-1-11,311,BF18-1-11-311,23,BF18-1-11-311-23,DR,N,.,C,C,B,A,A,N
Pacific,Gulf of Panama,Saboga,AT19-1-1,10,AT19-1-1-10,1,AT19-1-1-10-1,RA,N,574,C,A,A,A,A,N
Pacific,Gulf of Panama,Saboga,AT19-1-1,10,AT19-1-1-10,2,AT19-1-1-10-2,DR,N,.,C,C,B,A,A,N
Pacific,Gulf of Panama,Saboga,AT19-1-1,10,AT19-1-1-10,3,AT19-1-1-10-3,DR,N,335,C,B,B,A,A,N
Pacific,Gulf of Panama,Saboga,AT19-1-1,10,AT19-1-1-10,4,AT19-1-1-10-4,GF,Y,232,C,A,B,A,A,N
Pacific,Gulf of Panama,Saboga,AT19-1-1,10,AT19-1-1-10,5,AT19-1-1-10-5,UNK,.,.,C,D,B,A,A,Y
Pacific,Gulf of Panama,Saboga,AT19-1-1,30,AT19-1-1-30,1,AT19-1-1-30-1,DR,N,459,C,A,A,A,A,N
Pacific,Gulf of Panama,Saboga,AT19-1-1,30,AT19-1-1-30,2,AT19-1-1-30-2,RA,Y,339,C,C,B,A,A,N
Pacific,Gulf of Panama,Saboga,AT19-1-1,30,AT19-1-1-30,3,AT19-1-1-30-3,DR,N,.,C,B,A,A,A,N
Pacific,Gulf of Panama,Saboga,AT19-1-1,30,AT19-1-1-30,4,AT19-1-1-30-4,DR,Y,386,C,A,B,A,A,N
Pacific,Gulf of Panama,Saboga,AT19-1-1,30,AT19-1-1-30,5,AT19-1-1-30-5,DR,N,335,C,B,B,A,A,N
Pacific,Gulf of Panama,Saboga,AT19-1-1,30,AT19-1-1-30,6,AT19-1-1-30-6,GF,Y,207,C,A,B,A,A,N
Pacific,Gulf of Panama,Saboga,AT19-1-1,30,AT19-1-1-30,7,AT19-1-1-30-7,GF,N,213,B,A,A,A,A,N
Pacific,Gulf of Panama,Saboga,AT19-1-1,30,AT19-1-1-30,8,AT19-1-1-30-8,A,Y,.,C,C,B,A,A,N
Pacific,Gulf of Panama,Saboga,AT19-1-1,30,AT19-1-1-30,9,AT19-1-1-30-9,UNK,.,.,C,C,B,A,A,N
Pacific,Gulf of Panama,Saboga,AT19-1-1,30,AT19-1-1-30,10,AT19-1-1-30-10,DR,.,.,C,D,B,A,A,Y
Pacific,Gulf of Panama,Saboga,AT19-1-1,45,AT19-1-1-45,1,AT19-1-1-45-1,DR,N,294,C,A,B,A,A,N
Pacific,Gulf of Panama,Saboga,AT19-1-1,45,AT19-1-1-45,2,AT19-1-1-45-2,DR,N,.,C,C,B,A,A,N
Pacific,Gulf of Panama,Saboga,AT19-1-1,45,AT19-1-1-45,3,AT19-1-1-45-3,RA,Y,287,C,A,A,A,A,N
Pacific,Gulf of Panama,Saboga,AT19-1-1,45,AT19-1-1-45,4,AT19-1-1-45-4,DR,N,430,C,B,B,A,A,N
Pacific,Gulf of Panama,Saboga,AT19-1-1,45,AT19-1-1-45,5,AT19-1-1-45-5,DR,Y,350,C,A,B,A,A,N
Pacific,Gulf of Panama,Saboga,AT19-1-1,45,AT19-1-1-45,6,AT19-1-1-45-6,RA,N,.,C,C,B,A,A,N
Pacific,Gulf of Panama,Saboga,AT19-1-1,45,AT19-1-1-45,7,AT19-1-1-45-7,UNK,.,.,C,C,B,A,A,N
Pacific,Gulf of Panama,Saboga,AT19-1-1,45,AT19-1-1-45,8,AT19-1-1-45-8,DR,N,.,C,C,B,A,A,N
Pacific,Gulf of Panama,Saboga,AT19-1-1,45,AT19-1-1-45,9,AT19-1-1-45-9,DR,.,.,C,D,B,A,A,Y
Pacific,Gulf of Panama,Saboga,AT19-1-1,45,AT19-1-1-45,10,AT19-1-1-45-10,GF,Y,180,C,A,B,A,A,N
Pacific,Gulf of Panama,Saboga,AT19-1-1,45,AT19-1-1-45,11,AT19-1-1-45-11,GF,Y,.,C,C,B,B,A,N
Pacific,Gulf of Panama,Saboga,AT19-1-1,60,AT19-1-1-60,1,AT19-1-1-60-1,DR,Y,407,B,A,A,A,A,N
Pacific,Gulf of Panama,Saboga,AT19-1-1,60,AT19-1-1-60,2,AT19-1-1-60-2,DR,Y,.,C,B,B,A,A,N
Pacific,Gulf of Panama,Saboga,AT19-1-1,60,AT19-1-1-60,3,AT19-1-1-60-3,A,N,.,C,C,B,A,A,N
Pacific,Gulf of Panama,Saboga,AT19-1-1,60,AT19-1-1-60,4,AT19-1-1-60-4,RA,Y,296,A,A,B,A,A,N
Pacific,Gulf of Panama,Saboga,AT19-1-1,60,AT19-1-1-60,5,AT19-1-1-60-5,GF,N,.,C,C,A,A,A,N
Pacific,Gulf of Panama,Saboga,AT19-1-1,60,AT19-1-1-60,6,AT19-1-1-60-6,DR,Y,192,C,B,A,A,A,N
Pacific,Gulf of Panama,Saboga,AT19-1-1,60,AT19-1-1-60,7,AT19-1-1-60-7,DR,Y,313,C,B,A,A,A,N
Pacific,Gulf of Panama,Saboga,AT19-1-1,60,AT19-1-1-60,8,AT19-1-1-60-8,GF,Y,204,C,A,A,A,A,N
Pacific,Gulf of Panama,Saboga,AT19-1-1,60,AT19-1-1-60,9,AT19-1-1-60-9,DR,N,325,C,A,A,A,A,N
Pacific,Gulf of Panama,Saboga,AT19-1-1,60,AT19-1-1-60,10,AT19-1-1-60-10,UNK,.,.,C,D,B,A,A,Y
Pacific,Gulf of Panama,Saboga,AT19-1-1,60,AT19-1-1-60,11,AT19-1-1-60-11,A,N,322,C,A,A,A,A,N
Pacific,Gulf of Panama,Saboga,AT19-1-1,60,AT19-1-1-60,12,AT19-1-1-60-12,UNK,Y,327,C,B,B,A,A,N
Pacific,Gulf of Panama,Saboga,AT19-1-1,60,AT19-1-1-60,13,AT19-1-1-60-13,GF,Y,275,C,B,B,A,A,N
Pacific,Gulf of Panama,Saboga,AT19-1-1,60,AT19-1-1-60,14,AT19-1-1-60-14,DR,Y,326,C,A,B,A,A,N
Pacific,Gulf of Panama,Saboga,AT19-1-1,220,AT19-1-1-220,1,AT19-1-1-220-1,A,N,364,C,A,A,B,B,N
Pacific,Gulf of Panama,Saboga,AT19-1-1,220,AT19-1-1-220,2,AT19-1-1-220-2,DR,N,.,C,C,B,A,A,N
Pacific,Gulf of Panama,Saboga,AT19-1-1,255,AT19-1-1-255,1,AT19-1-1-255-1,DR,N,.,C,C,B,A,A,N
Pacific,Gulf of Panama,Saboga,AT19-1-1,255,AT19-1-1-255,2,AT19-1-1-255-2,DR,Y,263,C,B,B,A,A,N
Pacific,Gulf of Panama,Saboga,AT19-1-1,255,AT19-1-1-255,3,AT19-1-1-255-3,RA,N,400,C,A,A,A,A,N
Pacific,Gulf of Panama,Saboga,AT19-1-1,255,AT19-1-1-255,4,AT19-1-1-255-4,RA,N,403,C,A,B,A,A,N
Pacific,Gulf of Panama,Saboga,AT19-1-1,255,AT19-1-1-255,5,AT19-1-1-255-5,A,Y,.,C,C,B,A,A,N
Pacific,Gulf of Panama,Saboga,AT19-1-1,255,AT19-1-1-255,6,AT19-1-1-255-6,DR,.,.,C,D,B,A,A,Y
Pacific,Gulf of Panama,Saboga,AT19-1-1,255,AT19-1-1-255,7,AT19-1-1-255-7,UNK,.,.,C,D,B,A,A,Y
Pacific,Gulf of Panama,Saboga,AT19-1-1,255,AT19-1-1-255,8,AT19-1-1-255-8,DR,.,.,C,D,B,A,A,Y
Pacific,Gulf of Panama,Saboga,AT19-1-1,255,AT19-1-1-255,9,AT19-1-1-255-9,DR,N,.,C,C,B,A,A,N
Pacific,Gulf of Panama,Saboga,AT19-1-1,255,AT19-1-1-255,10,AT19-1-1-255-10,GF,N,245,C,B,A,A,A,N
Pacific,Gulf of Panama,Saboga,AT19-1-1,300,AT19-1-1-300,1,AT19-1-1-300-1,DR,Y,415,A,A,B,A,A,N
Pacific,Gulf of Panama,Saboga,AT19-1-1,300,AT19-1-1-300,2,AT19-1-1-300-2,RA,Y,313,A,A,A,A,A,N
Pacific,Gulf of Panama,Saboga,AT19-1-1,300,AT19-1-1-300,3,AT19-1-1-300-3,GF,Y,239,C,A,A,A,A,N
Pacific,Gulf of Panama,Saboga,AT19-1-1,300,AT19-1-1-300,4,AT19-1-1-300-4,RA,Y,.,C,C,B,A,A,N
Pacific,Gulf of Panama,Saboga,AT19-1-1,300,AT19-1-1-300,5,AT19-1-1-300-5,DR,N,314,B,A,A,A,A,N
Pacific,Gulf of Panama,Saboga,AT19-1-1,300,AT19-1-1-300,6,AT19-1-1-300-6,UNK,N,.,C,C,B,B,A,N
Pacific,Gulf of Panama,Saboga,AT19-1-1,300,AT19-1-1-300,7,AT19-1-1-300-7,UNK,.,.,C,D,B,A,A,Y
Pacific,Gulf of Panama,Saboga,AT19-1-1,310,AT19-1-1-310,1,AT19-1-1-310-1,A,N,360,C,B,A,A,A,N
Pacific,Gulf of Panama,Saboga,AT19-1-1,310,AT19-1-1-310,2,AT19-1-1-310-2,RA,Y,345,C,B,B,A,A,N
Pacific,Gulf of Panama,Saboga,AT19-1-1,330,AT19-1-1-330,1,AT19-1-1-330-1,UNK,Y,543,B,A,B,B,A,N
Pacific,Gulf of Panama,Saboga,AT19-1-1,330,AT19-1-1-330,2,AT19-1-1-330-2,RA,Y,449,C,A,B,B,A,N
Pacific,Gulf of Panama,Saboga,AT19-1-1,330,AT19-1-1-330,3,AT19-1-1-330-3,UNK,.,.,C,C,B,A,A,N
Pacific,Gulf of Panama,Saboga,AT19-1-1,330,AT19-1-1-330,4,AT19-1-1-330-4,UNK,.,.,C,D,B,A,A,Y
Pacific,Gulf of Panama,Saboga,AT19-1-1,345,AT19-1-1-345,1,AT19-1-1-345-1,RA,Y,.,C,B,B,A,A,N
Pacific,Gulf of Panama,Saboga,AT19-1-1,345,AT19-1-1-345,2,AT19-1-1-345-2,DR,N,360,C,B,B,A,A,N
Pacific,Gulf of Panama,Saboga,AT19-1-1,345,AT19-1-1-345,3,AT19-1-1-345-3,UNK,N,.,C,C,B,A,A,N
Pacific,Gulf of Panama,Saboga,AT19-1-1,345,AT19-1-1-345,4,AT19-1-1-345-4,UNK,Y,.,C,C,B,A,A,N
Pacific,Gulf of Panama,Saboga,AT19-1-1,345,AT19-1-1-345,5,AT19-1-1-345-5,UNK,.,.,C,D,B,A,A,Y
Pacific,Gulf of Panama,Saboga,AT19-1-1,345,AT19-1-1-345,6,AT19-1-1-345-6,DR,.,.,C,D,B,A,A,Y
Pacific,Gulf of Panama,Saboga,AT19-1-1,345,AT19-1-1-345,7,AT19-1-1-345-7,UNK,.,.,C,D,B,A,A,Y
Pacific,Gulf of Panama,Saboga,AT19-1-1,345,AT19-1-1-345,8,AT19-1-1-345-8,DR,N,286,C,B,B,A,A,N
Pacific,Gulf of Panama,Saboga,AT19-1-1,345,AT19-1-1-345,9,AT19-1-1-345-9,DR,N,.,C,B,B,A,A,N
Pacific,Gulf of Panama,Saboga,AT19-1-1,345,AT19-1-1-345,10,AT19-1-1-345-10,RA,Y,.,C,C,B,A,A,N
Pacific,Gulf of Panama,Saboga,AT19-1-1,345,AT19-1-1-345,11,AT19-1-1-345-11,A,Y,316,C,A,B,A,A,N
Pacific,Gulf of Panama,Saboga,AT19-1-1,345,AT19-1-1-345,12,AT19-1-1-345-12,RA,Y,263,C,B,B,B,A,N
Pacific,Gulf of Panama,Saboga,AT19-1-2,40,AT19-1-2-40,1,AT19-1-2-40-1,DR,N,285,C,A,B,A,A,N
Pacific,Gulf of Panama,Saboga,AT19-1-2,40,AT19-1-2-40,2,AT19-1-2-40-2,RA,N,.,C,C,B,A,A,N
Pacific,Gulf of Panama,Saboga,AT19-1-2,40,AT19-1-2-40,3,AT19-1-2-40-3,DR,N,286,C,A,B,A,A,N
Pacific,Gulf of Panama,Saboga,AT19-1-2,40,AT19-1-2-40,4,AT19-1-2-40-4,DR,N,268,C,A,B,A,A,N
Pacific,Gulf of Panama,Saboga,AT19-1-2,40,AT19-1-2-40,5,AT19-1-2-40-5,DR,N,293,C,C,B,A,A,N
Pacific,Gulf of Panama,Saboga,AT19-1-2,40,AT19-1-2-40,6,AT19-1-2-40-6,DR,N,.,C,C,B,A,A,N
Pacific,Gulf of Panama,Saboga,AT19-1-2,55,AT19-1-2-55,1,AT19-1-2-55-1,DR,N,314,C,B,B,A,A,N
Pacific,Gulf of Panama,Saboga,AT19-1-2,55,AT19-1-2-55,2,AT19-1-2-55-2,DR,N,246,C,A,B,A,A,N
Pacific,Gulf of Panama,Saboga,AT19-1-2,55,AT19-1-2-55,3,AT19-1-2-55-3,DR,N,286,C,B,B,A,A,N
Pacific,Gulf of Panama,Saboga,AT19-1-2,55,AT19-1-2-55,4,AT19-1-2-55-4,GF,N,234,C,A,A,A,A,N
Pacific,Gulf of Panama,Saboga,AT19-1-2,55,AT19-1-2-55,5,AT19-1-2-55-5,RA,Y,302,C,A,A,A,A,N
Pacific,Gulf of Panama,Saboga,AT19-1-2,55,AT19-1-2-55,6,AT19-1-2-55-6,DR,N,.,C,C,B,A,A,N
Pacific,Gulf of Panama,Saboga,AT19-1-2,55,AT19-1-2-55,7,AT19-1-2-55-7,DR,N,484,C,B,B,A,A,N
Pacific,Gulf of Panama,Saboga,AT19-1-2,55,AT19-1-2-55,8,AT19-1-2-55-8,RA,Y,340,C,B,A,A,A,N
Pacific,Gulf of Panama,Saboga,AT19-1-2,55,AT19-1-2-55,9,AT19-1-2-55-9,GF,N,208,C,A,B,A,A,N
Pacific,Gulf of Panama,Saboga,AT19-1-2,55,AT19-1-2-55,10,AT19-1-2-55-10,GF,N,259,C,A,B,A,A,N
Pacific,Gulf of Panama,Saboga,AT19-1-2,55,AT19-1-2-55,11,AT19-1-2-55-11,GF,N,.,C,A,B,A,A,N
Pacific,Gulf of Panama,Saboga,AT19-1-2,55,AT19-1-2-55,12,AT19-1-2-55-12,GF,N,.,C,A,B,A,A,N
Pacific,Gulf of Panama,Saboga,AT19-1-2,55,AT19-1-2-55,13,AT19-1-2-55-13,DR,N,186,C,B,A,A,A,N
Pacific,Gulf of Panama,Saboga,AT19-1-2,55,AT19-1-2-55,14,AT19-1-2-55-14,RA,N,677,C,A,A,B,A,N
Pacific,Gulf of Panama,Saboga,AT19-1-2,55,AT19-1-2-55,15,AT19-1-2-55-15,DR,N,550,C,A,B,A,A,N
Pacific,Gulf of Panama,Saboga,AT19-1-2,55,AT19-1-2-55,16,AT19-1-2-55-16,DR,Y,541,C,A,B,A,A,N
Pacific,Gulf of Panama,Saboga,AT19-1-2,75,AT19-1-2-75,1,AT19-1-2-75-1,DR,N,.,C,C,B,A,A,N
Pacific,Gulf of Panama,Saboga,AT19-1-2,75,AT19-1-2-75,2,AT19-1-2-75-2,DR,Y,250,C,B,B,A,A,N
Pacific,Gulf of Panama,Saboga,AT19-1-2,75,AT19-1-2-75,3,AT19-1-2-75-3,RA,N,.,C,C,B,A,A,N
Pacific,Gulf of Panama,Saboga,AT19-1-2,75,AT19-1-2-75,4,AT19-1-2-75-4,RA,N,.,C,B,B,A,A,N
Pacific,Gulf of Panama,Saboga,AT19-1-2,75,AT19-1-2-75,5,AT19-1-2-75-5,DR,N,328,C,B,B,A,A,N
Pacific,Gulf of Panama,Saboga,AT19-1-2,75,AT19-1-2-75,6,AT19-1-2-75-6,DR,N,300,C,B,B,A,A,N
Pacific,Gulf of Panama,Saboga,AT19-1-2,75,AT19-1-2-75,7,AT19-1-2-75-7,DR,N,.,C,C,B,A,A,N
Pacific,Gulf of Panama,Saboga,AT19-1-2,75,AT19-1-2-75,8,AT19-1-2-75-8,DR,N,295,C,A,A,A,A,N
Pacific,Gulf of Panama,Saboga,AT19-1-2,75,AT19-1-2-75,9,AT19-1-2-75-9,DR,N,.,C,B,B,A,A,N
Pacific,Gulf of Panama,Saboga,AT19-1-2,75,AT19-1-2-75,10,AT19-1-2-75-10,A,Y,425,A,A,B,A,A,N
Pacific,Gulf of Panama,Saboga,AT19-1-2,75,AT19-1-2-75,11,AT19-1-2-75-11,A,Y,268,C,A,B,A,A,N
Pacific,Gulf of Panama,Saboga,AT19-1-2,75,AT19-1-2-75,12,AT19-1-2-75-12,DR,N,315,C,A,B,A,A,N
Pacific,Gulf of Panama,Saboga,AT19-1-2,280,AT19-1-2-280,1,AT19-1-2-280-1,DEFENSE,N,303,C,A,A,A,A,N
Pacific,Gulf of Panama,Saboga,AT19-1-2,280,AT19-1-2-280,2,AT19-1-2-280-2,DR,Y,.,B,C,B,A,A,N
Pacific,Gulf of Panama,Saboga,AT19-1-2,280,AT19-1-2-280,3,AT19-1-2-280-3,DR,N,.,C,C,B,A,A,N
Pacific,Gulf of Panama,Saboga,AT19-1-2,280,AT19-1-2-280,4,AT19-1-2-280-4,DR,N,.,C,B,B,A,A,N
Pacific,Gulf of Panama,Saboga,AT19-1-2,280,AT19-1-2-280,5,AT19-1-2-280-5,UNK,N,.,C,C,A,A,C,N
Pacific,Gulf of Panama,Saboga,AT19-1-2,330,AT19-1-2-330,1,AT19-1-2-330-1,RA,N,632,C,B,A,A,A,N
Pacific,Gulf of Panama,Saboga,AT19-1-2,330,AT19-1-2-330,2,AT19-1-2-330-2,RA,N,.,C,C,A,A,A,N
Pacific,Gulf of Panama,Saboga,AT19-1-2,330,AT19-1-2-330,3,AT19-1-2-330-3,RA,N,321,C,B,B,A,A,N
Pacific,Gulf of Panama,Saboga,AT19-1-2,330,AT19-1-2-330,4,AT19-1-2-330-4,RA,Y,346,C,A,B,A,A,N
Pacific,Gulf of Panama,Saboga,AT19-1-2,330,AT19-1-2-330,5,AT19-1-2-330-5,DR,N,.,C,C,B,A,C,N
Pacific,Gulf of Panama,Saboga,AT19-1-2,330,AT19-1-2-330,6,AT19-1-2-330-6,UNK,.,.,C,D,B,A,A,Y
Pacific,Gulf of Panama,Saboga,AT19-1-2,330,AT19-1-2-330,7,AT19-1-2-330-7,DR,N,246,C,A,B,A,A,N
Pacific,Gulf of Panama,Saboga,AT19-1-2,330,AT19-1-2-330,8,AT19-1-2-330-8,A,N,230,B,A,A,A,A,N
Pacific,Gulf of Panama,Saboga,AT19-1-2,330,AT19-1-2-330,9,AT19-1-2-330-9,GF,Y,240,B,A,A,A,A,N
Pacific,Gulf of Panama,Saboga,AT19-1-2,340,AT19-1-2-340,1,AT19-1-2-340-1,A,N,321,C,A,A,A,B,N
Pacific,Gulf of Panama,Saboga,AT19-1-2,340,AT19-1-2-340,2,AT19-1-2-340-2,RA,N,462,C,A,A,A,B,N
Pacific,Gulf of Panama,Saboga,AT19-1-2,340,AT19-1-2-340,3,AT19-1-2-340-3,RA,Y,581,B,A,A,A,A,N
Pacific,Gulf of Panama,Saboga,AT19-1-2,340,AT19-1-2-340,4,AT19-1-2-340-4,A,N,257,C,B,A,A,B,N
Pacific,Gulf of Panama,Saboga,AT19-1-2,340,AT19-1-2-340,5,AT19-1-2-340-5,RA,Y,267,C,A,B,A,A,N
Pacific,Gulf of Panama,Saboga,AT19-1-2,340,AT19-1-2-340,6,AT19-1-2-340-6,DR,N,393,C,A,A,A,A,N
Pacific,Gulf of Panama,Saboga,AT19-1-3,15,AT19-1-3-15,1,AT19-1-3-15-1,DR,Y,405,C,B,B,A,A,N
Pacific,Gulf of Panama,Saboga,AT19-1-3,15,AT19-1-3-15,2,AT19-1-3-15-2,DR,N,.,C,B,B,A,A,N
Pacific,Gulf of Panama,Saboga,AT19-1-3,15,AT19-1-3-15,3,AT19-1-3-15-3,DR,N,343,B,A,B,A,A,N
Pacific,Gulf of Panama,Saboga,AT19-1-3,15,AT19-1-3-15,4,AT19-1-3-15-4,UNK,N,.,C,C,B,A,A,N
Pacific,Gulf of Panama,Saboga,AT19-1-3,25,AT19-1-3-25,1,AT19-1-3-25-1,DR,N,316,C,B,B,A,A,N
Pacific,Gulf of Panama,Saboga,AT19-1-3,25,AT19-1-3-25,2,AT19-1-3-25-2,DR,N,.,C,C,B,A,A,N
Pacific,Gulf of Panama,Saboga,AT19-1-3,25,AT19-1-3-25,3,AT19-1-3-25-3,DR,N,396,C,B,B,A,A,N
Pacific,Gulf of Panama,Saboga,AT19-1-3,25,AT19-1-3-25,4,AT19-1-3-25-4,UNK,.,.,C,D,B,A,A,Y
Pacific,Gulf of Panama,Saboga,AT19-1-3,25,AT19-1-3-25,5,AT19-1-3-25-5,DR,N,296,C,A,B,A,A,N
Pacific,Gulf of Panama,Saboga,AT19-1-3,25,AT19-1-3-25,6,AT19-1-3-25-6,DR,Y,253,C,A,B,A,A,N
Pacific,Gulf of Panama,Saboga,AT19-1-3,25,AT19-1-3-25,7,AT19-1-3-25-7,RA,Y,414,C,A,B,A,A,N
Pacific,Gulf of Panama,Saboga,AT19-1-3,25,AT19-1-3-25,8,AT19-1-3-25-8,DR,N,375,A,B,A,B,A,N
Pacific,Gulf of Panama,Saboga,AT19-1-3,25,AT19-1-3-25,9,AT19-1-3-25-9,GF,N,149,C,A,A,A,A,N
Pacific,Gulf of Panama,Saboga,AT19-1-3,40,AT19-1-3-40,1,AT19-1-3-40-1,RA,Y,374,B,A,B,A,A,N
Pacific,Gulf of Panama,Saboga,AT19-1-3,40,AT19-1-3-40,2,AT19-1-3-40-2,RA,Y,.,C,C,A,A,A,N
Pacific,Gulf of Panama,Saboga,AT19-1-3,40,AT19-1-3-40,3,AT19-1-3-40-3,DR,N,305,C,C,B,A,A,N
Pacific,Gulf of Panama,Saboga,AT19-1-3,40,AT19-1-3-40,4,AT19-1-3-40-4,DR,N,.,C,C,B,A,A,N
Pacific,Gulf of Panama,Saboga,AT19-1-3,40,AT19-1-3-40,5,AT19-1-3-40-5,RA,Y,295,C,A,A,A,A,N
Pacific,Gulf of Panama,Saboga,AT19-1-3,40,AT19-1-3-40,6,AT19-1-3-40-6,RA,N,368,C,B,B,A,A,N
Pacific,Gulf of Panama,Saboga,AT19-1-3,40,AT19-1-3-40,7,AT19-1-3-40-7,DR,N,323,C,B,B,A,A,N
Pacific,Gulf of Panama,Saboga,AT19-1-3,40,AT19-1-3-40,8,AT19-1-3-40-8,DR,N,292,C,B,B,A,A,N
Pacific,Gulf of Panama,Saboga,AT19-1-3,40,AT19-1-3-40,9,AT19-1-3-40-9,DR,Y,346,C,A,B,A,A,N
Pacific,Gulf of Panama,Saboga,AT19-1-3,40,AT19-1-3-40,10,AT19-1-3-40-10,UNK,N,.,C,C,B,A,A,N
Pacific,Gulf of Panama,Saboga,AT19-1-3,40,AT19-1-3-40,11,AT19-1-3-40-11,RA,Y,410,C,B,A,A,A,N
Pacific,Gulf of Panama,Saboga,AT19-1-3,40,AT19-1-3-40,12,AT19-1-3-40-12,RA,Y,346,C,A,B,A,A,N
Pacific,Gulf of Panama,Saboga,AT19-1-3,40,AT19-1-3-40,13,AT19-1-3-40-13,DR,N,.,C,C,B,A,A,N
Pacific,Gulf of Panama,Saboga,AT19-1-3,40,AT19-1-3-40,14,AT19-1-3-40-14,RA,Y,.,C,C,B,A,A,N
Pacific,Gulf of Panama,Saboga,AT19-1-3,40,AT19-1-3-40,15,AT19-1-3-40-15,RA,Y,417,B,B,B,A,A,N
Pacific,Gulf of Panama,Saboga,AT19-1-3,45,AT19-1-3-45,1,AT19-1-3-45-1,DR,N,.,C,C,B,A,A,N
Pacific,Gulf of Panama,Saboga,AT19-1-3,45,AT19-1-3-45,2,AT19-1-3-45-2,DR,Y,246,B,A,B,A,A,N
Pacific,Gulf of Panama,Saboga,AT19-1-3,45,AT19-1-3-45,3,AT19-1-3-45-3,DR,Y,299,C,B,B,A,A,N
Pacific,Gulf of Panama,Saboga,AT19-1-3,45,AT19-1-3-45,4,AT19-1-3-45-4,RA,N,.,C,C,B,A,A,N
Pacific,Gulf of Panama,Saboga,AT19-1-3,45,AT19-1-3-45,5,AT19-1-3-45-5,DR,N,240,C,B,B,A,A,N
Pacific,Gulf of Panama,Saboga,AT19-1-3,45,AT19-1-3-45,6,AT19-1-3-45-6,DR,N,.,C,C,B,B,A,N
Pacific,Gulf of Panama,Saboga,AT19-1-3,45,AT19-1-3-45,7,AT19-1-3-45-7,GF,N,214,C,A,B,A,A,N
Pacific,Gulf of Panama,Saboga,AT19-1-3,45,AT19-1-3-45,8,AT19-1-3-45-8,UNK,.,.,C,D,B,A,A,Y
Pacific,Gulf of Panama,Saboga,AT19-1-3,45,AT19-1-3-45,9,AT19-1-3-45-9,RA,Y,391,C,B,B,A,A,N
Pacific,Gulf of Panama,Saboga,AT19-1-3,45,AT19-1-3-45,10,AT19-1-3-45-10,DR,Y,465,B,B,B,A,A,N
Pacific,Gulf of Panama,Saboga,AT19-1-3,45,AT19-1-3-45,11,AT19-1-3-45-11,DR,Y,253,B,A,A,A,A,N
Pacific,Gulf of Panama,Saboga,AT19-1-3,45,AT19-1-3-45,12,AT19-1-3-45-12,RA,Y,424,C,A,B,A,A,N
Pacific,Gulf of Panama,Saboga,AT19-1-3,45,AT19-1-3-45,13,AT19-1-3-45-13,UNK,.,.,C,B,B,A,A,N
Pacific,Gulf of Panama,Saboga,AT19-1-3,55,AT19-1-3-55,1,AT19-1-3-55-1,DR,N,378,C,A,B,A,A,N
Pacific,Gulf of Panama,Saboga,AT19-1-3,55,AT19-1-3-55,2,AT19-1-3-55-2,UNK,.,.,C,D,B,A,B,Y
Pacific,Gulf of Panama,Saboga,AT19-1-3,55,AT19-1-3-55,3,AT19-1-3-55-3,UNK,.,.,C,D,B,A,C,Y
Pacific,Gulf of Panama,Saboga,AT19-1-3,55,AT19-1-3-55,4,AT19-1-3-55-4,DR,.,.,C,D,B,A,A,Y
Pacific,Gulf of Panama,Saboga,AT19-1-3,55,AT19-1-3-55,5,AT19-1-3-55-5,RA,Y,.,C,C,B,A,A,N
Pacific,Gulf of Panama,Saboga,AT19-1-3,55,AT19-1-3-55,6,AT19-1-3-55-6,A,Y,421,B,A,B,B,A,N
Pacific,Gulf of Panama,Saboga,AT19-1-3,55,AT19-1-3-55,7,AT19-1-3-55-7,RA,Y,374,B,A,B,C,A,N
Pacific,Gulf of Panama,Saboga,AT19-1-3,55,AT19-1-3-55,8,AT19-1-3-55-8,DR,N,274,C,B,B,A,A,N
Pacific,Gulf of Panama,Saboga,AT19-1-3,55,AT19-1-3-55,9,AT19-1-3-55-9,UNK,Y,.,C,C,B,A,A,N
Pacific,Gulf of Panama,Saboga,AT19-1-3,55,AT19-1-3-55,10,AT19-1-3-55-10,DR,N,203,C,B,B,A,A,N
Pacific,Gulf of Panama,Saboga,AT19-1-3,55,AT19-1-3-55,11,AT19-1-3-55-11,DR,N,293,C,A,B,A,C,N
Pacific,Gulf of Panama,Saboga,AT19-1-3,55,AT19-1-3-55,12,AT19-1-3-55-12,DR,N,268,C,B,A,A,A,N
Pacific,Gulf of Panama,Saboga,AT19-1-3,55,AT19-1-3-55,13,AT19-1-3-55-13,UNK,.,.,C,C,B,A,A,N
Pacific,Gulf of Panama,Saboga,AT19-1-3,55,AT19-1-3-55,14,AT19-1-3-55-14,UNK,.,.,C,C,B,A,A,N
Pacific,Gulf of Panama,Saboga,AT19-1-3,55,AT19-1-3-55,15,AT19-1-3-55-15,GF,N,245,C,A,B,A,A,N
Pacific,Gulf of Panama,Saboga,AT19-1-3,55,AT19-1-3-55,16,AT19-1-3-55-16,GF,Y,247,C,A,A,A,A,N
Pacific,Gulf of Panama,Saboga,AT19-1-3,55,AT19-1-3-55,17,AT19-1-3-55-17,DR,N,421,C,A,B,A,A,N
Pacific,Gulf of Panama,Saboga,AT19-1-3,55,AT19-1-3-55,18,AT19-1-3-55-18,DR,Y,318,C,B,B,B,A,N
Pacific,Gulf of Panama,Saboga,AT19-1-3,60,AT19-1-3-60,1,AT19-1-3-60-1,RA,N,709,B,B,B,B,C,N
Pacific,Gulf of Panama,Saboga,AT19-1-3,60,AT19-1-3-60,2,AT19-1-3-60-2,DR,Y,453,C,B,B,A,A,N
Pacific,Gulf of Panama,Saboga,AT19-1-3,60,AT19-1-3-60,3,AT19-1-3-60-3,DR,Y,427,C,B,B,A,A,N
Pacific,Gulf of Panama,Saboga,AT19-1-3,60,AT19-1-3-60,4,AT19-1-3-60-4,RA,N,.,C,C,B,A,C,N
Pacific,Gulf of Panama,Saboga,AT19-1-3,60,AT19-1-3-60,5,AT19-1-3-60-5,DR,Y,401,C,A,A,A,A,N
Pacific,Gulf of Panama,Saboga,AT19-1-3,60,AT19-1-3-60,6,AT19-1-3-60-6,RA,Y,255,C,A,B,A,A,N
Pacific,Gulf of Panama,Saboga,AT19-1-3,60,AT19-1-3-60,7,AT19-1-3-60-7,DR,N,377,C,A,B,A,A,N
Pacific,Gulf of Panama,Saboga,AT19-1-3,60,AT19-1-3-60,8,AT19-1-3-60-8,DR,N,434,C,A,B,A,A,N
Pacific,Gulf of Panama,Saboga,AT19-1-3,60,AT19-1-3-60,9,AT19-1-3-60-9,DR,Y,302,B,A,B,A,A,N
Pacific,Gulf of Panama,Saboga,AT19-1-3,60,AT19-1-3-60,10,AT19-1-3-60-10,DR,.,.,C,D,B,A,A,Y
Pacific,Gulf of Panama,Saboga,AT19-1-3,60,AT19-1-3-60,11,AT19-1-3-60-11,RA,.,392,C,B,A,A,C,N
Pacific,Gulf of Panama,Saboga,AT19-1-3,60,AT19-1-3-60,12,AT19-1-3-60-12,DR,N,259,C,A,B,A,A,N
Pacific,Gulf of Panama,Saboga,AT19-1-3,60,AT19-1-3-60,13,AT19-1-3-60-13,DR,.,.,C,C,B,A,A,N
Pacific,Gulf of Panama,Saboga,AT19-1-3,60,AT19-1-3-60,14,AT19-1-3-60-14,RA,Y,242,C,B,A,A,A,N
Pacific,Gulf of Panama,Saboga,AT19-1-3,60,AT19-1-3-60,15,AT19-1-3-60-15,DR,Y,250,B,B,B,A,A,N
Pacific,Gulf of Panama,Saboga,AT19-1-3,60,AT19-1-3-60,16,AT19-1-3-60-16,GF,N,317,A,A,B,A,A,N
Pacific,Gulf of Panama,Saboga,AT19-1-3,60,AT19-1-3-60,17,AT19-1-3-60-17,DR,.,.,C,C,B,A,A,N
Pacific,Gulf of Panama,Saboga,AT19-1-3,60,AT19-1-3-60,18,AT19-1-3-60-18,DR,N,.,C,B,B,A,C,N
Pacific,Gulf of Panama,Saboga,AT19-1-3,60,AT19-1-3-60,19,AT19-1-3-60-19,DR,N,364,C,B,B,A,A,N
Pacific,Gulf of Panama,Saboga,AT19-1-3,60,AT19-1-3-60,20,AT19-1-3-60-20,GF,N,.,C,B,A,A,A,N
Pacific,Gulf of Panama,Saboga,AT19-1-3,60,AT19-1-3-60,21,AT19-1-3-60-21,DR,N,421,B,B,A,A,A,N
Pacific,Gulf of Panama,Saboga,AT19-1-3,75,AT19-1-3-75,1,AT19-1-3-75-1,UNK,N,.,C,B,B,A,A,N
Pacific,Gulf of Panama,Saboga,AT19-1-3,75,AT19-1-3-75,2,AT19-1-3-75-2,RA,Y,409,C,B,A,A,A,N
Pacific,Gulf of Panama,Saboga,AT19-1-3,75,AT19-1-3-75,3,AT19-1-3-75-3,GF,N,221,B,A,B,A,A,N
Pacific,Gulf of Panama,Saboga,AT19-1-3,75,AT19-1-3-75,4,AT19-1-3-75-4,DR,N,.,C,C,B,A,A,N
Pacific,Gulf of Panama,Saboga,AT19-1-3,75,AT19-1-3-75,5,AT19-1-3-75-5,DR,N,353,C,B,B,A,A,N
Pacific,Gulf of Panama,Saboga,AT19-1-3,75,AT19-1-3-75,6,AT19-1-3-75-6,RA,Y,.,C,B,B,A,A,N
Pacific,Gulf of Panama,Saboga,AT19-1-3,75,AT19-1-3-75,7,AT19-1-3-75-7,DR,N,370,C,B,B,B,A,N
Pacific,Gulf of Panama,Saboga,AT19-1-3,75,AT19-1-3-75,8,AT19-1-3-75-8,RA,Y,.,C,B,B,B,A,N
Pacific,Gulf of Panama,Saboga,AT19-1-3,75,AT19-1-3-75,9,AT19-1-3-75-9,GF,Y,291,C,A,B,A,A,N
Pacific,Gulf of Panama,Saboga,AT19-1-3,75,AT19-1-3-75,10,AT19-1-3-75-10,A,Y,446,C,C,B,A,A,N
Pacific,Gulf of Panama,Saboga,AT19-1-3,75,AT19-1-3-75,11,AT19-1-3-75-11,RA,Y,425,A,B,A,A,A,N
Pacific,Gulf of Panama,Saboga,AT19-1-3,75,AT19-1-3-75,12,AT19-1-3-75-12,DR,Y,403,B,B,A,A,A,N
Pacific,Gulf of Panama,Saboga,AT19-1-3,75,AT19-1-3-75,13,AT19-1-3-75-13,DR,N,430,B,B,B,A,A,N
Pacific,Gulf of Panama,Saboga,AT19-1-3,75,AT19-1-3-75,14,AT19-1-3-75-14,DR,Y,407,C,B,B,A,A,N
Pacific,Gulf of Panama,Saboga,AT19-1-3,75,AT19-1-3-75,15,AT19-1-3-75-15,UNK,.,.,C,C,B,A,A,N
Pacific,Gulf of Panama,Saboga,AT19-1-3,75,AT19-1-3-75,16,AT19-1-3-75-16,A,N,310,C,A,A,A,C,N
Pacific,Gulf of Panama,Saboga,AT19-1-3,75,AT19-1-3-75,17,AT19-1-3-75-17,UNK,N,.,C,B,B,A,A,N
Pacific,Gulf of Panama,Saboga,AT19-1-3,75,AT19-1-3-75,18,AT19-1-3-75-18,DR,Y,358,C,A,B,A,A,N
Pacific,Gulf of Panama,Saboga,AT19-1-3,75,AT19-1-3-75,19,AT19-1-3-75-19,DR,N,631,C,B,B,A,A,N
Pacific,Gulf of Panama,Saboga,AT19-1-3,75,AT19-1-3-75,20,AT19-1-3-75-20,A,Y,377,B,A,B,B,A,N
Pacific,Gulf of Panama,Saboga,AT19-1-3,75,AT19-1-3-75,21,AT19-1-3-75-21,DR,N,310,C,B,B,A,A,N
Pacific,Gulf of Panama,Saboga,AT19-1-3,75,AT19-1-3-75,22,AT19-1-3-75-22,DR,N,289,C,A,B,A,C,N
Pacific,Gulf of Panama,Saboga,AT19-1-3,100,AT19-1-3-100,1,AT19-1-3-100-1,UNK,N,.,C,C,B,A,A,N
Pacific,Gulf of Panama,Saboga,AT19-1-3,100,AT19-1-3-100,2,AT19-1-3-100-2,UNK,N,.,C,C,B,A,A,N
Pacific,Gulf of Panama,Saboga,AT19-1-3,100,AT19-1-3-100,3,AT19-1-3-100-3,DR,Y,295,B,B,B,A,A,N
Pacific,Gulf of Panama,Saboga,AT19-1-3,100,AT19-1-3-100,4,AT19-1-3-100-4,RA,N,351,C,B,B,A,A,N
Pacific,Gulf of Panama,Saboga,AT19-1-3,100,AT19-1-3-100,5,AT19-1-3-100-5,A,N,468,C,B,A,A,A,N
Pacific,Gulf of Panama,Saboga,AT19-1-3,100,AT19-1-3-100,6,AT19-1-3-100-6,DR,N,289,C,B,B,A,A,N
Pacific,Gulf of Panama,Saboga,AT19-1-3,100,AT19-1-3-100,7,AT19-1-3-100-7,DR,N,.,A,B,A,A,A,N
Pacific,Gulf of Panama,Saboga,AT19-1-3,100,AT19-1-3-100,8,AT19-1-3-100-8,RA,Y,246,C,B,B,A,A,N
Pacific,Gulf of Panama,Saboga,AT19-1-3,100,AT19-1-3-100,9,AT19-1-3-100-9,GF,N,335,B,B,B,A,A,N
Pacific,Gulf of Panama,Saboga,AT19-1-3,100,AT19-1-3-100,10,AT19-1-3-100-10,UNK,N,.,C,C,B,A,A,N
Pacific,Gulf of Panama,Saboga,AT19-1-3,100,AT19-1-3-100,11,AT19-1-3-100-11,RA,N,313,C,B,B,B,A,N
Pacific,Gulf of Panama,Saboga,AT19-1-3,100,AT19-1-3-100,12,AT19-1-3-100-12,RA,Y,418,C,B,B,A,A,N
Pacific,Gulf of Panama,Saboga,AT19-1-3,100,AT19-1-3-100,13,AT19-1-3-100-13,DR,N,370,B,B,B,A,A,N
Pacific,Gulf of Panama,Saboga,AT19-1-3,100,AT19-1-3-100,14,AT19-1-3-100-14,RA,Y,363,C,B,B,A,A,N
Pacific,Gulf of Panama,Saboga,AT19-1-3,100,AT19-1-3-100,15,AT19-1-3-100-15,DR,N,435,C,B,B,A,A,N
Pacific,Gulf of Panama,Saboga,AT19-1-3,100,AT19-1-3-100,16,AT19-1-3-100-16,UNK,Y,196,C,A,B,A,A,N
Pacific,Gulf of Panama,Saboga,AT19-1-3,100,AT19-1-3-100,17,AT19-1-3-100-17,RA,Y,413,C,B,B,B,C,N
Pacific,Gulf of Panama,Saboga,AT19-1-3,100,AT19-1-3-100,18,AT19-1-3-100-18,DR,N,.,C,B,B,A,A,N
Pacific,Gulf of Panama,Saboga,AT19-1-3,100,AT19-1-3-100,19,AT19-1-3-100-19,DR,N,310,C,A,B,A,A,N
Pacific,Gulf of Panama,Saboga,AT19-1-3,105,AT19-1-3-105,1,AT19-1-3-105-1,DR,N,383,C,B,B,A,A,N
Pacific,Gulf of Panama,Saboga,AT19-1-3,105,AT19-1-3-105,2,AT19-1-3-105-2,DR,N,294,C,B,B,A,A,N
Pacific,Gulf of Panama,Saboga,AT19-1-3,105,AT19-1-3-105,3,AT19-1-3-105-3,UNK,.,.,C,D,B,A,A,Y
Pacific,Gulf of Panama,Saboga,AT19-1-3,105,AT19-1-3-105,4,AT19-1-3-105-4,DR,N,.,C,B,B,A,A,N
Pacific,Gulf of Panama,Saboga,AT19-1-3,145,AT19-1-3-145,1,AT19-1-3-145-1,RA,Y,420,C,B,A,A,A,N
Pacific,Gulf of Panama,Saboga,AT19-1-3,145,AT19-1-3-145,2,AT19-1-3-145-2,DR,N,.,B,B,B,A,A,N
Pacific,Gulf of Panama,Saboga,AT19-1-3,145,AT19-1-3-145,3,AT19-1-3-145-3,A,N,.,C,C,A,A,A,N
Pacific,Gulf of Panama,Saboga,AT19-1-3,145,AT19-1-3-145,4,AT19-1-3-145-4,DR,N,.,C,C,B,A,A,N
Pacific,Gulf of Panama,Saboga,AT19-1-3,145,AT19-1-3-145,5,AT19-1-3-145-5,RA,N,522,C,A,A,A,A,N
Pacific,Gulf of Panama,Saboga,AT19-1-3,145,AT19-1-3-145,6,AT19-1-3-145-6,DR,N,303,B,B,A,A,A,N
Pacific,Gulf of Panama,Saboga,AT19-1-3,145,AT19-1-3-145,7,AT19-1-3-145-7,DR,N,293,C,B,A,A,A,N
Pacific,Gulf of Panama,Saboga,AT19-1-3,145,AT19-1-3-145,8,AT19-1-3-145-8,DR,N,374,C,B,B,A,A,N
Pacific,Gulf of Panama,Saboga,AT19-1-3,160,AT19-1-3-160,1,AT19-1-3-160-1,DR,N,296,C,A,B,A,A,N
Pacific,Gulf of Panama,Saboga,AT19-1-3,160,AT19-1-3-160,2,AT19-1-3-160-2,DR,Y,353,C,A,B,B,A,N
Pacific,Gulf of Panama,Saboga,AT19-1-3,160,AT19-1-3-160,3,AT19-1-3-160-3,DR,N,421,B,B,A,A,A,N
Pacific,Gulf of Panama,Saboga,AT19-1-3,160,AT19-1-3-160,4,AT19-1-3-160-4,DR,Y,275,C,A,B,A,A,N
Pacific,Gulf of Panama,Saboga,AT19-1-3,160,AT19-1-3-160,5,AT19-1-3-160-5,DR,N,316,C,B,B,A,A,N
Pacific,Gulf of Panama,Saboga,AT19-1-3,160,AT19-1-3-160,6,AT19-1-3-160-6,DR,Y,257,C,A,B,A,A,N
Pacific,Gulf of Panama,Saboga,AT19-1-3,160,AT19-1-3-160,7,AT19-1-3-160-7,RA,Y,462,B,A,B,A,A,N
Pacific,Gulf of Panama,Saboga,AT19-1-3,190,AT19-1-3-190,1,AT19-1-3-190-1,DR,N,332,A,A,A,A,A,N
Pacific,Gulf of Panama,Saboga,AT19-1-3,190,AT19-1-3-190,2,AT19-1-3-190-2,DR,N,416,C,B,B,A,B,N
Pacific,Gulf of Panama,Saboga,AT19-1-3,190,AT19-1-3-190,3,AT19-1-3-190-3,DR,N,285,C,A,B,A,A,N
Pacific,Gulf of Panama,Saboga,AT19-1-3,190,AT19-1-3-190,4,AT19-1-3-190-4,RA,Y,429,C,B,A,A,A,N
Pacific,Gulf of Panama,Saboga,AT19-1-3,190,AT19-1-3-190,5,AT19-1-3-190-5,GF,Y,.,C,A,B,A,A,N
Pacific,Gulf of Panama,Saboga,AT19-1-3,190,AT19-1-3-190,6,AT19-1-3-190-6,DR,N,483,C,A,B,A,A,N
Pacific,Gulf of Panama,Saboga,AT19-1-3,190,AT19-1-3-190,7,AT19-1-3-190-7,UNK,.,.,C,D,B,A,A,Y
Pacific,Gulf of Panama,Saboga,AT19-1-3,190,AT19-1-3-190,8,AT19-1-3-190-8,GF,N,176,C,A,A,A,A,N
Pacific,Gulf of Panama,Saboga,AT19-1-3,190,AT19-1-3-190,9,AT19-1-3-190-9,GF,N,385,B,A,A,A,A,N
Pacific,Gulf of Panama,Saboga,AT19-1-3,190,AT19-1-3-190,10,AT19-1-3-190-10,DR,Y,.,C,C,A,A,A,N
Pacific,Gulf of Panama,Saboga,AT19-1-3,190,AT19-1-3-190,11,AT19-1-3-190-11,DR,N,257,C,B,B,A,A,N
Pacific,Gulf of Panama,Saboga,AT19-1-3,190,AT19-1-3-190,12,AT19-1-3-190-12,GF,Y,291,C,B,B,A,A,N
Pacific,Gulf of Panama,Saboga,AT19-1-3,190,AT19-1-3-190,13,AT19-1-3-190-13,RA,N,.,C,C,B,A,A,N
Pacific,Gulf of Panama,Saboga,AT19-1-3,220,AT19-1-3-220,1,AT19-1-3-220-1,GF,N,224,C,A,B,A,A,N
Pacific,Gulf of Panama,Saboga,AT19-1-3,220,AT19-1-3-220,2,AT19-1-3-220-2,GF,N,226,A,A,A,A,A,N
Pacific,Gulf of Panama,Saboga,AT19-1-3,220,AT19-1-3-220,3,AT19-1-3-220-3,DR,N,313,C,B,B,A,A,N
Pacific,Gulf of Panama,Saboga,AT19-1-3,220,AT19-1-3-220,4,AT19-1-3-220-4,DR,N,341,C,B,B,A,A,N
Pacific,Gulf of Panama,Saboga,AT19-1-3,220,AT19-1-3-220,5,AT19-1-3-220-5,DR,N,319,C,B,A,A,A,N
Pacific,Gulf of Panama,Saboga,AT19-1-3,240,AT19-1-3-240,1,AT19-1-3-240-1,DR,N,406,C,A,B,A,A,N
Pacific,Gulf of Panama,Saboga,AT19-1-3,240,AT19-1-3-240,2,AT19-1-3-240-2,GF,Y,.,C,A,B,A,A,N
Pacific,Gulf of Panama,Saboga,AT19-1-3,240,AT19-1-3-240,3,AT19-1-3-240-3,DR,Y,303,C,A,B,A,A,N
Pacific,Gulf of Panama,Saboga,AT19-1-3,240,AT19-1-3-240,4,AT19-1-3-240-4,DR,N,338,C,B,B,A,A,N
Pacific,Gulf of Panama,Saboga,AT19-1-3,240,AT19-1-3-240,5,AT19-1-3-240-5,RA,N,.,C,C,B,A,A,N
Pacific,Gulf of Panama,Saboga,AT19-1-3,240,AT19-1-3-240,6,AT19-1-3-240-6,DR,Y,.,C,C,B,A,A,N
Pacific,Gulf of Panama,Saboga,AT19-1-3,240,AT19-1-3-240,7,AT19-1-3-240-7,DR,Y,.,C,C,B,A,A,N
Pacific,Gulf of Panama,Saboga,AT19-1-3,240,AT19-1-3-240,8,AT19-1-3-240-8,A,Y,320,C,A,B,A,A,N
Pacific,Gulf of Panama,Saboga,AT19-1-3,240,AT19-1-3-240,9,AT19-1-3-240-9,DR,N,.,C,B,B,A,A,N
Pacific,Gulf of Panama,Saboga,AT19-1-3,240,AT19-1-3-240,10,AT19-1-3-240-10,DR,Y,307,C,A,A,A,A,N
Pacific,Gulf of Panama,Saboga,AT19-1-3,370,AT19-1-3-370,1,AT19-1-3-370-1,DR,N,364,C,B,B,A,A,N
Pacific,Gulf of Panama,Saboga,AT19-1-3,370,AT19-1-3-370,2,AT19-1-3-370-2,DR,N,250,C,C,B,A,A,N
Pacific,Gulf of Panama,Saboga,AT19-1-3,370,AT19-1-3-370,3,AT19-1-3-370-3,DR,.,.,C,D,B,A,A,Y
Pacific,Gulf of Panama,Saboga,AT19-1-3,370,AT19-1-3-370,4,AT19-1-3-370-4,DR,N,342,C,B,B,A,A,N
Pacific,Gulf of Panama,Saboga,AT19-1-3,370,AT19-1-3-370,5,AT19-1-3-370-5,RA,Y,332,C,A,B,A,A,N
Pacific,Gulf of Panama,Saboga,AT19-1-3,370,AT19-1-3-370,6,AT19-1-3-370-6,DR,Y,335,C,A,B,A,A,N
Pacific,Gulf of Panama,Saboga,AT19-1-3,370,AT19-1-3-370,7,AT19-1-3-370-7,UNK,Y,.,C,C,B,A,A,N
Pacific,Gulf of Panama,Saboga,AT19-1-3,370,AT19-1-3-370,8,AT19-1-3-370-8,RA,Y,322,C,B,B,A,A,N
Pacific,Gulf of Panama,Saboga,AT19-1-3,370,AT19-1-3-370,9,AT19-1-3-370-9,A,Y,306,B,A,B,A,A,N
Pacific,Gulf of Panama,Saboga,AT19-1-3,370,AT19-1-3-370,10,AT19-1-3-370-10,DR,N,317,C,A,B,A,A,N
Pacific,Gulf of Panama,Saboga,AT19-1-3,370,AT19-1-3-370,11,AT19-1-3-370-11,DR,N,251,C,A,A,A,A,N
Pacific,Gulf of Panama,Saboga,AT19-1-3,370,AT19-1-3-370,12,AT19-1-3-370-12,DR,N,327,C,A,B,A,A,N
Pacific,Gulf of Panama,Contadora,BF18-1-12,15,BF18-1-12-15,1,BF18-1-12-15-1,A,N,456,C,A,B,A,A,N
Pacific,Gulf of Panama,Contadora,BF18-1-12,15,BF18-1-12-15,2,BF18-1-12-15-2,RA,Y,516,C,A,B,A,A,N
Pacific,Gulf of Panama,Contadora,BF18-1-12,15,BF18-1-12-15,3,BF18-1-12-15-3,DR,N,273,C,B,B,A,A,N
Pacific,Gulf of Panama,Contadora,BF18-1-12,15,BF18-1-12-15,4,BF18-1-12-15-4,DR,.,.,C,C,B,A,A,N
Pacific,Gulf of Panama,Contadora,BF18-1-12,45,BF18-1-12-45,1,BF18-1-12-45-1,GF,N,326,C,A,B,A,A,N
Pacific,Gulf of Panama,Contadora,BF18-1-12,45,BF18-1-12-45,2,BF18-1-12-45-2,DR,N,308,C,B,B,A,A,N
Pacific,Gulf of Panama,Contadora,BF18-1-12,45,BF18-1-12-45,3,BF18-1-12-45-3,RA,Y,.,C,C,B,A,A,N
Pacific,Gulf of Panama,Contadora,BF18-1-12,45,BF18-1-12-45,4,BF18-1-12-45-4,DR,N,.,C,C,B,A,A,N
Pacific,Gulf of Panama,Contadora,BF18-1-12,45,BF18-1-12-45,5,BF18-1-12-45-5,DR,N,.,C,C,B,A,A,N
Pacific,Gulf of Panama,Contadora,BF18-1-12,45,BF18-1-12-45,6,BF18-1-12-45-6,RA,N,.,C,B,B,A,A,N
Pacific,Gulf of Panama,Contadora,BF18-1-12,45,BF18-1-12-45,7,BF18-1-12-45-7,DR,N,256,C,B,B,A,A,N
Pacific,Gulf of Panama,Contadora,BF18-1-12,45,BF18-1-12-45,8,BF18-1-12-45-8,DR,N,307,C,A,B,A,A,N
Pacific,Gulf of Panama,Contadora,BF18-1-12,45,BF18-1-12-45,9,BF18-1-12-45-9,UNK,N,.,C,B,B,A,A,N
Pacific,Gulf of Panama,Contadora,BF18-1-12,45,BF18-1-12-45,10,BF18-1-12-45-10,UNK,.,.,C,C,B,A,A,N
Pacific,Gulf of Panama,Contadora,BF18-1-12,224,BF18-1-12-224,1,BF18-1-12-224-1,DR,Y,228,C,A,B,A,A,N
Pacific,Gulf of Panama,Contadora,BF18-1-12,224,BF18-1-12-224,2,BF18-1-12-224-2,DR,N,355,C,A,B,A,A,N
Pacific,Gulf of Panama,Contadora,BF18-1-12,224,BF18-1-12-224,3,BF18-1-12-224-3,DR,.,.,C,C,B,A,A,N
Pacific,Gulf of Panama,Contadora,BF18-1-12,224,BF18-1-12-224,4,BF18-1-12-224-4,UNK,.,.,C,D,B,A,A,Y
Pacific,Gulf of Panama,Contadora,BF18-1-12,224,BF18-1-12-224,5,BF18-1-12-224-5,A,N,.,C,C,B,A,A,N
Pacific,Gulf of Panama,Contadora,BF18-1-12,224,BF18-1-12-224,6,BF18-1-12-224-6,DR,N,336,C,A,B,A,A,N
Pacific,Gulf of Panama,Contadora,BF18-1-12,224,BF18-1-12-224,7,BF18-1-12-224-7,UNK,N,.,C,C,B,A,A,N
Pacific,Gulf of Panama,Contadora,BF18-1-12,224,BF18-1-12-224,8,BF18-1-12-224-8,UNK,.,.,C,D,B,A,A,Y
Pacific,Gulf of Panama,Contadora,BF18-1-12,224,BF18-1-12-224,9,BF18-1-12-224-9,DR,N,.,C,C,B,A,A,N
Pacific,Gulf of Panama,Contadora,BF18-1-12,224,BF18-1-12-224,10,BF18-1-12-224-10,A,N,.,C,C,B,A,B,N
Pacific,Gulf of Panama,Contadora,BF18-1-12,224,BF18-1-12-224,11,BF18-1-12-224-11,A,N,719,C,A,A,A,B,N
Pacific,Gulf of Panama,Contadora,BF18-1-12,224,BF18-1-12-224,12,BF18-1-12-224-12,RA,Y,353,C,A,A,A,A,N
Pacific,Gulf of Panama,Contadora,BF18-1-12,224,BF18-1-12-224,13,BF18-1-12-224-13,UNK,.,.,C,D,B,A,A,Y
Pacific,Gulf of Panama,Contadora,BF18-1-12,224,BF18-1-12-224,14,BF18-1-12-224-14,DR,N,.,C,C,B,A,A,N
Pacific,Gulf of Panama,Contadora,BF18-1-12,224,BF18-1-12-224,15,BF18-1-12-224-15,RA,Y,.,C,B,B,A,A,N
Pacific,Gulf of Panama,Contadora,BF18-1-12,224,BF18-1-12-224,16,BF18-1-12-224-16,RA,Y,336,C,B,B,A,A,N
Pacific,Gulf of Panama,Contadora,BF18-1-12,224,BF18-1-12-224,17,BF18-1-12-224-17,RA,Y,.,C,C,B,A,A,N
Pacific,Gulf of Panama,Contadora,BF18-1-12,224,BF18-1-12-224,18,BF18-1-12-224-18,GF,N,.,C,A,B,A,A,N
Pacific,Gulf of Panama,Contadora,BF18-1-12,224,BF18-1-12-224,19,BF18-1-12-224-19,RA,N,339,C,B,B,A,A,N
Pacific,Gulf of Panama,Contadora,BF18-1-12,224,BF18-1-12-224,20,BF18-1-12-224-20,DR,Y,624,A,A,A,A,A,N
Pacific,Gulf of Panama,Contadora,BF18-1-12,224,BF18-1-12-224,21,BF18-1-12-224-21,RA,N,.,C,C,B,B,A,N
Pacific,Gulf of Panama,Contadora,BF18-1-12,224,BF18-1-12-224,22,BF18-1-12-224-22,GF,Y,339,A,A,B,A,A,N
Pacific,Gulf of Panama,Contadora,BF18-1-12,224,BF18-1-12-224,23,BF18-1-12-224-23,DR,.,.,C,D,B,A,A,Y
Pacific,Gulf of Panama,Contadora,BF18-1-12,224,BF18-1-12-224,24,BF18-1-12-224-24,UNK,Y,.,C,D,B,A,A,Y
Pacific,Gulf of Panama,Contadora,BF18-1-12,224,BF18-1-12-224,25,BF18-1-12-224-25,DR,.,.,C,C,B,A,A,N
Pacific,Gulf of Panama,Contadora,BF18-1-12,224,BF18-1-12-224,26,BF18-1-12-224-26,DR,N,.,C,C,B,A,A,N
Pacific,Gulf of Panama,Contadora,BF18-1-12,224,BF18-1-12-224,27,BF18-1-12-224-27,DR,Y,.,C,B,B,A,A,N
Pacific,Gulf of Panama,Contadora,BF18-1-12,224,BF18-1-12-224,28,BF18-1-12-224-28,RA,Y,.,C,C,B,A,A,N
Pacific,Gulf of Panama,Contadora,BF18-1-12,224,BF18-1-12-224,29,BF18-1-12-224-29,UNK,N,.,C,C,B,A,A,N
Pacific,Gulf of Panama,Contadora,BF18-1-12,224,BF18-1-12-224,30,BF18-1-12-224-30,GF,Y,317,C,A,B,A,A,N
Pacific,Gulf of Panama,Contadora,BF18-1-12,224,BF18-1-12-224,31,BF18-1-12-224-31,RA,N,467,C,B,B,A,A,N
Pacific,Gulf of Panama,Contadora,BF18-1-12,224,BF18-1-12-224,32,BF18-1-12-224-32,RA,N,734,C,A,A,A,C,N
Pacific,Gulf of Panama,Contadora,BF18-1-12,224,BF18-1-12-224,33,BF18-1-12-224-33,DEFENSE,N,249,C,A,A,A,C,N
Pacific,Gulf of Panama,Contadora,BF18-1-12,219,BF18-1-12-219,1,BF18-1-12-219-1,DR,Y,464,C,A,B,A,A,N
Pacific,Gulf of Panama,Contadora,BF18-1-12,219,BF18-1-12-219,2,BF18-1-12-219-2,DR,N,.,C,C,B,A,A,N
Pacific,Gulf of Panama,Contadora,BF18-1-12,219,BF18-1-12-219,3,BF18-1-12-219-3,DR,Y,370,C,B,B,A,A,N
Pacific,Gulf of Panama,Contadora,BF18-1-12,219,BF18-1-12-219,4,BF18-1-12-219-4,DR,N,366,C,B,B,A,A,N
Pacific,Gulf of Panama,Contadora,BF18-1-12,219,BF18-1-12-219,5,BF18-1-12-219-5,UNK,N,.,C,C,B,A,A,N
Pacific,Gulf of Panama,Contadora,BF18-1-12,219,BF18-1-12-219,6,BF18-1-12-219-6,RA,N,435,C,A,A,A,A,N
Pacific,Gulf of Panama,Contadora,BF18-1-12,219,BF18-1-12-219,7,BF18-1-12-219-7,A,Y,.,C,C,B,A,A,N
Pacific,Gulf of Panama,Contadora,BF18-1-12,219,BF18-1-12-219,8,BF18-1-12-219-8,RA,Y,.,C,C,B,A,A,N
Pacific,Gulf of Panama,Contadora,BF18-1-12,219,BF18-1-12-219,9,BF18-1-12-219-9,DR,N,338,C,B,B,A,A,N
Pacific,Gulf of Panama,Contadora,BF18-1-12,219,BF18-1-12-219,10,BF18-1-12-219-10,RA,.,.,C,C,B,A,A,N
Pacific,Gulf of Panama,Contadora,BF18-1-12,219,BF18-1-12-219,11,BF18-1-12-219-11,RA,Y,.,C,B,B,A,A,N
Pacific,Gulf of Panama,Contadora,BF18-1-12,219,BF18-1-12-219,12,BF18-1-12-219-12,DR,Y,270,C,A,B,A,C,N
Pacific,Gulf of Panama,Contadora,BF18-1-12,219,BF18-1-12-219,13,BF18-1-12-219-13,UNK,Y,.,C,C,B,A,B,N
Pacific,Gulf of Panama,Contadora,BF18-1-12,219,BF18-1-12-219,14,BF18-1-12-219-14,RA,Y,.,C,C,B,A,C,N
Pacific,Gulf of Panama,Contadora,BF18-1-12,219,BF18-1-12-219,15,BF18-1-12-219-15,DR,N,.,C,C,B,A,A,N
Pacific,Gulf of Panama,Contadora,BF18-1-12,219,BF18-1-12-219,16,BF18-1-12-219-16,A,N,437,C,A,A,A,A,N
Pacific,Gulf of Panama,Contadora,BF18-1-12,234,BF18-1-12-234,1,BF18-1-12-234-1,DR,Y,361,C,B,A,A,A,N
Pacific,Gulf of Panama,Contadora,BF18-1-12,234,BF18-1-12-234,2,BF18-1-12-234-2,A,Y,.,C,C,B,A,A,N
Pacific,Gulf of Panama,Contadora,BF18-1-12,234,BF18-1-12-234,3,BF18-1-12-234-3,RA,Y,326,C,A,B,A,A,N
Pacific,Gulf of Panama,Contadora,BF18-1-12,234,BF18-1-12-234,4,BF18-1-12-234-4,RA,N,395,C,A,B,A,C,N
Pacific,Gulf of Panama,Contadora,BF18-1-12,234,BF18-1-12-234,5,BF18-1-12-234-5,UNK,.,.,C,C,B,A,A,N
Pacific,Gulf of Panama,Contadora,BF18-1-12,234,BF18-1-12-234,6,BF18-1-12-234-6,DR,N,385,A,A,B,A,A,N
Pacific,Gulf of Panama,Contadora,BF18-1-12,234,BF18-1-12-234,7,BF18-1-12-234-7,UNK,.,.,C,D,B,A,A,Y
Pacific,Gulf of Panama,Contadora,BF18-1-12,234,BF18-1-12-234,8,BF18-1-12-234-8,UNK,N,.,C,C,A,A,A,N
Pacific,Gulf of Panama,Contadora,BF18-1-12,234,BF18-1-12-234,9,BF18-1-12-234-9,A,Y,442,B,B,B,A,A,N
Pacific,Gulf of Panama,Contadora,BF18-1-12,234,BF18-1-12-234,10,BF18-1-12-234-10,A,Y,573,C,A,B,A,A,N
Pacific,Gulf of Panama,Contadora,BF18-1-12,234,BF18-1-12-234,11,BF18-1-12-234-11,DR,.,.,C,D,B,A,A,Y
Pacific,Gulf of Panama,Contadora,BF18-1-12,234,BF18-1-12-234,12,BF18-1-12-234-12,DR,Y,299,C,A,B,A,A,N
Pacific,Gulf of Panama,Contadora,BF18-1-12,234,BF18-1-12-234,13,BF18-1-12-234-13,DR,.,.,C,C,B,A,A,N
Pacific,Gulf of Panama,Contadora,BF18-1-12,234,BF18-1-12-234,14,BF18-1-12-234-14,A,N,321,C,A,A,A,A,N
Pacific,Gulf of Panama,Contadora,BF18-1-12,234,BF18-1-12-234,15,BF18-1-12-234-15,RA,N,.,C,C,A,A,A,N
Pacific,Gulf of Panama,Contadora,BF18-1-12,234,BF18-1-12-234,16,BF18-1-12-234-16,RA,N,.,C,B,B,A,A,N
Pacific,Gulf of Panama,Contadora,BF18-1-12,234,BF18-1-12-234,17,BF18-1-12-234-17,DR,N,315,C,A,B,A,A,N
Pacific,Gulf of Panama,Contadora,BF18-1-12,234,BF18-1-12-234,18,BF18-1-12-234-18,UNK,.,.,C,C,B,A,A,N
Pacific,Gulf of Panama,Contadora,BF18-1-12,234,BF18-1-12-234,19,BF18-1-12-234-19,RA,Y,.,C,B,B,A,A,N
Pacific,Gulf of Panama,Contadora,BF18-1-12,234,BF18-1-12-234,20,BF18-1-12-234-20,DR,N,246,C,A,B,A,A,N
Pacific,Gulf of Panama,Contadora,BF18-1-12,234,BF18-1-12-234,21,BF18-1-12-234-21,DR,N,.,C,B,B,A,A,N
Pacific,Gulf of Panama,Contadora,BF18-1-12,234,BF18-1-12-234,22,BF18-1-12-234-22,UNK,.,.,C,C,B,A,A,N
Pacific,Gulf of Panama,Contadora,BF18-1-12,239,BF18-1-12-239,1,BF18-1-12-239-1,DR,N,294,C,B,B,A,A,N
Pacific,Gulf of Panama,Contadora,BF18-1-12,239,BF18-1-12-239,2,BF18-1-12-239-2,DR,.,.,C,C,B,A,A,N
Pacific,Gulf of Panama,Contadora,BF18-1-12,239,BF18-1-12-239,3,BF18-1-12-239-3,UNK,.,.,C,D,B,A,A,Y
Pacific,Gulf of Panama,Contadora,BF18-1-12,239,BF18-1-12-239,4,BF18-1-12-239-4,UNK,.,.,C,C,B,A,A,N
Pacific,Gulf of Panama,Contadora,BF18-1-12,239,BF18-1-12-239,5,BF18-1-12-239-5,DR,N,.,C,C,B,A,A,N
Pacific,Gulf of Panama,Contadora,BF18-1-12,239,BF18-1-12-239,6,BF18-1-12-239-6,GF,N,282,C,A,B,A,A,N
Pacific,Gulf of Panama,Contadora,BF18-1-12,239,BF18-1-12-239,7,BF18-1-12-239-7,GF,N,226,C,A,B,A,A,N
Pacific,Gulf of Panama,Contadora,BF18-1-12,239,BF18-1-12-239,8,BF18-1-12-239-8,UNK,N,.,C,C,B,A,A,N
Pacific,Gulf of Panama,Contadora,BF18-1-12,239,BF18-1-12-239,9,BF18-1-12-239-9,UNK,N,.,C,C,B,A,A,N
Pacific,Gulf of Panama,Contadora,BF18-1-12,239,BF18-1-12-239,10,BF18-1-12-239-10,DR,N,.,C,C,B,A,A,N
Pacific,Gulf of Panama,Contadora,BF18-1-12,239,BF18-1-12-239,11,BF18-1-12-239-11,RA,Y,495,C,B,B,A,A,N
Pacific,Gulf of Panama,Contadora,BF18-1-12,239,BF18-1-12-239,12,BF18-1-12-239-12,RA,N,703,C,A,A,A,A,N
Pacific,Gulf of Panama,Contadora,BF18-1-12,239,BF18-1-12-239,13,BF18-1-12-239-13,A,Y,326,C,A,B,A,A,N
Pacific,Gulf of Panama,Contadora,BF18-1-12,239,BF18-1-12-239,14,BF18-1-12-239-14,RA,Y,363,C,B,B,A,A,N
Pacific,Gulf of Panama,Contadora,BF18-1-12,239,BF18-1-12-239,15,BF18-1-12-239-15,DR,N,.,C,C,B,A,A,N
Pacific,Gulf of Panama,Contadora,BF18-1-12,239,BF18-1-12-239,16,BF18-1-12-239-16,DR,.,.,C,C,B,A,A,N
Pacific,Gulf of Panama,Contadora,BF18-1-12,239,BF18-1-12-239,17,BF18-1-12-239-17,UNK,.,.,C,C,B,A,A,N
Pacific,Gulf of Panama,Contadora,BF18-1-12,239,BF18-1-12-239,18,BF18-1-12-239-18,DR,Y,.,C,C,B,A,A,N
Pacific,Gulf of Panama,Contadora,BF18-1-12,239,BF18-1-12-239,19,BF18-1-12-239-19,UNK,.,.,C,D,B,A,A,Y
Pacific,Gulf of Panama,Contadora,BF18-1-12,239,BF18-1-12-239,20,BF18-1-12-239-20,GF,N,230,C,A,B,A,A,N
Pacific,Gulf of Panama,Contadora,BF18-1-12,239,BF18-1-12-239,21,BF18-1-12-239-21,UNK,N,.,C,C,B,A,A,N
Pacific,Gulf of Panama,Contadora,BF18-1-12,239,BF18-1-12-239,22,BF18-1-12-239-22,RA,Y,.,C,C,B,A,A,N
Pacific,Gulf of Panama,Contadora,BF18-1-12,239,BF18-1-12-239,23,BF18-1-12-239-23,GF,N,234,C,A,A,A,A,N
Pacific,Gulf of Panama,Contadora,BF18-1-12,239,BF18-1-12-239,24,BF18-1-12-239-24,RA,N,500,C,B,B,A,A,N
Pacific,Gulf of Panama,Contadora,BF18-1-12,239,BF18-1-12-239,25,BF18-1-12-239-25,RA,Y,342,C,B,B,A,A,N
Pacific,Gulf of Panama,Contadora,BF18-1-12,239,BF18-1-12-239,26,BF18-1-12-239-26,A,N,.,C,C,A,A,A,N
Pacific,Gulf of Panama,Contadora,BF18-1-12,239,BF18-1-12-239,27,BF18-1-12-239-27,RA,Y,.,C,C,B,A,A,N
Pacific,Gulf of Panama,Contadora,BF18-1-12,239,BF18-1-12-239,28,BF18-1-12-239-28,DR,N,.,C,C,B,A,A,N
Pacific,Gulf of Panama,Contadora,BF18-1-12,239,BF18-1-12-239,29,BF18-1-12-239-29,DR,.,.,C,C,A,A,A,N
Pacific,Gulf of Panama,Contadora,BF18-1-12,239,BF18-1-12-239,30,BF18-1-12-239-30,DR,Y,320,C,B,B,A,A,N
Pacific,Gulf of Panama,Contadora,BF18-1-12,239,BF18-1-12-239,31,BF18-1-12-239-31,DR,Y,.,C,C,B,A,A,N
Pacific,Gulf of Panama,Contadora,BF18-1-12,239,BF18-1-12-239,32,BF18-1-12-239-32,UNK,.,.,C,C,B,A,A,N
Pacific,Gulf of Panama,Contadora,BF18-1-12,239,BF18-1-12-239,33,BF18-1-12-239-33,RA,Y,362,A,A,B,A,A,N
Pacific,Gulf of Panama,Contadora,BF18-1-12,239,BF18-1-12-239,34,BF18-1-12-239-34,DR,N,335,C,B,B,A,A,N
Pacific,Gulf of Panama,Contadora,BF18-1-12,239,BF18-1-12-239,35,BF18-1-12-239-35,UNK,.,.,C,C,B,A,A,N
Pacific,Gulf of Panama,Contadora,BF18-1-12,239,BF18-1-12-239,36,BF18-1-12-239-36,RA,N,624,C,B,A,A,A,N
Pacific,Gulf of Panama,Contadora,BF18-1-12,25,BF18-1-12-25,1,BF18-1-12-25-1,DR,Y,272,C,B,B,A,A,N
Pacific,Gulf of Panama,Contadora,BF18-1-12,25,BF18-1-12-25,2,BF18-1-12-25-2,GF,Y,246,C,A,A,A,A,N
Pacific,Gulf of Panama,Contadora,BF18-1-12,25,BF18-1-12-25,3,BF18-1-12-25-3,UNK,.,.,C,D,B,A,A,Y
Pacific,Gulf of Panama,Contadora,BF18-1-12,40,BF18-1-12-40,1,BF18-1-12-40-1,DR,N,368,C,B,B,A,A,N
Pacific,Gulf of Panama,Contadora,BF18-1-12,40,BF18-1-12-40,2,BF18-1-12-40-2,DR,Y,345,C,B,B,A,A,N
Pacific,Gulf of Panama,Contadora,BF18-1-12,40,BF18-1-12-40,3,BF18-1-12-40-3,RA,N,.,C,C,B,A,A,N
Pacific,Gulf of Panama,Contadora,BF18-1-12,40,BF18-1-12-40,4,BF18-1-12-40-4,DR,Y,305,C,B,B,A,A,N
Pacific,Gulf of Panama,Contadora,BF18-1-12,40,BF18-1-12-40,5,BF18-1-12-40-5,A,N,.,C,C,B,A,A,N
Pacific,Gulf of Panama,Contadora,BF18-1-12,40,BF18-1-12-40,6,BF18-1-12-40-6,UNK,.,.,C,D,B,A,A,Y
Pacific,Gulf of Panama,Contadora,BF18-1-12,40,BF18-1-12-40,7,BF18-1-12-40-7,RA,Y,.,C,A,B,A,A,N
Pacific,Gulf of Panama,Contadora,BF18-1-12,40,BF18-1-12-40,8,BF18-1-12-40-8,DR,Y,.,C,B,B,A,A,N
Pacific,Gulf of Panama,Contadora,BF18-1-12,40,BF18-1-12-40,9,BF18-1-12-40-9,DR,Y,327,B,A,B,A,A,N
Pacific,Gulf of Panama,Contadora,BF18-1-12,40,BF18-1-12-40,10,BF18-1-12-40-10,GF,Y,.,C,C,B,A,A,N
Pacific,Gulf of Panama,Contadora,BF18-1-12,40,BF18-1-12-40,11,BF18-1-12-40-11,DR,Y,.,C,B,B,A,A,N
Pacific,Gulf of Panama,Contadora,BF18-1-12,40,BF18-1-12-40,12,BF18-1-12-40-12,DR,.,.,C,D,B,A,A,Y
Pacific,Gulf of Panama,Contadora,BF18-1-12,40,BF18-1-12-40,13,BF18-1-12-40-13,DR,N,306,C,A,B,A,A,N
Pacific,Gulf of Panama,Contadora,BF18-1-11,30,BF18-1-11-30,1,BF18-1-11-30-1,GF,Y,.,C,A,B,A,A,N
Pacific,Gulf of Panama,Contadora,BF18-1-11,30,BF18-1-11-30,2,BF18-1-11-30-2,DR,N,356,C,B,B,A,A,N
Pacific,Gulf of Panama,Contadora,BF18-1-11,30,BF18-1-11-30,3,BF18-1-11-30-3,DR,N,.,C,B,B,A,A,N
Pacific,Gulf of Panama,Contadora,BF18-1-11,30,BF18-1-11-30,4,BF18-1-11-30-4,RA,N,460,C,B,B,A,A,N
Pacific,Gulf of Panama,Contadora,BF18-1-11,30,BF18-1-11-30,5,BF18-1-11-30-5,DR,Y,.,B,B,B,A,A,N
Pacific,Gulf of Panama,Contadora,BF18-1-11,30,BF18-1-11-30,6,BF18-1-11-30-6,GF,Y,229,C,A,B,A,A,N
Pacific,Gulf of Panama,Contadora,BF18-1-11,30,BF18-1-11-30,7,BF18-1-11-30-7,DR,N,.,C,C,B,A,A,N
Pacific,Gulf of Panama,Contadora,BF18-1-11,30,BF18-1-11-30,8,BF18-1-11-30-8,DR,N,.,C,B,B,A,A,N
Pacific,Gulf of Panama,Contadora,BF18-1-11,30,BF18-1-11-30,9,BF18-1-11-30-9,DR,N,.,C,C,B,A,A,N
Pacific,Gulf of Panama,Contadora,BF18-1-11,30,BF18-1-11-30,10,BF18-1-11-30-10,UNK,Y,.,C,C,B,A,A,N
Pacific,Gulf of Panama,Contadora,BF18-1-11,30,BF18-1-11-30,11,BF18-1-11-30-11,DR,N,.,C,C,B,A,A,N
Pacific,Gulf of Panama,Contadora,BF18-1-11,30,BF18-1-11-30,12,BF18-1-11-30-12,DR,N,291,C,A,B,A,A,N
Pacific,Gulf of Panama,Contadora,BF18-1-11,30,BF18-1-11-30,13,BF18-1-11-30-13,A,.,.,C,D,B,A,A,Y
Pacific,Gulf of Panama,Contadora,BF18-1-11,30,BF18-1-11-30,14,BF18-1-11-30-14,RA,Y,355,C,A,A,A,A,N
Pacific,Gulf of Panama,Contadora,BF18-1-11,30,BF18-1-11-30,15,BF18-1-11-30-15,UNK,.,.,C,D,B,A,A,Y
Pacific,Gulf of Panama,Contadora,BF18-1-11,30,BF18-1-11-30,16,BF18-1-11-30-16,RA,Y,302,C,B,B,A,A,N
Pacific,Gulf of Panama,Contadora,BF18-1-11,30,BF18-1-11-30,17,BF18-1-11-30-17,RA,Y,.,C,B,B,B,A,N
Pacific,Gulf of Panama,Contadora,BF18-1-11,30,BF18-1-11-30,18,BF18-1-11-30-18,DR,Y,352,C,B,B,A,A,N
Pacific,Gulf of Panama,Contadora,BF18-1-13,25,BF18-1-13-25,1,BF18-1-13-25-1,DR,N,434,C,B,B,A,A,N
Pacific,Gulf of Panama,Contadora,BF18-1-13,25,BF18-1-13-25,2,BF18-1-13-25-2,DR,N,.,C,B,B,A,A,N
Pacific,Gulf of Panama,Contadora,BF18-1-13,25,BF18-1-13-25,3,BF18-1-13-25-3,RA,Y,350,C,A,B,A,A,N
Pacific,Gulf of Panama,Contadora,BF18-1-13,25,BF18-1-13-25,4,BF18-1-13-25-4,RA,Y,.,C,C,B,A,A,N
Pacific,Gulf of Panama,Contadora,BF18-1-13,25,BF18-1-13-25,5,BF18-1-13-25-5,DR,Y,185,C,B,B,A,A,N
Pacific,Gulf of Panama,Contadora,BF18-1-13,25,BF18-1-13-25,6,BF18-1-13-25-6,GF,N,219,C,A,A,A,A,N
Pacific,Gulf of Panama,Contadora,BF18-1-13,25,BF18-1-13-25,7,BF18-1-13-25-7,UNK,.,.,C,D,B,A,A,Y
Pacific,Gulf of Panama,Saboga,AT19-1-1,340,AT19-1-1-340,1,AT19-1-1-340-1,DR,Y,278,C,A,B,A,A,N
Pacific,Gulf of Panama,Saboga,AT19-1-1,340,AT19-1-1-340,2,AT19-1-1-340-2,RA,N,587,C,B,B,A,C,N
Pacific,Gulf of Panama,Saboga,AT19-1-1,340,AT19-1-1-340,3,AT19-1-1-340-3,DR,Y,397,C,A,A,A,A,N
Pacific,Gulf of Panama,Saboga,AT19-1-1,340,AT19-1-1-340,4,AT19-1-1-340-4,A,Y,.,C,B,B,B,A,N
Pacific,Gulf of Panama,Saboga,AT19-1-1,340,AT19-1-1-340,5,AT19-1-1-340-5,RA,Y,446,C,A,B,A,A,N
Pacific,Gulf of Panama,Saboga,AT19-1-1,340,AT19-1-1-340,6,AT19-1-1-340-6,DR,Y,365,C,A,B,A,A,N
Pacific,Gulf of Panama,Saboga,AT19-1-1,340,AT19-1-1-340,7,AT19-1-1-340-7,DR,N,.,C,B,B,A,A,N
Pacific,Gulf of Panama,Saboga,AT19-1-1,340,AT19-1-1-340,8,AT19-1-1-340-8,RA,N,.,C,C,B,C,A,N
Pacific,Gulf of Panama,Saboga,AT19-1-1,340,AT19-1-1-340,9,AT19-1-1-340-9,RAY,N,349,C,A,A,A,A,N
Pacific,Gulf of Panama,Saboga,AT19-1-1,340,AT19-1-1-340,10,AT19-1-1-340-10,UNK,N,.,C,D,B,A,A,Y
Pacific,Gulf of Panama,Contadora,BF18-1-13,255,BF18-1-13-255,1,BF18-1-13-255-1,RA,N,690,C,B,A,A,A,N
Pacific,Gulf of Panama,Contadora,BF18-1-13,255,BF18-1-13-255,2,BF18-1-13-255-2,DR,N,557,C,A,B,A,A,N
Pacific,Gulf of Panama,Contadora,BF18-1-13,255,BF18-1-13-255,3,BF18-1-13-255-3,UNK,N,.,C,D,B,A,A,Y
Pacific,Gulf of Panama,Contadora,BF18-1-13,255,BF18-1-13-255,4,BF18-1-13-255-4,DR,N,310,C,B,B,A,A,N
Pacific,Gulf of Panama,Contadora,BF18-1-13,255,BF18-1-13-255,5,BF18-1-13-255-5,DR,Y,320,C,A,B,A,A,N
Pacific,Gulf of Panama,Contadora,BF18-1-13,255,BF18-1-13-255,6,BF18-1-13-255-6,RA,Y,.,C,C,B,A,A,N
Pacific,Gulf of Panama,Contadora,BF18-1-13,255,BF18-1-13-255,7,BF18-1-13-255-7,A,Y,.,C,B,B,A,A,N
Pacific,Gulf of Panama,Contadora,BF18-1-13,255,BF18-1-13-255,8,BF18-1-13-255-8,GF,Y,181,A,A,A,A,A,N
Pacific,Gulf of Panama,Contadora,BF18-1-13,255,BF18-1-13-255,9,BF18-1-13-255-9,GF,Y,246,A,A,B,A,A,N
Pacific,Gulf of Panama,Contadora,BF18-1-13,255,BF18-1-13-255,10,BF18-1-13-255-10,UNK,.,.,C,D,B,A,A,Y
Pacific,Gulf of Panama,Contadora,BF18-1-13,255,BF18-1-13-255,11,BF18-1-13-255-11,DR,Y,210,C,A,B,A,A,N
Pacific,Gulf of Panama,Contadora,BF18-1-13,255,BF18-1-13-255,12,BF18-1-13-255-12,DR,Y,.,C,D,B,A,A,Y
Pacific,Gulf of Panama,Contadora,BF18-1-13,255,BF18-1-13-255,13,BF18-1-13-255-13,DR,N,283,C,B,B,B,A,N
Pacific,Gulf of Panama,Contadora,BF18-1-13,255,BF18-1-13-255,14,BF18-1-13-255-14,GF,Y,252,B,A,B,A,A,N
Pacific,Gulf of Panama,Contadora,BF18-1-13,255,BF18-1-13-255,15,BF18-1-13-255-15,A,Y,276,C,A,A,A,A,N
Pacific,Gulf of Panama,Contadora,BF18-1-13,255,BF18-1-13-255,16,BF18-1-13-255-16,A,N,.,C,C,B,D,A,N
Pacific,Gulf of Panama,Contadora,BF18-1-13,255,BF18-1-13-255,17,BF18-1-13-255-17,RA,N,.,C,C,B,A,C,N
Pacific,Gulf of Panama,Contadora,BF18-1-13,255,BF18-1-13-255,18,BF18-1-13-255-18,RA,N,.,C,C,B,A,A,N
Pacific,Gulf of Panama,Contadora,BF18-1-13,255,BF18-1-13-255,19,BF18-1-13-255-19,GF,Y,261,C,A,B,A,A,N
Pacific,Gulf of Panama,Contadora,BF18-1-13,270,BF18-1-13-270,1,BF18-1-13-270-1,RA,N,1049,A,A,B,A,A,N
Pacific,Gulf of Panama,Contadora,BF18-1-13,270,BF18-1-13-270,2,BF18-1-13-270-2,A,N,688,C,A,B,C,A,N
Pacific,Gulf of Panama,Contadora,BF18-1-13,270,BF18-1-13-270,3,BF18-1-13-270-3,A,N,720,C,A,A,A,A,N
Pacific,Gulf of Panama,Contadora,BF18-1-13,270,BF18-1-13-270,4,BF18-1-13-270-4,A,N,691,C,A,A,A,A,N
Pacific,Gulf of Panama,Contadora,BF18-1-13,270,BF18-1-13-270,5,BF18-1-13-270-5,A,N,750,C,A,B,B,A,N
Pacific,Gulf of Panama,Contadora,BF18-1-13,270,BF18-1-13-270,6,BF18-1-13-270-6,RA,N,934,C,A,A,A,A,N
Pacific,Gulf of Panama,Contadora,BF18-1-13,270,BF18-1-13-270,7,BF18-1-13-270-7,UNK,.,.,C,D,B,A,A,Y
Pacific,Gulf of Panama,Contadora,BF18-1-13,270,BF18-1-13-270,8,BF18-1-13-270-8,DR,N,.,C,C,B,A,A,N
Pacific,Gulf of Panama,Contadora,BF18-1-13,270,BF18-1-13-270,9,BF18-1-13-270-9,GF,Y,321,C,A,B,A,A,N
Pacific,Gulf of Panama,Contadora,BF18-1-13,270,BF18-1-13-270,10,BF18-1-13-270-10,DR,Y,349,C,A,B,A,A,N
Pacific,Gulf of Panama,Contadora,BF18-1-13,270,BF18-1-13-270,11,BF18-1-13-270-11,RA,Y,349,C,B,B,A,A,N
Pacific,Gulf of Panama,Contadora,BF18-1-13,270,BF18-1-13-270,12,BF18-1-13-270-12,A,Y,.,C,C,B,A,C,N
Pacific,Gulf of Panama,Contadora,BF18-1-13,270,BF18-1-13-270,13,BF18-1-13-270-13,RA,Y,.,C,A,B,C,A,N
Pacific,Gulf of Panama,Contadora,BF18-1-13,270,BF18-1-13-270,14,BF18-1-13-270-14,DR,N,.,C,C,B,A,A,N
Pacific,Gulf of Panama,Contadora,BF18-1-13,270,BF18-1-13-270,15,BF18-1-13-270-15,A,Y,381,C,B,B,A,A,N
Pacific,Gulf of Panama,Contadora,BF18-1-13,270,BF18-1-13-270,16,BF18-1-13-270-16,DR,N,256,C,B,B,A,A,N
Pacific,Gulf of Panama,Contadora,BF18-1-13,270,BF18-1-13-270,17,BF18-1-13-270-17,GF,Y,229,B,A,B,A,A,N
Pacific,Gulf of Panama,Contadora,BF18-1-13,270,BF18-1-13-270,18,BF18-1-13-270-18,RA,N,.,C,B,B,A,A,N
Pacific,Gulf of Panama,Contadora,BF18-1-13,270,BF18-1-13-270,19,BF18-1-13-270-19,DR,N,.,C,B,B,A,A,N
Pacific,Gulf of Panama,Contadora,BF18-1-13,270,BF18-1-13-270,20,BF18-1-13-270-20,GF,N,278,C,A,B,A,A,N
Pacific,Gulf of Panama,Contadora,BF18-1-13,270,BF18-1-13-270,21,BF18-1-13-270-21,GF,N,227,C,A,A,A,A,N
Pacific,Gulf of Panama,Contadora,BF18-1-13,270,BF18-1-13-270,22,BF18-1-13-270-22,RA,N,.,C,C,B,A,A,N
Pacific,Gulf of Panama,Contadora,BF18-1-13,270,BF18-1-13-270,23,BF18-1-13-270-23,UNK,N,.,C,C,B,A,A,N
Pacific,Gulf of Panama,Contadora,BF18-1-13,270,BF18-1-13-270,24,BF18-1-13-270-24,DR,Y,.,C,C,B,A,A,N
Pacific,Gulf of Panama,Contadora,BF18-1-13,270,BF18-1-13-270,25,BF18-1-13-270-25,RA,Y,.,C,C,B,A,A,N
Pacific,Gulf of Panama,Contadora,BF18-1-11,15,BF18-1-11-15,1,BF18-1-11-15-1,DR,N,562,C,A,B,A,A,N
Pacific,Gulf of Panama,Contadora,BF18-1-11,15,BF18-1-11-15,2,BF18-1-11-15-2,UNK,.,.,C,D,B,A,A,Y
Pacific,Gulf of Panama,Contadora,BF18-1-11,15,BF18-1-11-15,3,BF18-1-11-15-3,UNK,N,.,C,C,B,A,A,N
Pacific,Gulf of Panama,Contadora,BF18-1-11,15,BF18-1-11-15,4,BF18-1-11-15-4,UNK,.,.,C,C,B,A,A,N
Pacific,Gulf of Panama,Contadora,BF18-1-11,15,BF18-1-11-15,5,BF18-1-11-15-5,A,Y,350,B,A,A,A,A,N
Pacific,Gulf of Panama,Contadora,BF18-1-11,15,BF18-1-11-15,6,BF18-1-11-15-6,RA,Y,310,C,B,B,A,C,N
Pacific,Gulf of Panama,Contadora,BF18-1-11,15,BF18-1-11-15,7,BF18-1-11-15-7,DR,Y,.,C,B,B,A,A,N
Pacific,Gulf of Panama,Contadora,BF18-1-11,15,BF18-1-11-15,8,BF18-1-11-15-8,GF,N,235,C,A,B,A,A,N
Pacific,Gulf of Panama,Contadora,BF18-1-11,15,BF18-1-11-15,9,BF18-1-11-15-9,GF,N,229,C,A,B,A,A,N
Pacific,Gulf of Panama,Contadora,BF18-1-11,15,BF18-1-11-15,10,BF18-1-11-15-10,GF,N,246,C,A,A,A,A,N
Pacific,Gulf of Panama,Contadora,BF18-1-11,15,BF18-1-11-15,11,BF18-1-11-15-11,DR,N,.,C,C,B,A,A,N
Pacific,Gulf of Panama,Contadora,BF18-1-11,15,BF18-1-11-15,12,BF18-1-11-15-12,DR,Y,354,C,A,B,A,A,N
Pacific,Gulf of Panama,Contadora,BF18-1-11,15,BF18-1-11-15,13,BF18-1-11-15-13,RA,Y,.,C,C,B,A,A,N
Pacific,Gulf of Panama,Contadora,BF18-1-11,15,BF18-1-11-15,14,BF18-1-11-15-14,DR,N,.,C,C,B,A,A,N
Pacific,Gulf of Panama,Contadora,BF18-1-11,15,BF18-1-11-15,15,BF18-1-11-15-15,DR,Y,.,C,C,B,A,A,N
Pacific,Gulf of Panama,Contadora,BF18-1-11,15,BF18-1-11-15,16,BF18-1-11-15-16,GF,N,184,C,A,A,A,A,N
Pacific,Gulf of Panama,Contadora,BF18-1-11,15,BF18-1-11-15,17,BF18-1-11-15-17,UNK,.,.,C,D,B,A,A,Y
Pacific,Gulf of Panama,Contadora,BF18-1-11,15,BF18-1-11-15,18,BF18-1-11-15-18,DR,N,.,C,C,B,A,A,N
Pacific,Gulf of Panama,Contadora,BF18-1-11,15,BF18-1-11-15,19,BF18-1-11-15-19,UNK,.,.,C,D,B,A,A,Y
Pacific,Gulf of Panama,Contadora,BF18-1-11,15,BF18-1-11-15,20,BF18-1-11-15-20,DR,.,.,C,C,B,A,A,N
Pacific,Gulf of Panama,Contadora,BF18-1-11,15,BF18-1-11-15,21,BF18-1-11-15-21,DR,N,313,C,A,B,A,A,N
Pacific,Gulf of Panama,Contadora,BF18-1-11,15,BF18-1-11-15,22,BF18-1-11-15-22,RA,N,.,C,B,B,A,A,N
Pacific,Gulf of Panama,Contadora,BF18-1-11,326,BF18-1-11-326,1,BF18-1-11-326-1,RA,N,582,C,A,B,A,A,N
Pacific,Gulf of Panama,Contadora,BF18-1-11,326,BF18-1-11-326,2,BF18-1-11-326-2,DR,N,532,C,A,B,B,A,N
Pacific,Gulf of Panama,Contadora,BF18-1-11,326,BF18-1-11-326,3,BF18-1-11-326-3,UNK,.,.,C,C,B,A,A,N
Pacific,Gulf of Panama,Contadora,BF18-1-11,326,BF18-1-11-326,4,BF18-1-11-326-4,A,Y,.,C,C,B,A,A,N
Pacific,Gulf of Panama,Contadora,BF18-1-11,326,BF18-1-11-326,5,BF18-1-11-326-5,A,N,725,C,A,A,A,A,N
Pacific,Gulf of Panama,Contadora,BF18-1-11,326,BF18-1-11-326,6,BF18-1-11-326-6,RA,N,686,B,A,A,A,A,N
Pacific,Gulf of Panama,Contadora,BF18-1-11,326,BF18-1-11-326,7,BF18-1-11-326-7,A,N,531,C,A,B,A,A,N
Pacific,Gulf of Panama,Contadora,BF18-1-11,326,BF18-1-11-326,8,BF18-1-11-326-8,DR,Y,268,C,B,B,A,A,N
Pacific,Gulf of Panama,Contadora,BF18-1-11,326,BF18-1-11-326,9,BF18-1-11-326-9,A,Y,.,C,C,B,A,A,N
Pacific,Gulf of Panama,Contadora,BF18-1-11,326,BF18-1-11-326,10,BF18-1-11-326-10,RA,Y,.,C,C,B,C,A,N
Pacific,Gulf of Panama,Contadora,BF18-1-11,326,BF18-1-11-326,11,BF18-1-11-326-11,DR,N,.,C,B,B,A,A,N
Pacific,Gulf of Panama,Contadora,BF18-1-11,326,BF18-1-11-326,12,BF18-1-11-326-12,A,Y,.,C,C,B,A,A,N
Pacific,Gulf of Panama,Contadora,BF18-1-11,326,BF18-1-11-326,13,BF18-1-11-326-13,A,N,323,C,B,A,C,A,N
Pacific,Gulf of Panama,Contadora,BF18-1-11,326,BF18-1-11-326,14,BF18-1-11-326-14,DR,Y,274,C,A,B,B,A,N
Pacific,Gulf of Panama,Contadora,BF18-1-11,326,BF18-1-11-326,15,BF18-1-11-326-15,GF,N,300,C,A,B,A,A,N
Pacific,Gulf of Panama,Contadora,BF18-1-11,326,BF18-1-11-326,16,BF18-1-11-326-16,A,Y,467,C,A,B,A,A,N
Pacific,Gulf of Panama,Contadora,BF18-1-11,326,BF18-1-11-326,17,BF18-1-11-326-17,RA,Y,415,B,A,B,B,A,N
Pacific,Gulf of Panama,Contadora,BF18-1-11,356,BF18-1-11-356,1,BF18-1-11-356-1,RA,Y,266,C,A,A,C,A,N
Pacific,Gulf of Panama,Contadora,BF18-1-11,356,BF18-1-11-356,2,BF18-1-11-356-2,DR,N,479,C,A,B,A,A,N
Pacific,Gulf of Panama,Contadora,BF18-1-11,356,BF18-1-11-356,3,BF18-1-11-356-3,DR,N,372,C,A,B,B,A,N
Pacific,Gulf of Panama,Contadora,BF18-1-11,356,BF18-1-11-356,4,BF18-1-11-356-4,RA,N,373,C,A,B,B,A,N
Pacific,Gulf of Panama,Contadora,BF18-1-11,356,BF18-1-11-356,5,BF18-1-11-356-5,A,N,.,C,C,B,A,C,N
Pacific,Gulf of Panama,Contadora,BF18-1-11,356,BF18-1-11-356,6,BF18-1-11-356-6,A,N,285,C,A,A,A,A,N
Pacific,Gulf of Panama,Contadora,BF18-1-11,356,BF18-1-11-356,7,BF18-1-11-356-7,DR,Y,508,C,B,B,A,A,N
Pacific,Gulf of Panama,Contadora,BF18-1-11,356,BF18-1-11-356,8,BF18-1-11-356-8,DR,N,368,A,A,B,A,A,N
Pacific,Gulf of Panama,Contadora,BF18-1-11,356,BF18-1-11-356,9,BF18-1-11-356-9,DR,N,414,C,A,B,A,A,N
Pacific,Gulf of Panama,Contadora,BF18-1-11,356,BF18-1-11-356,10,BF18-1-11-356-10,DR,N,.,C,C,B,A,A,N
Pacific,Gulf of Panama,Contadora,BF18-1-11,356,BF18-1-11-356,11,BF18-1-11-356-11,DR,Y,230,B,A,A,A,A,N
Pacific,Gulf of Panama,Contadora,BF18-1-11,356,BF18-1-11-356,12,BF18-1-11-356-12,DR,N,280,B,A,A,A,A,N
Pacific,Gulf of Panama,Contadora,BF18-1-11,356,BF18-1-11-356,13,BF18-1-11-356-13,DR,Y,298,C,B,B,A,A,N
Pacific,Gulf of Panama,Contadora,BF18-1-11,356,BF18-1-11-356,14,BF18-1-11-356-14,DR,Y,256,C,A,A,A,A,N
Pacific,Gulf of Panama,Contadora,BF18-1-11,356,BF18-1-11-356,15,BF18-1-11-356-15,RA,Y,.,B,C,B,A,A,N
Pacific,Gulf of Panama,Contadora,BF18-1-11,356,BF18-1-11-356,16,BF18-1-11-356-16,RA,Y,275,B,A,A,A,C,N
Pacific,Gulf of Panama,Contadora,BF18-1-11,356,BF18-1-11-356,17,BF18-1-11-356-17,UNK,N,.,C,C,B,A,A,N
Pacific,Gulf of Panama,Contadora,BF18-1-11,356,BF18-1-11-356,18,BF18-1-11-356-18,UNK,.,.,C,D,B,A,A,Y
Pacific,Gulf of Panama,Contadora,BF18-1-11,356,BF18-1-11-356,19,BF18-1-11-356-19,GF,N,235,C,A,B,A,A,N
Pacific,Gulf of Panama,Contadora,BF18-1-11,356,BF18-1-11-356,20,BF18-1-11-356-20,GF,N,195,C,A,B,A,A,N
Pacific,Gulf of Panama,Contadora,BF18-1-11,356,BF18-1-11-356,21,BF18-1-11-356-21,UNK,Y,256,B,A,B,A,A,N
Pacific,Gulf of Panama,Contadora,BF18-1-11,356,BF18-1-11-356,22,BF18-1-11-356-22,RA,Y,367,C,A,A,A,A,N
Pacific,Gulf of Panama,Contadora,BF18-1-11,356,BF18-1-11-356,23,BF18-1-11-356-23,DR,Y,284,C,A,B,A,A,N
Pacific,Gulf of Panama,Contadora,BF18-1-11,356,BF18-1-11-356,24,BF18-1-11-356-24,A,Y,326,C,A,B,A,A,N
Pacific,Gulf of Panama,Contadora,BF18-1-11,356,BF18-1-11-356,25,BF18-1-11-356-25,DR,Y,252,C,A,B,A,A,N
Pacific,Gulf of Panama,Contadora,BF18-1-11,356,BF18-1-11-356,26,BF18-1-11-356-26,RA,.,.,C,C,B,A,A,N
Pacific,Gulf of Panama,Contadora,BF18-1-11,356,BF18-1-11-356,27,BF18-1-11-356-27,GF,N,229,C,A,A,A,A,N
Pacific,Gulf of Panama,Contadora,BF18-1-11,356,BF18-1-11-356,28,BF18-1-11-356-28,DR,N,.,C,B,B,B,A,N
Pacific,Gulf of Panama,Contadora,BF18-1-11,356,BF18-1-11-356,29,BF18-1-11-356-29,GF,Y,.,C,B,B,A,A,N
Pacific,Gulf of Panama,Contadora,BF18-1-11,356,BF18-1-11-356,30,BF18-1-11-356-30,A,N,269,B,A,B,A,A,N
Pacific,Gulf of Panama,Contadora,BF18-1-11,356,BF18-1-11-356,31,BF18-1-11-356-31,DR,Y,.,C,C,B,A,A,N
Pacific,Gulf of Panama,Contadora,BF18-1-11,356,BF18-1-11-356,32,BF18-1-11-356-32,DR,.,.,C,C,B,A,A,N
Pacific,Gulf of Panama,Contadora,BF18-1-11,10,BF18-1-11-10,1,BF18-1-11-10-1,DR,N,.,C,C,B,A,A,N
Pacific,Gulf of Panama,Contadora,BF18-1-11,10,BF18-1-11-10,2,BF18-1-11-10-2,RA,Y,310,C,B,B,A,A,N
Pacific,Gulf of Panama,Contadora,BF18-1-11,10,BF18-1-11-10,3,BF18-1-11-10-3,RA,Y,.,C,D,B,A,A,Y
Pacific,Gulf of Panama,Contadora,BF18-1-11,10,BF18-1-11-10,4,BF18-1-11-10-4,DR,Y,326,C,A,A,A,A,N
Pacific,Gulf of Panama,Contadora,BF18-1-11,10,BF18-1-11-10,5,BF18-1-11-10-5,DR,Y,284,C,B,B,A,A,N
Pacific,Gulf of Panama,Contadora,BF18-1-11,10,BF18-1-11-10,6,BF18-1-11-10-6,A,N,.,C,C,A,A,A,N
Pacific,Gulf of Panama,Contadora,BF18-1-11,10,BF18-1-11-10,7,BF18-1-11-10-7,RA,Y,.,C,C,B,A,A,N
Pacific,Gulf of Panama,Contadora,BF18-1-11,10,BF18-1-11-10,8,BF18-1-11-10-8,DR,Y,256,C,A,B,A,A,N
Pacific,Gulf of Panama,Contadora,BF18-1-13,10,BF18-1-13-10,1,BF18-1-13-10-1,A,N,325,C,A,A,A,A,N
Pacific,Gulf of Panama,Contadora,BF18-1-13,10,BF18-1-13-10,2,BF18-1-13-10-2,RA,Y,219,C,A,B,A,A,N
Pacific,Gulf of Panama,Contadora,BF18-1-13,10,BF18-1-13-10,3,BF18-1-13-10-3,UNK,N,.,C,D,B,A,A,Y
Pacific,Gulf of Panama,Contadora,BF18-1-13,10,BF18-1-13-10,4,BF18-1-13-10-4,UNK,Y,.,C,C,B,A,A,N
Pacific,Gulf of Panama,Contadora,BF18-1-13,10,BF18-1-13-10,5,BF18-1-13-10-5,RA,N,.,C,C,B,A,A,N
Pacific,Gulf of Panama,Contadora,BF18-1-13,10,BF18-1-13-10,6,BF18-1-13-10-6,A,N,308,C,A,A,A,A,N
Pacific,Gulf of Panama,Contadora,BF18-1-13,10,BF18-1-13-10,7,BF18-1-13-10-7,A,Y,.,C,C,B,A,A,N
Pacific,Gulf of Panama,Contadora,BF18-1-13,10,BF18-1-13-10,8,BF18-1-13-10-8,GF,N,210,C,B,B,A,A,N
Pacific,Gulf of Panama,Saboga,AT19-1-1,15,AT19-1-1-15,1,AT19-1-1-15-1,DR,N,355,C,A,B,A,A,N
Pacific,Gulf of Panama,Saboga,AT19-1-1,25,AT19-1-1-25,1,AT19-1-1-25-1,DR,N,336,C,A,B,A,A,N
Pacific,Gulf of Panama,Saboga,AT19-1-1,25,AT19-1-1-25,2,AT19-1-1-25-2,DR,Y,260,C,A,A,A,A,N
Pacific,Gulf of Panama,Saboga,AT19-1-1,25,AT19-1-1-25,3,AT19-1-1-25-3,GF,N,222,C,A,A,A,A,N
Pacific,Gulf of Panama,Saboga,AT19-1-1,25,AT19-1-1-25,4,AT19-1-1-25-4,RA,N,.,C,C,B,A,A,N
Pacific,Gulf of Panama,Saboga,AT19-1-2,10,AT19-1-2-10,1,AT19-1-2-10-1,DR,N,.,C,C,B,A,A,N
Pacific,Gulf of Panama,Saboga,AT19-1-2,15,AT19-1-2-15,1,AT19-1-2-15-1,DR,N,514,C,A,B,A,A,N
Pacific,Gulf of Panama,Saboga,AT19-1-2,25,AT19-1-2-25,1,AT19-1-2-25-1,DR,Y,275,B,A,A,A,A,N
Pacific,Gulf of Panama,Saboga,AT19-1-2,25,AT19-1-2-25,2,AT19-1-2-25-2,DR,N,.,C,C,B,A,A,N
Pacific,Gulf of Panama,Saboga,AT19-1-2,25,AT19-1-2-25,3,AT19-1-2-25-3,DR,N,.,C,C,B,A,A,N
Pacific,Gulf of Panama,Saboga,AT19-1-2,25,AT19-1-2-25,4,AT19-1-2-25-4,GF,Y,136,C,B,A,A,A,N
Pacific,Gulf of Panama,Saboga,AT19-1-2,25,AT19-1-2-25,5,AT19-1-2-25-5,UNK,.,.,C,D,B,A,A,Y
Pacific,Gulf of Panama,Saboga,AT19-1-2,30,AT19-1-2-30,1,AT19-1-2-30-1,RA,Y,.,C,C,B,A,A,N
Pacific,Gulf of Panama,Saboga,AT19-1-2,30,AT19-1-2-30,2,AT19-1-2-30-2,RA,Y,.,C,C,B,A,A,N
Pacific,Gulf of Panama,Saboga,AT19-1-2,30,AT19-1-2-30,3,AT19-1-2-30-3,DR,N,.,C,B,B,A,A,N
Pacific,Gulf of Panama,Saboga,AT19-1-2,30,AT19-1-2-30,4,AT19-1-2-30-4,RA,Y,343,C,B,B,A,A,N
Pacific,Gulf of Panama,Saboga,AT19-1-2,30,AT19-1-2-30,5,AT19-1-2-30-5,DR,N,351,C,B,B,A,A,N
Pacific,Gulf of Panama,Saboga,AT19-1-2,30,AT19-1-2-30,6,AT19-1-2-30-6,UNK,.,.,C,D,B,A,A,Y
Pacific,Gulf of Panama,Saboga,AT19-1-3,10,AT19-1-3-10,1,AT19-1-3-10-1,RA,Y,.,C,B,B,A,A,N
Pacific,Gulf of Panama,Saboga,AT19-1-3,10,AT19-1-3-10,2,AT19-1-3-10-2,GF,Y,299,C,A,A,A,A,N
Pacific,Gulf of Panama,Saboga,AT19-1-3,10,AT19-1-3-10,3,AT19-1-3-10-3,DR,Y,467,C,A,B,A,A,N
Pacific,Gulf of Panama,Saboga,AT19-1-1,40,AT19-1-1-40,1,AT19-1-1-40-1,RA,Y,.,C,B,B,A,A,N
Pacific,Gulf of Panama,Saboga,AT19-1-1,40,AT19-1-1-40,2,AT19-1-1-40-2,DR,Y,287,C,B,B,A,A,N
Pacific,Gulf of Panama,Saboga,AT19-1-1,40,AT19-1-1-40,3,AT19-1-1-40-3,GF,N,256,C,A,B,A,A,N
Pacific,Gulf of Panama,Saboga,AT19-1-1,40,AT19-1-1-40,4,AT19-1-1-40-4,RA,N,510,C,B,B,A,A,N
Pacific,Gulf of Panama,Saboga,AT19-1-1,40,AT19-1-1-40,5,AT19-1-1-40-5,RA,Y,.,C,C,B,A,A,N
Pacific,Gulf of Panama,Saboga,AT19-1-1,40,AT19-1-1-40,6,AT19-1-1-40-6,RA,Y,.,C,C,B,A,A,N
Pacific,Gulf of Panama,Saboga,AT19-1-1,40,AT19-1-1-40,7,AT19-1-1-40-7,RA,Y,397,C,A,B,A,A,N
Pacific,Gulf of Panama,Saboga,AT19-1-1,40,AT19-1-1-40,8,AT19-1-1-40-8,DR,N,289,C,A,B,A,A,N
Pacific,Gulf of Panama,Saboga,AT19-1-1,40,AT19-1-1-40,9,AT19-1-1-40-9,UNK,.,.,C,D,B,A,A,Y
Pacific,Gulf of Panama,Saboga,AT19-1-1,40,AT19-1-1-40,10,AT19-1-1-40-10,GF,Y,320,C,A,A,A,A,N
Pacific,Gulf of Panama,Saboga,AT19-1-1,40,AT19-1-1-40,11,AT19-1-1-40-11,GF,N,273,C,A,A,A,A,N
Pacific,Gulf of Panama,Saboga,AT19-1-1,40,AT19-1-1-40,12,AT19-1-1-40-12,UNK,.,.,C,D,B,A,A,Y
Pacific,Gulf of Panama,Saboga,AT19-1-1,40,AT19-1-1-40,13,AT19-1-1-40-13,DR,Y,.,C,C,B,A,C,N
Pacific,Gulf of Panama,Saboga,AT19-1-1,40,AT19-1-1-40,14,AT19-1-1-40-14,UNK,.,.,C,D,B,A,A,Y
Pacific,Gulf of Panama,Saboga,AT19-1-1,40,AT19-1-1-40,15,AT19-1-1-40-15,GF,Y,.,C,B,B,A,A,N
Pacific,Gulf of Panama,Saboga,AT19-1-1,40,AT19-1-1-40,16,AT19-1-1-40-16,DR,Y,282,C,A,B,A,A,N
Pacific,Gulf of Panama,Saboga,AT19-1-1,40,AT19-1-1-40,17,AT19-1-1-40-17,GF,N,245,C,B,A,A,A,N
Pacific,Gulf of Panama,Saboga,AT19-1-1,40,AT19-1-1-40,18,AT19-1-1-40-18,GF,Y,253,C,A,A,A,A,N
Pacific,Gulf of Panama,Contadora,BF18-1-13,286,BF18-1-13-286,1,BF18-1-13-286-1,RA,N,772,B,A,A,A,A,N
Pacific,Gulf of Panama,Contadora,BF18-1-13,286,BF18-1-13-286,2,BF18-1-13-286-2,DR,N,472,B,A,B,A,A,N
Pacific,Gulf of Panama,Contadora,BF18-1-13,286,BF18-1-13-286,3,BF18-1-13-286-3,GF,Y,352,B,A,A,A,A,N
Pacific,Gulf of Panama,Contadora,BF18-1-13,286,BF18-1-13-286,4,BF18-1-13-286-4,DR,Y,393,B,C,B,A,A,N
Pacific,Gulf of Panama,Contadora,BF18-1-13,286,BF18-1-13-286,5,BF18-1-13-286-5,A,N,768,B,A,A,A,A,N
Pacific,Gulf of Panama,Contadora,BF18-1-13,286,BF18-1-13-286,6,BF18-1-13-286-6,GF,N,582,A,A,A,A,A,N
Pacific,Gulf of Panama,Contadora,BF18-1-13,286,BF18-1-13-286,7,BF18-1-13-286-7,RA,N,674,B,A,A,A,A,N
Pacific,Gulf of Panama,Contadora,BF18-1-13,286,BF18-1-13-286,8,BF18-1-13-286-8,RA,Y,317,B,B,B,A,A,N
Pacific,Gulf of Panama,Contadora,BF18-1-13,286,BF18-1-13-286,9,BF18-1-13-286-9,DR,N,300,C,B,B,A,A,N
Pacific,Gulf of Panama,Contadora,BF18-1-13,286,BF18-1-13-286,10,BF18-1-13-286-10,RA,Y,315,C,B,B,A,A,N
Pacific,Gulf of Panama,Contadora,BF18-1-13,286,BF18-1-13-286,11,BF18-1-13-286-11,DR,Y,318,C,C,B,A,A,N
Pacific,Gulf of Panama,Contadora,BF18-1-13,286,BF18-1-13-286,12,BF18-1-13-286-12,GF,Y,626,B,A,A,A,B,N
Pacific,Gulf of Panama,Contadora,BF18-1-13,286,BF18-1-13-286,13,BF18-1-13-286-13,GF,Y,208,B,A,A,A,A,N
Pacific,Gulf of Panama,Contadora,BF18-1-13,286,BF18-1-13-286,14,BF18-1-13-286-14,UNK,Y,.,C,D,B,A,A,Y
Pacific,Gulf of Panama,Contadora,BF18-1-13,286,BF18-1-13-286,15,BF18-1-13-286-15,DR,Y,211,A,A,A,A,A,N
Pacific,Gulf of Panama,Contadora,BF18-1-13,286,BF18-1-13-286,16,BF18-1-13-286-16,A,N,243,C,C,B,A,A,N
Pacific,Gulf of Panama,Contadora,BF18-1-13,286,BF18-1-13-286,17,BF18-1-13-286-17,DR,Y,281,C,B,B,A,A,N
Pacific,Gulf of Panama,Contadora,BF18-1-13,286,BF18-1-13-286,18,BF18-1-13-286-18,DR,N,364,C,C,B,A,A,N
Pacific,Gulf of Panama,Contadora,BF18-1-13,286,BF18-1-13-286,19,BF18-1-13-286-19,GF,Y,218,C,C,B,A,A,N
Pacific,Gulf of Panama,Contadora,BF18-1-13,286,BF18-1-13-286,20,BF18-1-13-286-20,DR,Y,218,C,C,B,A,A,N
Pacific,Gulf of Panama,Contadora,BF18-1-13,286,BF18-1-13-286,21,BF18-1-13-286-21,UNK,Y,.,C,D,B,A,A,Y
Pacific,Gulf of Panama,Contadora,BF18-1-13,286,BF18-1-13-286,22,BF18-1-13-286-22,UNK,.,.,.,D,B,A,A,Y
Pacific,Gulf of Panama,Isla Iguana,JC22-2-2,40,JC22-2-2-40,1,JC22-2-2-40-1,DR,Y,392,C,A,B,A,A,N
Pacific,Gulf of Panama,Isla Iguana,JC22-2-2,40,JC22-2-2-40,2,JC22-2-2-40-2,DR,Y,368,B,B,.,B,A,N
Pacific,Gulf of Panama,Isla Iguana,JC22-2-2,40,JC22-2-2-40,3,JC22-2-2-40-3,DR,Y,.,C,C,.,A,A,N
Pacific,Gulf of Panama,Isla Iguana,JC22-2-2,40,JC22-2-2-40,4,JC22-2-2-40-4,GF,Y,340,C,A,B,A,A,N
Pacific,Gulf of Panama,Isla Iguana,JC22-2-2,135,JC22-2-2-135,1,JC22-2-2-135-1,RA,.,.,C,B,B,A,A,N
Pacific,Gulf of Panama,Isla Iguana,JC22-2-2,135,JC22-2-2-135,2,JC22-2-2-135-2,A,.,.,C,B,B,A,A,N
Pacific,Gulf of Panama,Isla Iguana,JC22-2-2,135,JC22-2-2-135,3,JC22-2-2-135-3,RA,.,.,C,B,B,A,A,N
Pacific,Gulf of Panama,Isla Iguana,JC22-2-2,135,JC22-2-2-135,4,JC22-2-2-135-4,RA,.,.,C,C,B,A,A,N
Pacific,Gulf of Panama,Isla Iguana,JC22-2-2,135,JC22-2-2-135,5,JC22-2-2-135-5,A,.,.,C,C,B,A,A,N
Pacific,Gulf of Panama,Isla Iguana,JC22-2-2,135,JC22-2-2-135,6,JC22-2-2-135-6,RA,.,.,C,A,B,A,A,N
Pacific,Gulf of Panama,Isla Iguana,JC22-2-2,135,JC22-2-2-135,7,JC22-2-2-135-7,A,.,.,C,A,B,A,A,N
Pacific,Gulf of Panama,Isla Iguana,JC22-2-2,135,JC22-2-2-135,8,JC22-2-2-135-8,RA,.,.,C,A,A,A,A,N
Pacific,Gulf of Panama,Isla Iguana,JC22-2-2,135,JC22-2-2-135,9,JC22-2-2-135-9,GF,.,.,C,A,B,A,A,N
Pacific,Gulf of Panama,Isla Iguana,JC22-2-2,135,JC22-2-2-135,10,JC22-2-2-135-10,A,.,.,C,B,B,A,A,N
Pacific,Gulf of Panama,Isla Iguana,JC22-2-2,135,JC22-2-2-135,11,JC22-2-2-135-11,DR,.,.,B,A,A,A,A,N
Pacific,Gulf of Panama,Isla Iguana,JC22-2-2,135,JC22-2-2-135,12,JC22-2-2-135-12,RA,.,.,C,C,A,A,A,N
Pacific,Gulf of Panama,Isla Iguana,JC22-2-2,135,JC22-2-2-135,13,JC22-2-2-135-13,DR,.,.,C,B,B,A,A,N
Pacific,Gulf of Panama,Isla Iguana,JC22-2-2,135,JC22-2-2-135,14,JC22-2-2-135-14,DR,.,.,B,B,B,A,A,N
Pacific,Gulf of Panama,Isla Iguana,JC22-2-2,135,JC22-2-2-135,15,JC22-2-2-135-15,GF,.,.,C,A,A,A,A,N
Pacific,Gulf of Panama,Isla Iguana,JC22-2-2,135,JC22-2-2-135,16,JC22-2-2-135-16,RA,.,.,C,A,B,A,B,N
Pacific,Gulf of Panama,Isla Iguana,JC22-2-2,135,JC22-2-2-135,17,JC22-2-2-135-17,RA,.,.,C,A,B,A,A,N
Pacific,Gulf of Panama,Isla Iguana,JC22-2-2,135,JC22-2-2-135,18,JC22-2-2-135-18,DR,.,.,C,A,A,A,A,N
Pacific,Gulf of Panama,Isla Iguana,JC22-2-2,135,JC22-2-2-135,19,JC22-2-2-135-19,DR,.,.,C,A,B,A,A,N
Pacific,Gulf of Panama,Isla Iguana,JC22-2-2,135,JC22-2-2-135,20,JC22-2-2-135-20,DR,.,.,C,A,B,A,A,N
Pacific,Gulf of Panama,Isla Iguana,JC22-2-2,135,JC22-2-2-135,21,JC22-2-2-135-21,A,.,.,C,A,A,A,A,N
Pacific,Gulf of Panama,Isla Iguana,JC22-2-2,135,JC22-2-2-135,22,JC22-2-2-135-22,GF,.,.,C,A,B,A,A,N
Pacific,Gulf of Panama,Isla Iguana,JC22-2-2,135,JC22-2-2-135,23,JC22-2-2-135-23,A,.,.,C,C,B,A,A,N
Pacific,Gulf of Panama,Isla Iguana,JC22-2-2,135,JC22-2-2-135,24,JC22-2-2-135-24,DR,.,.,C,C,B,A,A,N
Pacific,Gulf of Panama,Isla Iguana,JC22-2-2,135,JC22-2-2-135,25,JC22-2-2-135-25,DR,.,.,C,C,B,A,A,N
Pacific,Gulf of Panama,Isla Iguana,JC22-2-2,135,JC22-2-2-135,26,JC22-2-2-135-26,A,.,.,C,A,B,B,A,N
Pacific,Gulf of Panama,Isla Iguana,JC22-2-2,135,JC22-2-2-135,27,JC22-2-2-135-27,RA,.,.,C,C,B,A,A,N
Pacific,Gulf of Panama,Isla Iguana,JC22-2-2,135,JC22-2-2-135,28,JC22-2-2-135-28,DR,.,.,C,C,B,A,A,N
Pacific,Gulf of Panama,Isla Iguana,JC22-2-2,135,JC22-2-2-135,29,JC22-2-2-135-29,DR,.,.,C,B,B,A,A,N
Pacific,Gulf of Panama,Isla Iguana,JC22-2-2,135,JC22-2-2-135,30,JC22-2-2-135-30,A,.,.,C,C,B,A,A,N
Pacific,Gulf of Panama,Isla Iguana,JC22-2-2,135,JC22-2-2-135,31,JC22-2-2-135-31,RA,.,.,C,C,B,A,A,N
Pacific,Gulf of Panama,Isla Iguana,JC22-2-2,135,JC22-2-2-135,32,JC22-2-2-135-32,RA,.,.,C,C,B,A,A,N
Pacific,Gulf of Panama,Isla Iguana,JC22-2-2,135,JC22-2-2-135,33,JC22-2-2-135-33,GF,.,.,C,A,B,A,A,N
Pacific,Gulf of Panama,Isla Iguana,JC22-2-2,135,JC22-2-2-135,34,JC22-2-2-135-34,DR,.,.,C,C,B,A,A,N
Pacific,Gulf of Panama,Isla Iguana,JC22-2-2,135,JC22-2-2-135,35,JC22-2-2-135-35,RA,.,.,C,C,B,A,A,N
Pacific,Gulf of Panama,Isla Iguana,JC22-2-2,135,JC22-2-2-135,36,JC22-2-2-135-36,DR,.,.,B,A,B,A,A,N
Pacific,Gulf of Panama,Isla Iguana,JC22-2-2,135,JC22-2-2-135,37,JC22-2-2-135-37,A,.,.,C,B,B,A,A,N
Pacific,Gulf of Panama,Isla Iguana,JC22-2-2,135,JC22-2-2-135,38,JC22-2-2-135-38,DR,.,.,C,C,B,A,A,N
Pacific,Gulf of Panama,Isla Iguana,JC22-2-2,135,JC22-2-2-135,39,JC22-2-2-135-39,DR,.,.,C,B,B,A,A,N
Pacific,Gulf of Panama,Isla Iguana,JC22-2-2,135,JC22-2-2-135,40,JC22-2-2-135-40,RA,.,.,C,B,B,A,A,N
Pacific,Gulf of Panama,Isla Iguana,JC22-2-2,135,JC22-2-2-135,41,JC22-2-2-135-41,A,.,.,C,A,A,A,A,N
Pacific,Gulf of Panama,Isla Iguana,JC22-2-2,135,JC22-2-2-135,42,JC22-2-2-135-42,DR,.,.,B,B,B,A,A,N
Pacific,Gulf of Panama,Isla Iguana,JC22-2-2,135,JC22-2-2-135,43,JC22-2-2-135-43,RA,.,.,C,A,B,A,A,N
Pacific,Gulf of Panama,Isla Iguana,JC22-2-2,135,JC22-2-2-135,44,JC22-2-2-135-44,A,.,.,C,A,B,A,A,N
Pacific,Gulf of Panama,Isla Iguana,JC22-2-2,135,JC22-2-2-135,45,JC22-2-2-135-45,DR,.,.,C,A,B,A,A,N
Pacific,Gulf of Panama,Isla Iguana,JC22-2-2,135,JC22-2-2-135,46,JC22-2-2-135-46,DR,.,.,C,A,B,A,A,N
Pacific,Gulf of Panama,Isla Iguana,JC22-2-2,135,JC22-2-2-135,47,JC22-2-2-135-47,DR,.,.,A,B,B,A,A,N
Pacific,Gulf of Panama,Isla Iguana,JC22-2-2,135,JC22-2-2-135,48,JC22-2-2-135-48,A,.,.,C,C,B,A,A,N
Pacific,Gulf of Panama,Isla Iguana,JC22-2-2,135,JC22-2-2-135,49,JC22-2-2-135-49,A,.,.,C,A,B,A,A,N
Pacific,Gulf of Panama,Isla Iguana,JC22-2-2,135,JC22-2-2-135,50,JC22-2-2-135-50,GF,.,.,C,B,B,A,A,N
Pacific,Gulf of Panama,Isla Iguana,JC22-2-2,135,JC22-2-2-135,51,JC22-2-2-135-51,DR,.,.,C,C,B,A,A,N
Pacific,Gulf of Panama,Isla Iguana,JC22-2-2,135,JC22-2-2-135,52,JC22-2-2-135-52,RA,.,.,C,C,B,A,A,N
Pacific,Gulf of Panama,Isla Iguana,JC22-2-2,135,JC22-2-2-135,53,JC22-2-2-135-53,DR,.,.,C,A,A,A,A,N
Pacific,Gulf of Panama,Isla Iguana,JC22-2-2,135,JC22-2-2-135,54,JC22-2-2-135-54,DR,.,.,C,A,B,A,A,N
Pacific,Gulf of Panama,Isla Iguana,JC22-2-2,135,JC22-2-2-135,55,JC22-2-2-135-55,DR,.,.,C,B,B,A,A,N
Pacific,Gulf of Panama,Isla Iguana,JC22-2-2,135,JC22-2-2-135,56,JC22-2-2-135-56,RA,.,.,C,C,B,A,A,N
Pacific,Gulf of Panama,Isla Iguana,JC22-2-2,135,JC22-2-2-135,57,JC22-2-2-135-57,RA,.,.,C,A,A,A,C,N
Pacific,Gulf of Panama,Isla Iguana,JC22-2-2,135,JC22-2-2-135,58,JC22-2-2-135-58,RA,.,.,C,B,A,A,A,N
Pacific,Gulf of Panama,Isla Iguana,JC22-2-2,135,JC22-2-2-135,59,JC22-2-2-135-59,DR,.,.,C,A,B,A,A,N
Pacific,Gulf of Panama,Isla Iguana,JC22-2-2,135,JC22-2-2-135,60,JC22-2-2-135-60,DR,.,.,C,B,B,A,A,N
Pacific,Gulf of Panama,Isla Iguana,JC22-2-2,135,JC22-2-2-135,61,JC22-2-2-135-61,A,.,.,C,A,B,A,A,N
Pacific,Gulf of Panama,Isla Iguana,JC22-2-2,135,JC22-2-2-135,62,JC22-2-2-135-62,A,.,.,C,A,B,A,A,N
Pacific,Gulf of Panama,Isla Iguana,JC22-2-2,135,JC22-2-2-135,63,JC22-2-2-135-63,DR,.,.,C,B,B,A,A,N
Pacific,Gulf of Panama,Isla Iguana,JC22-2-2,135,JC22-2-2-135,64,JC22-2-2-135-64,A,.,.,C,C,B,A,A,N
Pacific,Gulf of Panama,Isla Iguana,JC22-2-2,135,JC22-2-2-135,65,JC22-2-2-135-65,GF,.,.,C,B,A,A,A,N
Pacific,Gulf of Panama,Isla Iguana,JC22-2-2,135,JC22-2-2-135,66,JC22-2-2-135-66,DR,.,.,C,A,B,A,A,N
Pacific,Gulf of Panama,Isla Iguana,JC22-2-2,135,JC22-2-2-135,67,JC22-2-2-135-67,DR,.,.,C,A,A,A,A,N
Pacific,Gulf of Panama,Isla Iguana,JC22-2-2,135,JC22-2-2-135,68,JC22-2-2-135-68,DR,.,.,C,C,B,A,A,N
Pacific,Gulf of Panama,Isla Iguana,JC22-2-2,135,JC22-2-2-135,69,JC22-2-2-135-69,RA,.,.,C,A,B,A,A,N
Pacific,Gulf of Panama,Isla Iguana,JC22-2-2,135,JC22-2-2-135,70,JC22-2-2-135-70,DR,.,.,C,A,B,A,A,N
Pacific,Gulf of Panama,Isla Iguana,JC22-2-2,135,JC22-2-2-135,71,JC22-2-2-135-71,DR,.,.,C,C,B,A,A,N
Pacific,Gulf of Panama,Isla Iguana,JC22-2-2,135,JC22-2-2-135,72,JC22-2-2-135-72,A,.,.,C,B,A,A,A,N
Pacific,Gulf of Panama,Isla Iguana,JC22-2-2,135,JC22-2-2-135,73,JC22-2-2-135-73,RA,.,.,C,C,B,A,A,N
Pacific,Gulf of Panama,Isla Iguana,JC22-2-2,135,JC22-2-2-135,74,JC22-2-2-135-74,GF,.,.,C,A,A,A,A,N
Pacific,Gulf of Panama,Isla Iguana,JC22-2-2,135,JC22-2-2-135,75,JC22-2-2-135-75,DR,.,.,C,B,B,A,A,N
Pacific,Gulf of Panama,Isla Iguana,JC22-2-2,135,JC22-2-2-135,76,JC22-2-2-135-76,GF,.,.,C,A,A,A,A,N
Pacific,Gulf of Panama,Isla Iguana,JC22-2-2,135,JC22-2-2-135,77,JC22-2-2-135-77,RA,.,.,C,C,B,A,C,N
Pacific,Gulf of Panama,Isla Iguana,JC22-2-2,135,JC22-2-2-135,78,JC22-2-2-135-78,RA,.,.,C,B,B,A,A,N
Pacific,Gulf of Panama,Isla Iguana,JC22-2-2,135,JC22-2-2-135,79,JC22-2-2-135-79,RA,.,.,C,B,B,A,A,N
Pacific,Gulf of Panama,Isla Iguana,JC22-2-2,135,JC22-2-2-135,80,JC22-2-2-135-80,UNK,.,.,C,D,B,A,A,Y
Pacific,Gulf of Panama,Isla Iguana,JC22-2-2,135,JC22-2-2-135,81,JC22-2-2-135-81,UNK,.,.,C,D,B,A,A,Y
Pacific,Gulf of Panama,Isla Iguana,JC22-2-2,135,JC22-2-2-135,82,JC22-2-2-135-82,UNK,.,.,C,D,B,A,A,Y
Pacific,Gulf of Panama,Isla Iguana,JC22-2-2,135,JC22-2-2-135,83,JC22-2-2-135-83,UNK,.,.,C,D,B,A,A,Y
Pacific,Gulf of Panama,Isla Iguana,JC22-2-2,135,JC22-2-2-135,84,JC22-2-2-135-84,UNK,.,.,C,D,B,A,A,Y
Pacific,Gulf of Panama,Isla Iguana,JC22-2-2,135,JC22-2-2-135,85,JC22-2-2-135-85,UNK,.,.,C,D,B,A,A,Y
Pacific,Gulf of Panama,Isla Iguana,JC22-2-2,135,JC22-2-2-135,86,JC22-2-2-135-86,UNK,.,.,C,D,B,A,A,Y
Pacific,Gulf of Panama,Isla Iguana,JC22-2-2,135,JC22-2-2-135,87,JC22-2-2-135-87,UNK,.,.,C,D,B,A,A,Y
Pacific,Gulf of Panama,Isla Iguana,JC22-2-2,135,JC22-2-2-135,88,JC22-2-2-135-88,UNK,.,.,C,D,B,A,A,Y
Pacific,Gulf of Panama,Isla Iguana,JC22-2-2,135,JC22-2-2-135,89,JC22-2-2-135-89,UNK,.,.,C,D,B,A,A,Y
Pacific,Gulf of Panama,Isla Iguana,JC22-2-2,135,JC22-2-2-135,90,JC22-2-2-135-90,UNK,.,.,C,D,B,A,A,Y
Pacific,Gulf of Panama,Isla Iguana,JC22-2-2,135,JC22-2-2-135,91,JC22-2-2-135-91,UNK,.,.,C,D,B,A,A,Y
Pacific,Gulf of Panama,Isla Iguana,JC22-2-2,135,JC22-2-2-135,92,JC22-2-2-135-92,UNK,.,.,C,D,B,A,A,Y
Pacific,Gulf of Panama,Isla Iguana,JC22-2-2,135,JC22-2-2-135,93,JC22-2-2-135-93,UNK,.,.,C,D,B,A,A,Y
Pacific,Gulf of Panama,Isla Iguana,JC22-2-2,135,JC22-2-2-135,94,JC22-2-2-135-94,UNK,.,.,C,D,B,A,A,Y
Pacific,Gulf of Panama,Isla Iguana,JC22-2-2,135,JC22-2-2-135,95,JC22-2-2-135-95,UNK,.,.,C,D,B,A,A,Y
Pacific,Gulf of Panama,Isla Iguana,JC22-2-2,135,JC22-2-2-135,96,JC22-2-2-135-96,UNK,.,.,C,D,B,A,A,Y
Pacific,Gulf of Panama,Isla Iguana,JC22-2-2,135,JC22-2-2-135,97,JC22-2-2-135-97,UNK,.,.,C,D,B,A,A,Y
Pacific,Gulf of Panama,Isla Iguana,JC22-2-2,135,JC22-2-2-135,98,JC22-2-2-135-98,UNK,.,.,C,D,B,A,A,Y
Pacific,Gulf of Panama,Isla Iguana,JC22-2-2,135,JC22-2-2-135,99,JC22-2-2-135-99,UNK,.,.,C,D,B,A,A,Y
Pacific,Gulf of Panama,Isla Iguana,JC22-2-2,135,JC22-2-2-135,100,JC22-2-2-135-100,UNK,.,.,C,D,B,A,A,Y
Pacific,Gulf of Panama,Isla Iguana,JC22-2-2,135,JC22-2-2-135,101,JC22-2-2-135-101,UNK,.,.,C,D,B,A,A,Y
Pacific,Gulf of Panama,Isla Iguana,JC22-2-2,135,JC22-2-2-135,102,JC22-2-2-135-102,UNK,.,.,C,D,B,A,A,Y
Pacific,Gulf of Panama,Isla Iguana,JC22-2-2,135,JC22-2-2-135,103,JC22-2-2-135-103,UNK,.,.,C,D,B,A,A,Y
Pacific,Gulf of Panama,Isla Iguana,JC22-2-2,135,JC22-2-2-135,104,JC22-2-2-135-104,UNK,.,.,C,D,B,A,A,Y
Pacific,Gulf of Panama,Isla Iguana,JC22-2-1,45,JC22-2-1-45,1,JC22-2-1-45-1,DR,Y,400,C,C,B,A,A,N
Pacific,Gulf of Panama,Isla Iguana,JC22-2-1,60,JC22-2-1-60,1,JC22-2-1-60-1,RA,Y,405,C,C,B,A,B,N
Pacific,Gulf of Panama,Isla Iguana,JC22-2-1,60,JC22-2-1-60,2,JC22-2-1-60-2,DR,Y,305,C,C,B,A,A,N
Pacific,Gulf of Panama,Isla Iguana,JC22-2-1,60,JC22-2-1-60,3,JC22-2-1-60-3,RA,Y,200,C,C,B,B,A,N
Pacific,Gulf of Panama,Isla Iguana,JC22-2-1,60,JC22-2-1-60,4,JC22-2-1-60-4,DR,Y,333,C,C,B,A,A,N
Pacific,Gulf of Panama,Isla Iguana,JC22-2-1,60,JC22-2-1-60,5,JC22-2-1-60-5,DR,Y,291,B,C,B,A,A,N
Pacific,Gulf of Panama,Isla Iguana,JC22-2-1,60,JC22-2-1-60,6,JC22-2-1-60-6,GF,Y,432,C,A,A,B,A,N
Pacific,Gulf of Panama,Isla Iguana,JC22-2-1,60,JC22-2-1-60,7,JC22-2-1-60-7,DR,Y,291,B,B,B,A,A,N
Pacific,Gulf of Panama,Isla Iguana,JC22-2-1,60,JC22-2-1-60,8,JC22-2-1-60-8,GF,Y,461,C,B,B,A,A,N
Pacific,Gulf of Panama,Isla Iguana,JC22-2-1,60,JC22-2-1-60,9,JC22-2-1-60-9,RA,Y,310,C,B,B,A,A,N
Pacific,Gulf of Panama,Isla Iguana,JC22-2-1,60,JC22-2-1-60,10,JC22-2-1-60-10,DR,Y,281,C,B,B,A,A,N
Pacific,Gulf of Panama,Isla Iguana,JC22-2-1,60,JC22-2-1-60,11,JC22-2-1-60-11,DR,Y,262,C,B,B,A,A,N
Pacific,Gulf of Panama,Isla Iguana,JC22-2-1,60,JC22-2-1-60,12,JC22-2-1-60-12,RA,Y,363,C,C,B,A,A,N
Pacific,Gulf of Panama,Isla Iguana,JC22-2-1,60,JC22-2-1-60,13,JC22-2-1-60-13,GF,Y,613,B,B,B,A,A,N
Pacific,Gulf of Panama,Isla Iguana,JC22-2-1,60,JC22-2-1-60,14,JC22-2-1-60-14,DR,Y,309,C,B,B,A,A,N
Pacific,Gulf of Panama,Isla Iguana,JC22-2-1,60,JC22-2-1-60,15,JC22-2-1-60-15,DR,Y,327,C,C,B,A,A,N
Pacific,Gulf of Panama,Isla Iguana,JC22-2-1,60,JC22-2-1-60,16,JC22-2-1-60-16,DR,N,284,C,B,B,A,A,N
Pacific,Gulf of Panama,Isla Iguana,JC22-2-1,60,JC22-2-1-60,17,JC22-2-1-60-17,RA,Y,389,C,C,B,A,A,N
Pacific,Gulf of Panama,Isla Iguana,JC22-2-1,60,JC22-2-1-60,18,JC22-2-1-60-18,GF,Y,499,C,B,B,A,A,N
Pacific,Gulf of Panama,Isla Iguana,JC22-2-1,70,JC22-2-1-70,1,JC22-2-1-70-1,DR,Y,400,C,C,B,A,A,N
Pacific,Gulf of Panama,Isla Iguana,JC22-2-1,70,JC22-2-1-70,2,JC22-2-1-70-2,DR,Y,575,C,C,B,A,A,N
Pacific,Gulf of Panama,Isla Iguana,JC22-2-1,70,JC22-2-1-70,3,JC22-2-1-70-3,A,N,248,C,C,B,A,A,N
Pacific,Gulf of Panama,Isla Iguana,JC22-2-1,70,JC22-2-1-70,4,JC22-2-1-70-4,DR,Y,345,C,B,B,A,A,N
Pacific,Gulf of Panama,Isla Iguana,JC22-2-1,70,JC22-2-1-70,5,JC22-2-1-70-5,DR,Y,444,C,C,B,A,A,N
Pacific,Gulf of Panama,Isla Iguana,JC22-2-1,70,JC22-2-1-70,6,JC22-2-1-70-6,RA,Y,483,C,C,B,A,A,N
Pacific,Gulf of Panama,Isla Iguana,JC22-2-1,70,JC22-2-1-70,7,JC22-2-1-70-7,DR,Y,461,C,C,B,A,A,N
Pacific,Gulf of Panama,Isla Iguana,JC22-2-1,70,JC22-2-1-70,8,JC22-2-1-70-8,GF,Y,441,C,C,B,A,A,N
Pacific,Gulf of Panama,Isla Iguana,JC22-2-1,70,JC22-2-1-70,9,JC22-2-1-70-9,DR,Y,332,C,B,B,A,A,N
Pacific,Gulf of Panama,Isla Iguana,JC22-2-1,70,JC22-2-1-70,10,JC22-2-1-70-10,RA,Y,363,C,B,B,A,A,N
Pacific,Gulf of Panama,Isla Iguana,JC22-2-1,70,JC22-2-1-70,11,JC22-2-1-70-11,GF,Y,432,C,A,A,A,A,N
Pacific,Gulf of Panama,Isla Iguana,JC22-2-1,70,JC22-2-1-70,12,JC22-2-1-70-12,DR,Y,319,C,C,B,A,A,N
Pacific,Gulf of Panama,Isla Iguana,JC22-2-1,70,JC22-2-1-70,13,JC22-2-1-70-13,RA,Y,292,C,C,B,A,A,N
Pacific,Gulf of Panama,Isla Iguana,JC22-2-1,70,JC22-2-1-70,14,JC22-2-1-70-14,DR,Y,290,C,C,B,C,A,N
Pacific,Gulf of Panama,Isla Iguana,JC22-2-1,70,JC22-2-1-70,15,JC22-2-1-70-15,DR,Y,211,C,C,B,A,A,N
Pacific,Gulf of Panama,Isla Iguana,JC22-2-1,70,JC22-2-1-70,16,JC22-2-1-70-16,RA,Y,392,C,C,B,A,A,N
Pacific,Gulf of Panama,Isla Iguana,JC22-2-1,70,JC22-2-1-70,17,JC22-2-1-70-17,RA,Y,380,C,C,B,A,A,N
Pacific,Gulf of Panama,Isla Iguana,JC22-2-1,70,JC22-2-1-70,18,JC22-2-1-70-18,DR,Y,369,C,C,B,A,A,N
Pacific,Gulf of Panama,Isla Iguana,JC22-2-1,70,JC22-2-1-70,19,JC22-2-1-70-19,RA,Y,309,C,C,B,C,A,N
Pacific,Gulf of Panama,Isla Iguana,JC22-2-1,70,JC22-2-1-70,20,JC22-2-1-70-20,DR,Y,373,C,C,B,C,A,N
Pacific,Gulf of Panama,Isla Iguana,JC22-2-1,70,JC22-2-1-70,21,JC22-2-1-70-21,RA,Y,317,C,C,B,B,A,N
Pacific,Gulf of Panama,Isla Iguana,JC22-2-1,195,JC22-2-1-195,1,JC22-2-1-195-1,DR,Y,499,A,A,A,A,A,N
Pacific,Gulf of Panama,Isla Iguana,JC22-2-1,195,JC22-2-1-195,2,JC22-2-1-195-2,DR,Y,494,C,A,A,A,A,N
Pacific,Gulf of Panama,Isla Iguana,JC22-2-1,195,JC22-2-1-195,3,JC22-2-1-195-3,DR,Y,520,B,A,A,A,A,N
Pacific,Gulf of Panama,Isla Iguana,JC22-2-1,195,JC22-2-1-195,4,JC22-2-1-195-4,DR,Y,473,B,C,B,A,A,N
Pacific,Gulf of Panama,Isla Iguana,JC22-2-1,195,JC22-2-1-195,5,JC22-2-1-195-5,DR,Y,304,B,A,A,A,A,N
Pacific,Gulf of Panama,Isla Iguana,JC22-2-1,195,JC22-2-1-195,6,JC22-2-1-195-6,DR,Y,386,A,A,A,A,A,N
Pacific,Gulf of Panama,Isla Iguana,JC22-2-1,195,JC22-2-1-195,7,JC22-2-1-195-7,RA,Y,411,B,C,B,A,A,N
Pacific,Gulf of Panama,Isla Iguana,JC22-2-1,195,JC22-2-1-195,8,JC22-2-1-195-8,DR,Y,368,C,B,B,A,A,N
Pacific,Gulf of Panama,Isla Iguana,JC22-2-1,195,JC22-2-1-195,9,JC22-2-1-195-9,GF,Y,373,B,A,A,B,A,N
Pacific,Gulf of Panama,Isla Iguana,JC22-2-1,195,JC22-2-1-195,10,JC22-2-1-195-10,GF,Y,438,C,C,B,B,A,N
Pacific,Gulf of Panama,Isla Iguana,JC22-2-1,195,JC22-2-1-195,11,JC22-2-1-195-11,DR,Y,386,C,D,B,A,A,Y
Pacific,Gulf of Panama,Isla Iguana,JC22-2-1,195,JC22-2-1-195,12,JC22-2-1-195-12,DR,Y,457,B,C,B,B,A,N
Pacific,Gulf of Panama,Isla Iguana,JC22-2-1,195,JC22-2-1-195,13,JC22-2-1-195-13,DR,Y,354,C,B,B,A,A,N
Pacific,Gulf of Panama,Isla Iguana,JC22-2-1,195,JC22-2-1-195,14,JC22-2-1-195-14,DR,Y,456,B,B,B,A,A,N
Pacific,Gulf of Panama,Isla Iguana,JC22-2-1,195,JC22-2-1-195,15,JC22-2-1-195-15,DR,Y,435,A,B,B,A,A,N
Pacific,Gulf of Panama,Isla Iguana,JC22-2-1,195,JC22-2-1-195,16,JC22-2-1-195-16,DR,Y,451,C,C,B,B,A,N
Pacific,Gulf of Panama,Isla Iguana,JC22-2-1,195,JC22-2-1-195,17,JC22-2-1-195-17,A,N,540,B,A,A,A,A,N
Pacific,Gulf of Panama,Isla Iguana,JC22-2-1,195,JC22-2-1-195,18,JC22-2-1-195-18,DR,Y,365,B,C,B,B,A,N
Pacific,Gulf of Panama,Isla Iguana,JC22-2-1,195,JC22-2-1-195,19,JC22-2-1-195-19,DR,Y,416,C,C,B,A,A,N
Pacific,Gulf of Panama,Isla Iguana,JC22-2-1,195,JC22-2-1-195,20,JC22-2-1-195-20,RA,Y,340,C,C,B,A,B,N
Pacific,Gulf of Panama,Isla Iguana,JC22-2-1,195,JC22-2-1-195,21,JC22-2-1-195-21,DR,Y,438,B,C,B,A,A,N
Pacific,Gulf of Panama,Isla Iguana,JC22-2-1,195,JC22-2-1-195,22,JC22-2-1-195-22,DR,Y,371,C,C,B,C,B,N
Pacific,Gulf of Panama,Isla Iguana,JC22-2-1,195,JC22-2-1-195,23,JC22-2-1-195-23,A,N,629,A,A,A,A,A,N
Pacific,Gulf of Panama,Isla Iguana,JC22-2-1,195,JC22-2-1-195,24,JC22-2-1-195-24,A,N,537,C,B,A,B,A,N
Pacific,Gulf of Panama,Isla Iguana,JC22-2-1,195,JC22-2-1-195,25,JC22-2-1-195-25,DR,Y,387,C,C,B,A,A,N
Pacific,Gulf of Panama,Isla Iguana,JC22-2-1,195,JC22-2-1-195,26,JC22-2-1-195-26,A,Y,375,C,D,B,A,C,Y
Pacific,Gulf of Panama,Isla Iguana,JC22-2-1,195,JC22-2-1-195,27,JC22-2-1-195-27,DR,Y,390,A,B,B,A,A,N
Pacific,Gulf of Panama,Isla Iguana,JC22-2-1,195,JC22-2-1-195,28,JC22-2-1-195-28,RA,Y,376,C,C,B,B,A,N
Pacific,Gulf of Panama,Isla Iguana,JC22-2-1,195,JC22-2-1-195,29,JC22-2-1-195-29,DR,Y,527,B,B,B,A,A,N
Pacific,Gulf of Panama,Isla Iguana,JC22-2-1,195,JC22-2-1-195,30,JC22-2-1-195-30,RA,Y,316,C,C,B,A,A,N
Pacific,Gulf of Panama,Isla Iguana,JC22-2-1,195,JC22-2-1-195,31,JC22-2-1-195-31,DR,Y,280,C,C,B,A,A,N
Pacific,Gulf of Panama,Isla Iguana,JC22-2-1,195,JC22-2-1-195,32,JC22-2-1-195-32,DR,Y,576,C,B,B,A,B,N
Pacific,Gulf of Panama,Isla Iguana,JC22-2-1,195,JC22-2-1-195,33,JC22-2-1-195-33,RA,Y,448,C,B,B,A,A,N
Pacific,Gulf of Panama,Isla Iguana,JC22-2-1,195,JC22-2-1-195,34,JC22-2-1-195-34,DR,Y,417,B,C,B,A,A,N
Pacific,Gulf of Panama,Isla Iguana,JC22-2-1,195,JC22-2-1-195,35,JC22-2-1-195-35,DR,Y,373,A,B,B,A,A,N
Pacific,Gulf of Panama,Isla Iguana,JC22-2-1,195,JC22-2-1-195,36,JC22-2-1-195-36,UNK,.,239,C,D,B,B,A,Y
Pacific,Gulf of Panama,Isla Iguana,JC22-2-1,195,JC22-2-1-195,37,JC22-2-1-195-37,DR,Y,509,A,B,B,A,A,N
Pacific,Gulf of Panama,Isla Iguana,JC22-2-1,195,JC22-2-1-195,38,JC22-2-1-195-38,RA,Y,482,C,C,B,A,A,N
Pacific,Gulf of Panama,Isla Iguana,JC22-2-1,195,JC22-2-1-195,39,JC22-2-1-195-39,DR,Y,300,C,C,B,A,A,N
Pacific,Gulf of Panama,Isla Iguana,JC22-2-1,195,JC22-2-1-195,40,JC22-2-1-195-40,RA,Y,438,B,C,B,A,B,N
Pacific,Gulf of Panama,Isla Iguana,JC22-2-1,195,JC22-2-1-195,41,JC22-2-1-195-41,DR,Y,278,C,C,B,A,A,N
Pacific,Gulf of Panama,Isla Iguana,JC22-2-1,195,JC22-2-1-195,42,JC22-2-1-195-42,DR,Y,364,C,C,B,A,A,N
Pacific,Gulf of Panama,Isla Iguana,JC22-2-1,195,JC22-2-1-195,43,JC22-2-1-195-43,RA,Y,393,C,C,B,A,A,N
Pacific,Gulf of Panama,Isla Iguana,JC22-2-1,195,JC22-2-1-195,44,JC22-2-1-195-44,RA,Y,358,A,C,B,A,A,N
Pacific,Gulf of Panama,Isla Iguana,JC22-2-1,195,JC22-2-1-195,45,JC22-2-1-195-45,DR,Y,419,B,B,B,A,A,N
Pacific,Gulf of Panama,Isla Iguana,JC22-2-1,195,JC22-2-1-195,46,JC22-2-1-195-46,GF,Y,249,C,B,B,A,A,N
Pacific,Gulf of Panama,Isla Iguana,JC22-2-1,195,JC22-2-1-195,47,JC22-2-1-195-47,RA,Y,317,C,B,B,A,A,N
Pacific,Gulf of Panama,Isla Iguana,JC22-2-1,195,JC22-2-1-195,48,JC22-2-1-195-48,RA,Y,310,C,C,B,A,A,N
Pacific,Gulf of Panama,Isla Iguana,JC22-2-1,195,JC22-2-1-195,49,JC22-2-1-195-49,UNK,Y,343,C,D,B,A,A,Y
Pacific,Gulf of Panama,Isla Iguana,JC22-2-1,195,JC22-2-1-195,50,JC22-2-1-195-50,DR,Y,239,C,C,B,A,A,N
Pacific,Gulf of Panama,Isla Iguana,JC22-2-1,195,JC22-2-1-195,51,JC22-2-1-195-51,RA,Y,397,C,C,B,A,A,N
Pacific,Gulf of Panama,Isla Iguana,JC22-2-1,195,JC22-2-1-195,52,JC22-2-1-195-52,DR,Y,204,A,C,B,A,A,N
Pacific,Gulf of Panama,Isla Iguana,JC22-2-1,195,JC22-2-1-195,53,JC22-2-1-195-53,DR,Y,388,B,B,B,A,A,N
Pacific,Gulf of Panama,Isla Iguana,JC22-2-1,195,JC22-2-1-195,54,JC22-2-1-195-54,RA,Y,409,C,C,B,A,A,N
Pacific,Gulf of Panama,Isla Iguana,JC22-2-1,195,JC22-2-1-195,55,JC22-2-1-195-55,DR,Y,460,B,B,B,A,A,N
Pacific,Gulf of Panama,Isla Iguana,JC22-2-1,195,JC22-2-1-195,56,JC22-2-1-195-56,UNK,N,344,C,D,B,A,B,Y
Pacific,Gulf of Panama,Isla Iguana,JC22-2-1,195,JC22-2-1-195,57,JC22-2-1-195-57,A,Y,405,B,B,A,A,A,N
Pacific,Gulf of Panama,Isla Iguana,JC22-2-1,195,JC22-2-1-195,58,JC22-2-1-195-58,DR,Y,397,A,C,B,A,A,N
Pacific,Gulf of Panama,Isla Iguana,JC22-2-1,195,JC22-2-1-195,59,JC22-2-1-195-59,DR,Y,304,B,B,B,A,A,N
Pacific,Gulf of Panama,Isla Iguana,JC22-2-1,195,JC22-2-1-195,60,JC22-2-1-195-60,RA,Y,416,B,C,B,A,A,N
Pacific,Gulf of Panama,Isla Iguana,JC22-2-1,195,JC22-2-1-195,61,JC22-2-1-195-61,RA,Y,458,B,C,B,A,A,N
Pacific,Gulf of Panama,Isla Iguana,JC22-2-1,195,JC22-2-1-195,62,JC22-2-1-195-62,GF,Y,297,C,B,B,A,C,N
Pacific,Gulf of Panama,Isla Iguana,JC22-2-1,195,JC22-2-1-195,63,JC22-2-1-195-63,RA,Y,416,C,A,A,A,A,N
Pacific,Gulf of Panama,Isla Iguana,JC22-2-1,195,JC22-2-1-195,64,JC22-2-1-195-64,UNK,Y,249,C,D,B,A,A,Y
Pacific,Gulf of Panama,Isla Iguana,JC22-2-1,195,JC22-2-1-195,65,JC22-2-1-195-65,DR,Y,291,C,C,B,A,A,N
Pacific,Gulf of Panama,Isla Iguana,JC22-2-1,195,JC22-2-1-195,66,JC22-2-1-195-66,DR,Y,312,B,C,B,A,A,N
Pacific,Gulf of Panama,Isla Iguana,JC22-2-1,195,JC22-2-1-195,67,JC22-2-1-195-67,UNK,Y,316,C,D,B,A,A,Y
Pacific,Gulf of Panama,Isla Iguana,JC22-2-1,195,JC22-2-1-195,68,JC22-2-1-195-68,GF,Y,221,C,B,B,A,A,N
Pacific,Gulf of Panama,Isla Iguana,JC22-2-1,195,JC22-2-1-195,69,JC22-2-1-195-69,RA,Y,261,C,D,A,A,A,Y
Pacific,Gulf of Panama,Isla Iguana,JC22-2-1,195,JC22-2-1-195,70,JC22-2-1-195-70,DR,Y,261,C,D,B,A,A,Y
Pacific,Gulf of Panama,Isla Iguana,JC22-2-1,195,JC22-2-1-195,71,JC22-2-1-195-71,DR,Y,256,A,C,B,A,A,N
Pacific,Gulf of Panama,Isla Iguana,JC22-2-1,195,JC22-2-1-195,72,JC22-2-1-195-72,DR,Y,332,C,C,B,A,A,N
Pacific,Gulf of Panama,Isla Iguana,JC22-2-1,195,JC22-2-1-195,73,JC22-2-1-195-73,DR,Y,333,B,B,B,A,A,N
Pacific,Gulf of Panama,Isla Iguana,JC22-2-1,195,JC22-2-1-195,74,JC22-2-1-195-74,DR,Y,256,C,C,B,A,A,N
Pacific,Gulf of Panama,Isla Iguana,JC22-2-1,195,JC22-2-1-195,75,JC22-2-1-195-75,GF,Y,295,C,B,A,A,A,N
Pacific,Gulf of Panama,Isla Iguana,JC22-2-1,195,JC22-2-1-195,76,JC22-2-1-195-76,DR,Y,284,C,C,B,A,A,N
Pacific,Gulf of Panama,Isla Iguana,JC22-2-1,195,JC22-2-1-195,77,JC22-2-1-195-77,RA,Y,304,C,C,B,A,C,N
Pacific,Gulf of Panama,Isla Iguana,JC22-2-1,195,JC22-2-1-195,78,JC22-2-1-195-78,DR,Y,422,C,B,B,A,A,N
Pacific,Gulf of Panama,Isla Iguana,JC22-2-1,195,JC22-2-1-195,79,JC22-2-1-195-79,RA,Y,230,B,D,B,A,C,Y
Pacific,Gulf of Panama,Isla Iguana,JC22-2-1,195,JC22-2-1-195,80,JC22-2-1-195-80,DR,Y,154,C,D,B,C,A,Y
Pacific,Gulf of Panama,Isla Iguana,JC22-2-1,205,JC22-2-1-205,1,JC22-2-1-205-1,GF,Y,394,B,B,A,A,A,N
Pacific,Gulf of Panama,Isla Iguana,JC22-2-1,205,JC22-2-1-205,2,JC22-2-1-205-2,UNK,Y,281,C,C,B,A,A,N
Pacific,Gulf of Panama,Isla Iguana,JC22-2-1,205,JC22-2-1-205,3,JC22-2-1-205-3,GF,Y,432,A,A,B,A,A,N
Pacific,Gulf of Panama,Isla Iguana,JC22-2-1,205,JC22-2-1-205,4,JC22-2-1-205-4,DR,Y,332,B,B,B,A,A,N
Pacific,Gulf of Panama,Isla Iguana,JC22-2-1,205,JC22-2-1-205,5,JC22-2-1-205-5,DR,Y,269,B,B,B,A,A,N
Pacific,Gulf of Panama,Isla Iguana,JC22-2-1,205,JC22-2-1-205,6,JC22-2-1-205-6,DR,Y,426,C,C,B,A,A,N
Pacific,Gulf of Panama,Isla Iguana,JC22-2-1,205,JC22-2-1-205,7,JC22-2-1-205-7,DR,Y,506,C,B,B,A,A,N
Pacific,Gulf of Panama,Isla Iguana,JC22-2-1,205,JC22-2-1-205,8,JC22-2-1-205-8,DR,Y,438,C,B,B,A,A,N
Pacific,Gulf of Panama,Isla Iguana,JC22-2-1,205,JC22-2-1-205,9,JC22-2-1-205-9,DR,N,281,A,B,B,A,A,N
Pacific,Gulf of Panama,Isla Iguana,JC22-2-1,205,JC22-2-1-205,10,JC22-2-1-205-10,DR,N,351,A,B,B,A,A,N
Pacific,Gulf of Panama,Isla Iguana,JC22-2-1,205,JC22-2-1-205,11,JC22-2-1-205-11,RA,Y,333,C,B,B,A,A,N
Pacific,Gulf of Panama,Isla Iguana,JC22-2-1,205,JC22-2-1-205,12,JC22-2-1-205-12,RA,Y,294,C,D,B,A,A,Y
Pacific,Gulf of Panama,Isla Iguana,JC22-2-1,205,JC22-2-1-205,13,JC22-2-1-205-13,RA,Y,389,C,C,B,A,A,N
Pacific,Gulf of Panama,Isla Iguana,JC22-2-1,205,JC22-2-1-205,14,JC22-2-1-205-14,RA,Y,460,A,B,B,A,A,N
Pacific,Gulf of Panama,Isla Iguana,JC22-2-1,205,JC22-2-1-205,15,JC22-2-1-205-15,DR,Y,336,C,C,B,A,A,N
Pacific,Gulf of Panama,Isla Iguana,JC22-2-1,205,JC22-2-1-205,16,JC22-2-1-205-16,DR,Y,382,C,B,B,A,A,N
Pacific,Gulf of Panama,Isla Iguana,JC22-2-1,205,JC22-2-1-205,17,JC22-2-1-205-17,DR,Y,496,C,D,B,A,A,Y
Pacific,Gulf of Panama,Isla Iguana,JC22-2-1,205,JC22-2-1-205,18,JC22-2-1-205-18,GF,N,343,B,B,B,A,A,N
Pacific,Gulf of Panama,Isla Iguana,JC22-2-1,205,JC22-2-1-205,19,JC22-2-1-205-19,RA,Y,317,B,C,B,A,A,N
Pacific,Gulf of Panama,Isla Iguana,JC22-2-1,205,JC22-2-1-205,20,JC22-2-1-205-20,DR,Y,416,A,C,B,A,A,N
Pacific,Gulf of Panama,Isla Iguana,JC22-2-1,205,JC22-2-1-205,21,JC22-2-1-205-21,DR,Y,361,B,B,B,A,A,N
Pacific,Gulf of Panama,Isla Iguana,JC22-2-1,205,JC22-2-1-205,22,JC22-2-1-205-22,DR,Y,311,C,B,B,A,A,N
Pacific,Gulf of Panama,Isla Iguana,JC22-2-1,205,JC22-2-1-205,23,JC22-2-1-205-23,DR,Y,301,C,B,B,A,A,N
Pacific,Gulf of Panama,Isla Iguana,JC22-2-1,205,JC22-2-1-205,24,JC22-2-1-205-24,DR,Y,329,C,B,B,A,A,N
Pacific,Gulf of Panama,Isla Iguana,JC22-2-1,205,JC22-2-1-205,25,JC22-2-1-205-25,DR,Y,421,B,B,B,A,A,N
Pacific,Gulf of Panama,Isla Iguana,JC22-2-1,205,JC22-2-1-205,26,JC22-2-1-205-26,RA,Y,562,A,B,B,A,A,N
Pacific,Gulf of Panama,Isla Iguana,JC22-2-1,205,JC22-2-1-205,27,JC22-2-1-205-27,DR,Y,361,C,B,B,A,A,N
Pacific,Gulf of Panama,Isla Iguana,JC22-2-1,205,JC22-2-1-205,28,JC22-2-1-205-28,DR,Y,260,C,D,B,A,A,Y
Pacific,Gulf of Panama,Isla Iguana,JC22-2-1,205,JC22-2-1-205,29,JC22-2-1-205-29,GF,Y,278,C,C,B,A,A,N
Pacific,Gulf of Panama,Isla Iguana,JC22-2-1,205,JC22-2-1-205,30,JC22-2-1-205-30,A,N,444,B,C,B,B,A,N
Pacific,Gulf of Panama,Isla Iguana,JC22-2-1,205,JC22-2-1-205,31,JC22-2-1-205-31,DR,Y,451,B,B,B,A,A,N
Pacific,Gulf of Panama,Isla Iguana,JC22-2-1,205,JC22-2-1-205,32,JC22-2-1-205-32,RA,N,521,A,B,B,A,A,N
Pacific,Gulf of Panama,Isla Iguana,JC22-2-1,205,JC22-2-1-205,33,JC22-2-1-205-33,RA,Y,377,C,C,B,A,A,N
Pacific,Gulf of Panama,Isla Iguana,JC22-2-1,205,JC22-2-1-205,34,JC22-2-1-205-34,GF,Y,274,C,B,B,A,A,N
Pacific,Gulf of Panama,Isla Iguana,JC22-2-1,205,JC22-2-1-205,35,JC22-2-1-205-35,DR,Y,392,C,C,B,A,A,N
Pacific,Gulf of Panama,Isla Iguana,JC22-2-1,205,JC22-2-1-205,36,JC22-2-1-205-36,DR,Y,381,C,B,B,A,A,N
Pacific,Gulf of Panama,Isla Iguana,JC22-2-1,205,JC22-2-1-205,37,JC22-2-1-205-37,RA,Y,414,B,B,B,A,A,N
Pacific,Gulf of Panama,Isla Iguana,JC22-2-1,205,JC22-2-1-205,38,JC22-2-1-205-38,DR,Y,452,C,B,B,A,A,N
Pacific,Gulf of Panama,Isla Iguana,JC22-2-1,205,JC22-2-1-205,39,JC22-2-1-205-39,DR,Y,304,A,B,B,A,A,N
Pacific,Gulf of Panama,Isla Iguana,JC22-2-1,205,JC22-2-1-205,40,JC22-2-1-205-40,RA,N,610,A,B,B,A,A,N
Pacific,Gulf of Panama,Isla Iguana,JC22-2-1,205,JC22-2-1-205,41,JC22-2-1-205-41,DR,Y,451,A,B,B,A,A,N
Pacific,Gulf of Panama,Isla Iguana,JC22-2-1,205,JC22-2-1-205,42,JC22-2-1-205-42,DR,Y,320,C,B,B,A,B,N
Pacific,Gulf of Panama,Isla Iguana,JC22-2-1,205,JC22-2-1-205,43,JC22-2-1-205-43,RA,Y,308,C,B,B,A,A,N
Pacific,Gulf of Panama,Isla Iguana,JC22-2-1,205,JC22-2-1-205,44,JC22-2-1-205-44,DR,Y,307,C,B,B,A,A,N
Pacific,Gulf of Panama,Isla Iguana,JC22-2-1,205,JC22-2-1-205,45,JC22-2-1-205-45,A,N,540,B,B,B,A,A,N
Pacific,Gulf of Panama,Isla Iguana,JC22-2-1,205,JC22-2-1-205,46,JC22-2-1-205-46,UNK,Y,247,C,D,B,A,A,Y
Pacific,Gulf of Panama,Isla Iguana,JC22-2-1,205,JC22-2-1-205,47,JC22-2-1-205-47,DR,Y,300,C,C,B,A,A,N
Pacific,Gulf of Panama,Isla Iguana,JC22-2-1,205,JC22-2-1-205,48,JC22-2-1-205-48,RA,Y,380,B,B,B,A,A,N
Pacific,Gulf of Panama,Isla Iguana,JC22-2-1,205,JC22-2-1-205,49,JC22-2-1-205-49,RA,Y,291,B,B,B,A,A,N
Pacific,Gulf of Panama,Isla Iguana,JC22-2-1,205,JC22-2-1-205,50,JC22-2-1-205-50,DR,N,316,C,D,B,A,A,Y
Pacific,Gulf of Panama,Isla Iguana,JC22-2-1,205,JC22-2-1-205,51,JC22-2-1-205-51,GF,Y,278,C,C,B,A,A,N
Pacific,Gulf of Panama,Isla Iguana,JC22-2-1,205,JC22-2-1-205,52,JC22-2-1-205-52,DR,Y,362,B,B,B,A,A,N
Pacific,Gulf of Panama,Isla Iguana,JC22-2-1,205,JC22-2-1-205,53,JC22-2-1-205-53,DR,Y,285,C,D,B,A,A,Y
Pacific,Gulf of Panama,Isla Iguana,JC22-2-1,205,JC22-2-1-205,54,JC22-2-1-205-54,UNK,.,323,C,D,B,A,A,Y
Pacific,Gulf of Panama,Isla Iguana,JC22-2-1,205,JC22-2-1-205,55,JC22-2-1-205-55,GF,Y,205,A,C,B,A,A,N
Pacific,Gulf of Panama,Isla Iguana,JC22-2-1,205,JC22-2-1-205,56,JC22-2-1-205-56,RA,N,688,A,A,A,A,A,N
Pacific,Gulf of Panama,Isla Iguana,JC22-2-1,205,JC22-2-1-205,57,JC22-2-1-205-57,DR,Y,421,C,B,B,A,A,N
Pacific,Gulf of Panama,Isla Iguana,JC22-2-1,205,JC22-2-1-205,58,JC22-2-1-205-58,DR,Y,213,C,C,B,A,A,N
Pacific,Gulf of Panama,Isla Iguana,JC22-2-1,205,JC22-2-1-205,59,JC22-2-1-205-59,DR,Y,368,C,C,B,A,A,N
Pacific,Gulf of Panama,Isla Iguana,JC22-2-1,205,JC22-2-1-205,60,JC22-2-1-205-60,DR,Y,348,C,C,B,A,A,N
Pacific,Gulf of Panama,Isla Iguana,JC22-2-1,205,JC22-2-1-205,61,JC22-2-1-205-61,RA,Y,382,C,C,B,A,A,N
Pacific,Gulf of Panama,Isla Iguana,JC22-2-1,205,JC22-2-1-205,62,JC22-2-1-205-62,DR,Y,386,C,C,B,A,A,N
Pacific,Gulf of Panama,Isla Iguana,JC22-2-1,205,JC22-2-1-205,63,JC22-2-1-205-63,GF,Y,427,B,B,B,A,A,N
Pacific,Gulf of Panama,Isla Iguana,JC22-2-1,205,JC22-2-1-205,64,JC22-2-1-205-64,DR,Y,336,B,B,B,A,A,N
Pacific,Gulf of Panama,Isla Iguana,JC22-2-1,205,JC22-2-1-205,65,JC22-2-1-205-65,DR,Y,342,A,B,B,A,A,N
Pacific,Gulf of Panama,Isla Iguana,JC22-2-1,205,JC22-2-1-205,66,JC22-2-1-205-66,DR,Y,306,B,B,B,A,A,N
Pacific,Gulf of Panama,Isla Iguana,JC22-2-1,205,JC22-2-1-205,67,JC22-2-1-205-67,GF,N,256,B,B,B,A,A,N
Pacific,Gulf of Panama,Isla Iguana,JC22-2-1,205,JC22-2-1-205,68,JC22-2-1-205-68,GF,Y,326,A,A,A,A,A,N
Pacific,Gulf of Panama,Isla Iguana,JC22-2-1,205,JC22-2-1-205,69,JC22-2-1-205-69,DR,Y,443,B,B,B,A,A,N
Pacific,Gulf of Panama,Isla Iguana,JC22-2-1,205,JC22-2-1-205,70,JC22-2-1-205-70,DR,Y,252,C,D,B,A,A,Y
Pacific,Gulf of Panama,Isla Iguana,JC22-2-1,205,JC22-2-1-205,71,JC22-2-1-205-71,DR,Y,367,C,A,B,A,A,N
Pacific,Gulf of Panama,Isla Iguana,JC22-2-1,205,JC22-2-1-205,72,JC22-2-1-205-72,RA,N,381,C,C,B,A,A,N
Pacific,Gulf of Panama,Isla Iguana,JC22-2-1,205,JC22-2-1-205,73,JC22-2-1-205-73,DR,Y,295,C,B,B,A,A,N
Pacific,Gulf of Panama,Isla Iguana,JC22-2-1,205,JC22-2-1-205,74,JC22-2-1-205-74,DR,Y,281,A,B,B,A,A,N
Pacific,Gulf of Panama,Isla Iguana,JC22-2-1,205,JC22-2-1-205,75,JC22-2-1-205-75,DR,Y,256,C,B,B,A,A,N
Pacific,Gulf of Panama,Isla Iguana,JC22-2-1,205,JC22-2-1-205,76,JC22-2-1-205-76,DR,Y,294,C,B,B,A,A,N
Pacific,Gulf of Panama,Isla Iguana,JC22-2-1,205,JC22-2-1-205,77,JC22-2-1-205-77,GF,Y,244,B,A,A,A,A,N
Pacific,Gulf of Panama,Isla Iguana,JC22-2-1,205,JC22-2-1-205,78,JC22-2-1-205-78,DR,Y,419,C,D,B,A,A,Y
Pacific,Gulf of Panama,Isla Iguana,JC22-2-1,205,JC22-2-1-205,79,JC22-2-1-205-79,DR,N,251,C,B,B,A,A,N
Pacific,Gulf of Panama,Isla Iguana,JC22-2-1,205,JC22-2-1-205,80,JC22-2-1-205-80,GF,Y,390,C,B,B,A,A,N
Pacific,Gulf of Panama,Isla Iguana,JC22-2-1,205,JC22-2-1-205,81,JC22-2-1-205-81,DR,Y,270,C,C,B,A,A,N
Pacific,Gulf of Panama,Isla Iguana,JC22-2-1,205,JC22-2-1-205,82,JC22-2-1-205-82,DR,Y,348,B,B,B,A,A,N
Pacific,Gulf of Panama,Isla Iguana,JC22-2-1,205,JC22-2-1-205,83,JC22-2-1-205-83,DR,Y,317,A,B,B,A,A,N
Pacific,Gulf of Panama,Isla Iguana,JC22-2-1,205,JC22-2-1-205,84,JC22-2-1-205-84,A,N,375,B,A,A,A,A,N
Pacific,Gulf of Panama,Isla Iguana,JC22-2-1,205,JC22-2-1-205,85,JC22-2-1-205-85,GF,Y,326,B,B,B,A,A,N
Pacific,Gulf of Panama,Isla Iguana,JC22-2-1,205,JC22-2-1-205,86,JC22-2-1-205-86,DR,Y,256,B,B,B,A,A,N
Pacific,Gulf of Panama,Isla Iguana,JC22-2-1,205,JC22-2-1-205,87,JC22-2-1-205-87,DR,Y,460,C,B,B,A,A,N
Pacific,Gulf of Panama,Isla Iguana,JC22-2-1,205,JC22-2-1-205,88,JC22-2-1-205-88,RA,Y,308,B,B,B,A,A,N
Pacific,Gulf of Panama,Isla Iguana,JC22-2-1,205,JC22-2-1-205,89,JC22-2-1-205-89,RA,Y,225,A,B,B,A,A,N
Pacific,Gulf of Panama,Isla Iguana,JC22-2-1,205,JC22-2-1-205,90,JC22-2-1-205-90,DR,Y,432,B,B,B,A,A,N
Pacific,Gulf of Panama,Isla Iguana,JC22-2-1,205,JC22-2-1-205,91,JC22-2-1-205-91,DR,Y,374,A,B,B,A,A,N
Pacific,Gulf of Panama,Isla Iguana,JC22-2-1,205,JC22-2-1-205,92,JC22-2-1-205-92,DR,Y,310,C,B,B,A,A,N
Pacific,Gulf of Panama,Isla Iguana,JC22-2-1,205,JC22-2-1-205,93,JC22-2-1-205-93,UNK,Y,.,C,D,B,A,A,Y
Pacific,Gulf of Panama,Isla Iguana,JC22-2-1,205,JC22-2-1-205,94,JC22-2-1-205-94,RA,Y,295,B,C,B,B,A,N
Pacific,Gulf of Panama,Isla Iguana,JC22-2-1,205,JC22-2-1-205,95,JC22-2-1-205-95,DR,Y,487,B,B,B,A,A,N
Pacific,Gulf of Panama,Isla Iguana,JC22-2-1,205,JC22-2-1-205,96,JC22-2-1-205-96,DR,Y,336,A,B,B,A,A,N
Pacific,Gulf of Panama,Isla Iguana,JC22-2-1,205,JC22-2-1-205,97,JC22-2-1-205-97,DR,Y,313,C,D,B,A,A,Y
Pacific,Gulf of Panama,Isla Iguana,JC22-2-1,205,JC22-2-1-205,98,JC22-2-1-205-98,DR,Y,380,C,C,B,A,A,N
Pacific,Gulf of Panama,Isla Iguana,JC22-2-1,205,JC22-2-1-205,99,JC22-2-1-205-99,A,N,319,C,C,B,B,A,N
Pacific,Gulf of Panama,Isla Iguana,JC22-2-1,205,JC22-2-1-205,100,JC22-2-1-205-100,RA,Y,428,B,B,B,A,A,N
Pacific,Gulf of Panama,Isla Iguana,JC22-2-1,205,JC22-2-1-205,101,JC22-2-1-205-101,GF,Y,285,B,B,B,A,A,N
Pacific,Gulf of Panama,Isla Iguana,JC22-2-1,205,JC22-2-1-205,102,JC22-2-1-205-102,DR,Y,214,B,B,B,A,A,N
Pacific,Gulf of Panama,Isla Iguana,JC22-2-1,205,JC22-2-1-205,103,JC22-2-1-205-103,DR,Y,294,C,B,B,A,A,N
Pacific,Gulf of Panama,Isla Iguana,JC22-2-1,205,JC22-2-1-205,104,JC22-2-1-205-104,RA,Y,346,C,B,B,A,A,N
Pacific,Gulf of Panama,Isla Iguana,JC22-2-1,205,JC22-2-1-205,105,JC22-2-1-205-105,RA,Y,341,C,B,B,A,A,N
Pacific,Gulf of Panama,Isla Iguana,JC22-2-1,205,JC22-2-1-205,106,JC22-2-1-205-106,DR,Y,313,B,B,B,A,A,N
Pacific,Gulf of Panama,Isla Iguana,JC22-2-1,205,JC22-2-1-205,107,JC22-2-1-205-107,GF,N,332,B,B,B,A,A,N
Pacific,Gulf of Panama,Isla Iguana,JC22-2-1,205,JC22-2-1-205,108,JC22-2-1-205-108,DR,Y,250,B,B,B,A,A,N
Pacific,Gulf of Panama,Isla Iguana,JC22-2-1,205,JC22-2-1-205,109,JC22-2-1-205-109,DR,Y,211,B,B,B,A,A,N
Pacific,Gulf of Panama,Isla Iguana,JC22-2-1,205,JC22-2-1-205,110,JC22-2-1-205-110,DR,Y,336,C,B,B,B,A,N
Pacific,Gulf of Panama,Isla Iguana,JC22-2-1,205,JC22-2-1-205,111,JC22-2-1-205-111,DR,Y,.,C,D,B,A,A,Y
Pacific,Gulf of Panama,Isla Iguana,JC22-2-1,205,JC22-2-1-205,112,JC22-2-1-205-112,DR,Y,305,C,B,B,A,A,N
Pacific,Gulf of Panama,Isla Iguana,JC22-2-1,205,JC22-2-1-205,113,JC22-2-1-205-113,DR,Y,256,C,B,B,A,A,N
Pacific,Gulf of Panama,Isla Iguana,JC22-2-1,205,JC22-2-1-205,114,JC22-2-1-205-114,DR,Y,.,C,D,B,A,A,Y
Pacific,Gulf of Panama,Isla Iguana,JC22-2-1,205,JC22-2-1-205,115,JC22-2-1-205-115,GF,Y,224,C,B,B,A,A,N
Pacific,Gulf of Panama,Isla Iguana,JC22-2-1,205,JC22-2-1-205,116,JC22-2-1-205-116,DR,Y,251,B,B,B,A,A,N
Pacific,Gulf of Panama,Isla Iguana,JC22-2-1,205,JC22-2-1-205,117,JC22-2-1-205-117,DR,Y,284,A,B,B,A,A,N
Pacific,Gulf of Panama,Isla Iguana,JC22-2-1,205,JC22-2-1-205,118,JC22-2-1-205-118,DR,Y,.,C,D,B,A,A,Y
Pacific,Gulf of Panama,Isla Iguana,JC22-2-1,205,JC22-2-1-205,119,JC22-2-1-205-119,DR,Y,345,B,B,B,A,A,N
Pacific,Gulf of Panama,Isla Iguana,JC22-2-1,205,JC22-2-1-205,120,JC22-2-1-205-120,UNK,.,.,C,D,B,A,A,Y
Pacific,Gulf of Panama,Isla Iguana,JC22-2-1,205,JC22-2-1-205,121,JC22-2-1-205-121,UNK,Y,.,C,D,A,A,A,Y
Pacific,Gulf of Panama,Isla Iguana,JC22-2-1,205,JC22-2-1-205,122,JC22-2-1-205-122,RA,Y,310,C,C,B,A,A,N
Pacific,Gulf of Panama,Isla Iguana,JC22-2-1,205,JC22-2-1-205,123,JC22-2-1-205-123,RA,Y,342,C,C,B,A,A,N
Pacific,Gulf of Panama,Isla Iguana,JC22-2-1,205,JC22-2-1-205,124,JC22-2-1-205-124,DR,Y,211,C,C,B,A,A,N
Pacific,Gulf of Panama,Isla Iguana,JC22-2-1,212,JC22-2-1-212,1,JC22-2-1-212-1,DR,Y,499,A,A,A,A,A,N
Pacific,Gulf of Panama,Isla Iguana,JC22-2-1,212,JC22-2-1-212,2,JC22-2-1-212-2,GF,Y,511,C,C,B,A,A,N
Pacific,Gulf of Panama,Isla Iguana,JC22-2-1,212,JC22-2-1-212,3,JC22-2-1-212-3,DR,Y,556,A,B,B,A,A,N
Pacific,Gulf of Panama,Isla Iguana,JC22-2-1,212,JC22-2-1-212,4,JC22-2-1-212-4,DR,Y,313,C,B,B,A,A,N
Pacific,Gulf of Panama,Isla Iguana,JC22-2-1,212,JC22-2-1-212,5,JC22-2-1-212-5,RA,Y,307,C,C,B,B,A,N
Pacific,Gulf of Panama,Isla Iguana,JC22-2-1,212,JC22-2-1-212,6,JC22-2-1-212-6,DR,Y,246,A,B,B,A,A,N
Pacific,Gulf of Panama,Isla Iguana,JC22-2-1,212,JC22-2-1-212,7,JC22-2-1-212-7,DR,Y,217,C,D,B,A,A,Y
Pacific,Gulf of Panama,Isla Iguana,JC22-2-1,212,JC22-2-1-212,8,JC22-2-1-212-8,DR,Y,336,C,C,B,A,A,N
Pacific,Gulf of Panama,Isla Iguana,JC22-2-1,212,JC22-2-1-212,9,JC22-2-1-212-9,DR,Y,587,A,C,B,B,A,N
Pacific,Gulf of Panama,Isla Iguana,JC22-2-1,212,JC22-2-1-212,10,JC22-2-1-212-10,DR,Y,440,A,C,B,A,A,N
Pacific,Gulf of Panama,Isla Iguana,JC22-2-1,212,JC22-2-1-212,11,JC22-2-1-212-11,DR,Y,330,C,C,B,A,A,N
Pacific,Gulf of Panama,Isla Iguana,JC22-2-1,212,JC22-2-1-212,12,JC22-2-1-212-12,DR,Y,444,B,C,B,A,A,N
Pacific,Gulf of Panama,Isla Iguana,JC22-2-1,212,JC22-2-1-212,13,JC22-2-1-212-13,DR,Y,549,C,C,B,A,A,N
Pacific,Gulf of Panama,Isla Iguana,JC22-2-1,212,JC22-2-1-212,14,JC22-2-1-212-14,DR,Y,468,B,C,B,A,A,N
Pacific,Gulf of Panama,Isla Iguana,JC22-2-1,212,JC22-2-1-212,15,JC22-2-1-212-15,GF,Y,358,B,C,B,A,A,N
Pacific,Gulf of Panama,Isla Iguana,JC22-2-1,212,JC22-2-1-212,16,JC22-2-1-212-16,DR,Y,239,B,B,B,A,A,N
Pacific,Gulf of Panama,Isla Iguana,JC22-2-1,212,JC22-2-1-212,17,JC22-2-1-212-17,UNK,Y,293,C,D,B,A,A,Y
Pacific,Gulf of Panama,Isla Iguana,JC22-2-1,212,JC22-2-1-212,18,JC22-2-1-212-18,GF,Y,443,B,B,B,A,A,N
Pacific,Gulf of Panama,Isla Iguana,JC22-2-1,212,JC22-2-1-212,19,JC22-2-1-212-19,RA,Y,467,C,C,B,A,A,N
Pacific,Gulf of Panama,Isla Iguana,JC22-2-1,212,JC22-2-1-212,20,JC22-2-1-212-20,DR,Y,348,C,D,B,A,A,Y
Pacific,Gulf of Panama,Isla Iguana,JC22-2-1,212,JC22-2-1-212,21,JC22-2-1-212-21,DR,Y,322,C,C,B,B,A,N
Pacific,Gulf of Panama,Isla Iguana,JC22-2-1,212,JC22-2-1-212,22,JC22-2-1-212-22,DR,Y,355,B,B,B,A,A,N
Pacific,Gulf of Panama,Isla Iguana,JC22-2-1,212,JC22-2-1-212,23,JC22-2-1-212-23,DR,Y,294,C,C,B,A,A,N
Pacific,Gulf of Panama,Isla Iguana,JC22-2-1,212,JC22-2-1-212,24,JC22-2-1-212-24,DR,Y,392,C,C,B,A,A,N
Pacific,Gulf of Panama,Isla Iguana,JC22-2-1,212,JC22-2-1-212,25,JC22-2-1-212-25,DR,Y,333,C,B,B,A,A,N
Pacific,Gulf of Panama,Isla Iguana,JC22-2-1,212,JC22-2-1-212,26,JC22-2-1-212-26,DR,Y,532,B,B,B,A,A,N
Pacific,Gulf of Panama,Isla Iguana,JC22-2-1,212,JC22-2-1-212,27,JC22-2-1-212-27,DR,Y,351,C,B,B,A,A,N
Pacific,Gulf of Panama,Isla Iguana,JC22-2-1,212,JC22-2-1-212,28,JC22-2-1-212-28,DR,Y,551,A,B,B,A,A,N
Pacific,Gulf of Panama,Isla Iguana,JC22-2-1,212,JC22-2-1-212,29,JC22-2-1-212-29,RA,N,422,B,C,B,A,B,N
Pacific,Gulf of Panama,Isla Iguana,JC22-2-1,212,JC22-2-1-212,30,JC22-2-1-212-30,GF,Y,403,B,C,B,A,A,N
Pacific,Gulf of Panama,Isla Iguana,JC22-2-1,212,JC22-2-1-212,31,JC22-2-1-212-31,DR,Y,338,C,C,B,A,A,N
Pacific,Gulf of Panama,Isla Iguana,JC22-2-1,212,JC22-2-1-212,32,JC22-2-1-212-32,DR,Y,342,C,C,B,A,A,N
Pacific,Gulf of Panama,Isla Iguana,JC22-2-1,212,JC22-2-1-212,33,JC22-2-1-212-33,DR,Y,272,B,C,B,A,A,N
Pacific,Gulf of Panama,Isla Iguana,JC22-2-1,212,JC22-2-1-212,34,JC22-2-1-212-34,RA,N,461,C,C,B,B,A,N
Pacific,Gulf of Panama,Isla Iguana,JC22-2-1,212,JC22-2-1-212,35,JC22-2-1-212-35,RA,Y,397,A,C,B,A,A,N
Pacific,Gulf of Panama,Isla Iguana,JC22-2-1,212,JC22-2-1-212,36,JC22-2-1-212-36,GF,Y,502,B,C,B,A,A,N
Pacific,Gulf of Panama,Isla Iguana,JC22-2-1,212,JC22-2-1-212,37,JC22-2-1-212-37,DR,Y,358,A,B,B,A,A,N
Pacific,Gulf of Panama,Isla Iguana,JC22-2-1,212,JC22-2-1-212,38,JC22-2-1-212-38,GF,Y,289,C,C,B,A,A,N
Pacific,Gulf of Panama,Isla Iguana,JC22-2-1,212,JC22-2-1-212,39,JC22-2-1-212-39,RA,Y,309,C,C,B,A,A,N
Pacific,Gulf of Panama,Isla Iguana,JC22-2-1,212,JC22-2-1-212,40,JC22-2-1-212-40,DR,Y,328,C,B,B,B,A,N
Pacific,Gulf of Panama,Isla Iguana,JC22-2-1,212,JC22-2-1-212,41,JC22-2-1-212-41,DR,Y,533,C,B,B,B,A,N
Pacific,Gulf of Panama,Isla Iguana,JC22-2-1,212,JC22-2-1-212,42,JC22-2-1-212-42,RA,Y,488,B,C,B,A,A,N
Pacific,Gulf of Panama,Isla Iguana,JC22-2-1,212,JC22-2-1-212,43,JC22-2-1-212-43,GF,Y,316,C,B,B,A,A,N
Pacific,Gulf of Panama,Isla Iguana,JC22-2-1,212,JC22-2-1-212,44,JC22-2-1-212-44,RA,Y,443,C,C,B,A,A,N
Pacific,Gulf of Panama,Isla Iguana,JC22-2-1,212,JC22-2-1-212,45,JC22-2-1-212-45,DR,Y,278,B,C,B,A,A,N
Pacific,Gulf of Panama,Isla Iguana,JC22-2-1,212,JC22-2-1-212,46,JC22-2-1-212-46,DR,Y,297,C,C,B,A,A,N
Pacific,Gulf of Panama,Isla Iguana,JC22-2-1,212,JC22-2-1-212,47,JC22-2-1-212-47,DR,Y,477,C,C,B,A,A,N
Pacific,Gulf of Panama,Isla Iguana,JC22-2-1,212,JC22-2-1-212,48,JC22-2-1-212-48,DR,Y,405,A,C,B,A,A,N
Pacific,Gulf of Panama,Isla Iguana,JC22-2-1,212,JC22-2-1-212,49,JC22-2-1-212-49,DR,Y,453,C,C,B,A,A,N
Pacific,Gulf of Panama,Isla Iguana,JC22-2-1,212,JC22-2-1-212,50,JC22-2-1-212-50,DR,Y,410,A,B,B,A,A,N
Pacific,Gulf of Panama,Isla Iguana,JC22-2-1,212,JC22-2-1-212,51,JC22-2-1-212-51,DR,N,351,A,B,B,A,A,N
Pacific,Gulf of Panama,Isla Iguana,JC22-2-1,212,JC22-2-1-212,52,JC22-2-1-212-52,DR,Y,335,A,B,B,A,A,N
Pacific,Gulf of Panama,Isla Iguana,JC22-2-1,212,JC22-2-1-212,53,JC22-2-1-212-53,DR,Y,511,C,C,B,A,A,N
Pacific,Gulf of Panama,Isla Iguana,JC22-2-1,212,JC22-2-1-212,54,JC22-2-1-212-54,UNK,Y,335,C,D,B,B,A,Y
Pacific,Gulf of Panama,Isla Iguana,JC22-2-1,212,JC22-2-1-212,55,JC22-2-1-212-55,RA,Y,482,A,C,B,A,A,N
Pacific,Gulf of Panama,Isla Iguana,JC22-2-1,212,JC22-2-1-212,56,JC22-2-1-212-56,DR,Y,372,B,B,B,A,A,N
Pacific,Gulf of Panama,Isla Iguana,JC22-2-1,212,JC22-2-1-212,57,JC22-2-1-212-57,DR,Y,342,C,D,B,A,A,Y
Pacific,Gulf of Panama,Isla Iguana,JC22-2-1,212,JC22-2-1-212,58,JC22-2-1-212-58,RA,N,395,C,D,B,A,A,Y
Pacific,Gulf of Panama,Isla Iguana,JC22-2-1,212,JC22-2-1-212,59,JC22-2-1-212-59,DR,N,323,C,C,B,A,A,N
Pacific,Gulf of Panama,Isla Iguana,JC22-2-1,212,JC22-2-1-212,60,JC22-2-1-212-60,RA,N,489,B,B,B,A,A,N
Pacific,Gulf of Panama,Isla Iguana,JC22-2-1,212,JC22-2-1-212,61,JC22-2-1-212-61,DR,Y,304,A,C,B,A,A,N
Pacific,Gulf of Panama,Isla Iguana,JC22-2-1,212,JC22-2-1-212,62,JC22-2-1-212-62,DR,Y,293,B,A,A,A,A,N
Pacific,Gulf of Panama,Isla Iguana,JC22-2-1,212,JC22-2-1-212,63,JC22-2-1-212-63,UNK,N,443,C,D,B,A,A,Y
Pacific,Gulf of Panama,Isla Iguana,JC22-2-1,212,JC22-2-1-212,64,JC22-2-1-212-64,GF,Y,362,B,B,B,A,A,N
Pacific,Gulf of Panama,Isla Iguana,JC22-2-1,212,JC22-2-1-212,65,JC22-2-1-212-65,DR,Y,306,C,B,B,A,A,N
Pacific,Gulf of Panama,Isla Iguana,JC22-2-1,212,JC22-2-1-212,66,JC22-2-1-212-66,DR,Y,306,C,B,B,B,A,N
Pacific,Gulf of Panama,Isla Iguana,JC22-2-1,212,JC22-2-1-212,67,JC22-2-1-212-67,GF,Y,262,B,A,A,A,A,N
Pacific,Gulf of Panama,Isla Iguana,JC22-2-1,212,JC22-2-1-212,68,JC22-2-1-212-68,DEFENSE,N,219,A,A,A,A,A,N
Pacific,Gulf of Panama,Isla Iguana,JC22-2-1,212,JC22-2-1-212,69,JC22-2-1-212-69,UNK,.,201,C,D,B,A,A,Y
Pacific,Gulf of Panama,Isla Iguana,JC22-2-1,212,JC22-2-1-212,70,JC22-2-1-212-70,DR,Y,403,B,B,B,A,A,N
Pacific,Gulf of Panama,Isla Iguana,JC22-2-1,212,JC22-2-1-212,71,JC22-2-1-212-71,RA,Y,580,A,B,B,A,A,N
Pacific,Gulf of Panama,Isla Iguana,JC22-2-1,212,JC22-2-1-212,72,JC22-2-1-212-72,DR,Y,298,C,D,B,A,A,Y
Pacific,Gulf of Panama,Isla Iguana,JC22-2-1,212,JC22-2-1-212,73,JC22-2-1-212-73,RA,Y,352,C,C,B,A,A,N
Pacific,Gulf of Panama,Isla Iguana,JC22-2-1,212,JC22-2-1-212,74,JC22-2-1-212-74,DR,Y,300,B,D,B,A,A,Y
Pacific,Gulf of Panama,Isla Iguana,JC22-2-1,212,JC22-2-1-212,75,JC22-2-1-212-75,RA,Y,410,C,B,B,A,A,N
Pacific,Gulf of Panama,Isla Iguana,JC22-2-1,212,JC22-2-1-212,76,JC22-2-1-212-76,RA,Y,410,A,C,B,A,A,N
Pacific,Gulf of Panama,Isla Iguana,JC22-2-1,212,JC22-2-1-212,77,JC22-2-1-212-77,DR,Y,364,B,B,B,A,A,N
Pacific,Gulf of Panama,Isla Iguana,JC22-2-1,212,JC22-2-1-212,78,JC22-2-1-212-78,GF,Y,262,C,C,B,A,A,N
Pacific,Gulf of Panama,Isla Iguana,JC22-2-1,212,JC22-2-1-212,79,JC22-2-1-212-79,DR,Y,441,C,B,B,A,A,N
Pacific,Gulf of Panama,Isla Iguana,JC22-2-1,212,JC22-2-1-212,80,JC22-2-1-212-80,RA,Y,251,C,B,B,A,A,N
Pacific,Gulf of Panama,Isla Iguana,JC22-2-1,212,JC22-2-1-212,81,JC22-2-1-212-81,DR,Y,304,A,B,B,A,A,N
Pacific,Gulf of Panama,Isla Iguana,JC22-2-1,212,JC22-2-1-212,82,JC22-2-1-212-82,DR,Y,262,C,C,B,A,A,N
Pacific,Gulf of Panama,Isla Iguana,JC22-2-1,212,JC22-2-1-212,83,JC22-2-1-212-83,RA,Y,332,C,B,B,A,A,N
Pacific,Gulf of Panama,Isla Iguana,JC22-2-1,212,JC22-2-1-212,84,JC22-2-1-212-84,RA,Y,426,C,B,B,A,A,N
Pacific,Gulf of Panama,Isla Iguana,JC22-2-1,212,JC22-2-1-212,85,JC22-2-1-212-85,DR,N,289,C,B,B,A,A,N
Pacific,Gulf of Panama,Isla Iguana,JC22-2-1,212,JC22-2-1-212,86,JC22-2-1-212-86,DR,Y,324,B,B,B,A,A,N
Pacific,Gulf of Panama,Isla Iguana,JC22-2-1,212,JC22-2-1-212,87,JC22-2-1-212-87,RA,Y,296,B,B,B,A,A,N
Pacific,Gulf of Panama,Isla Iguana,JC22-2-1,212,JC22-2-1-212,88,JC22-2-1-212-88,DR,Y,329,B,B,B,A,A,N
Pacific,Gulf of Panama,Isla Iguana,JC22-2-1,212,JC22-2-1-212,89,JC22-2-1-212-89,RA,Y,262,B,B,B,A,A,N
Pacific,Gulf of Panama,Isla Iguana,JC22-2-1,212,JC22-2-1-212,90,JC22-2-1-212-90,DR,Y,254,B,B,B,A,A,N
Pacific,Gulf of Panama,Isla Iguana,JC22-2-1,212,JC22-2-1-212,91,JC22-2-1-212-91,DR,Y,284,B,B,B,A,A,N
Pacific,Gulf of Panama,Isla Iguana,JC22-2-1,212,JC22-2-1-212,92,JC22-2-1-212-92,DR,Y,416,B,B,B,A,A,N
Pacific,Gulf of Panama,Isla Iguana,JC22-2-1,212,JC22-2-1-212,93,JC22-2-1-212-93,DR,Y,380,A,B,B,B,A,N
Pacific,Gulf of Panama,Isla Iguana,JC22-2-1,212,JC22-2-1-212,94,JC22-2-1-212-94,DR,Y,284,C,C,B,A,A,N
Pacific,Gulf of Panama,Isla Iguana,JC22-2-1,212,JC22-2-1-212,95,JC22-2-1-212-95,RA,Y,312,C,C,B,A,A,N
Pacific,Gulf of Panama,Isla Iguana,JC22-2-1,212,JC22-2-1-212,96,JC22-2-1-212-96,UNK,.,.,C,D,B,A,A,Y
Pacific,Gulf of Panama,Isla Iguana,JC22-2-1,212,JC22-2-1-212,97,JC22-2-1-212-97,DR,Y,241,B,B,B,A,A,N
Pacific,Gulf of Panama,Isla Iguana,JC22-2-1,212,JC22-2-1-212,98,JC22-2-1-212-98,DR,Y,488,C,B,B,A,A,N
Pacific,Gulf of Panama,Isla Iguana,JC22-2-1,212,JC22-2-1-212,99,JC22-2-1-212-99,DR,N,192,A,B,B,A,A,N
Pacific,Gulf of Panama,Isla Iguana,JC22-2-1,212,JC22-2-1-212,100,JC22-2-1-212-100,DR,Y,321,C,B,B,A,A,N
Pacific,Gulf of Panama,Isla Iguana,JC22-2-1,212,JC22-2-1-212,101,JC22-2-1-212-101,DR,N,278,C,B,B,A,A,N
Pacific,Gulf of Panama,Isla Iguana,JC22-2-1,212,JC22-2-1-212,102,JC22-2-1-212-102,DR,N,304,C,B,B,A,A,N
Pacific,Gulf of Panama,Isla Iguana,JC22-2-1,212,JC22-2-1-212,103,JC22-2-1-212-103,DR,Y,484,C,B,B,A,A,N
Pacific,Gulf of Panama,Isla Iguana,JC22-2-1,212,JC22-2-1-212,104,JC22-2-1-212-104,GF,N,242,C,B,B,A,A,N
Pacific,Gulf of Panama,Isla Iguana,JC22-2-1,212,JC22-2-1-212,105,JC22-2-1-212-105,DR,Y,276,C,B,B,A,A,N
Pacific,Gulf of Panama,Isla Iguana,JC22-2-1,212,JC22-2-1-212,106,JC22-2-1-212-106,RA,Y,317,B,B,B,A,A,N
Pacific,Gulf of Panama,Isla Iguana,JC22-2-1,212,JC22-2-1-212,107,JC22-2-1-212-107,GF,N,240,B,B,A,A,A,N
Pacific,Gulf of Panama,Isla Iguana,JC22-2-1,212,JC22-2-1-212,108,JC22-2-1-212-108,DR,N,379,C,B,B,A,A,N
Pacific,Gulf of Panama,Isla Iguana,JC22-2-1,212,JC22-2-1-212,109,JC22-2-1-212-109,GF,N,229,C,B,B,A,A,N
Pacific,Gulf of Panama,Isla Iguana,JC22-2-1,212,JC22-2-1-212,110,JC22-2-1-212-110,DR,Y,310,B,B,B,A,A,N
Pacific,Gulf of Panama,Isla Iguana,JC22-2-1,212,JC22-2-1-212,111,JC22-2-1-212-111,DR,Y,290,C,B,B,A,A,N
Pacific,Gulf of Panama,Isla Iguana,JC22-2-1,212,JC22-2-1-212,112,JC22-2-1-212-112,RA,Y,421,C,C,B,A,A,N
Pacific,Gulf of Panama,Isla Iguana,JC22-2-1,212,JC22-2-1-212,113,JC22-2-1-212-113,DR,Y,326,B,B,B,B,B,N
Pacific,Gulf of Panama,Isla Iguana,JC22-2-1,212,JC22-2-1-212,114,JC22-2-1-212-114,DR,Y,421,B,B,B,B,A,N
Pacific,Gulf of Panama,Isla Iguana,JC22-2-1,212,JC22-2-1-212,115,JC22-2-1-212-115,DR,N,496,C,B,B,A,A,N
Pacific,Gulf of Panama,Isla Iguana,JC22-2-1,212,JC22-2-1-212,116,JC22-2-1-212-116,RA,Y,353,C,B,B,A,A,N
Pacific,Gulf of Panama,Isla Iguana,JC22-2-1,212,JC22-2-1-212,117,JC22-2-1-212-117,DR,N,438,B,B,B,B,C,N
Pacific,Gulf of Panama,Isla Iguana,JC22-2-1,212,JC22-2-1-212,118,JC22-2-1-212-118,RA,Y,323,C,B,B,A,A,N
Pacific,Gulf of Panama,Isla Iguana,JC22-2-1,212,JC22-2-1-212,119,JC22-2-1-212-119,GF,Y,320,B,B,B,A,A,N
Pacific,Gulf of Panama,Isla Iguana,JC22-2-1,212,JC22-2-1-212,120,JC22-2-1-212-120,DR,Y,361,C,B,B,A,B,N
Pacific,Gulf of Panama,Isla Iguana,JC22-2-1,212,JC22-2-1-212,121,JC22-2-1-212-121,DR,Y,482,C,C,B,A,A,N
Pacific,Gulf of Panama,Isla Iguana,JC22-2-1,212,JC22-2-1-212,122,JC22-2-1-212-122,DR,N,370,C,C,B,A,A,N
Pacific,Gulf of Panama,Isla Iguana,JC22-2-1,212,JC22-2-1-212,123,JC22-2-1-212-123,GF,Y,265,A,B,B,A,A,N
Pacific,Gulf of Panama,Isla Iguana,JC22-2-1,212,JC22-2-1-212,124,JC22-2-1-212-124,DR,Y,204,C,C,B,A,A,N
Pacific,Gulf of Panama,Isla Iguana,JC22-2-1,212,JC22-2-1-212,125,JC22-2-1-212-125,DR,N,300,C,B,B,A,A,N
Pacific,Gulf of Panama,Isla Iguana,JC22-2-1,212,JC22-2-1-212,126,JC22-2-1-212-126,UNK,N,311,C,D,B,A,A,Y
Pacific,Gulf of Panama,Isla Iguana,JC22-2-1,212,JC22-2-1-212,127,JC22-2-1-212-127,RA,N,336,C,B,B,A,A,N
Pacific,Gulf of Panama,Isla Iguana,JC22-2-1,212,JC22-2-1-212,128,JC22-2-1-212-128,RA,Y,268,C,C,B,B,B,N
Pacific,Gulf of Panama,Isla Iguana,JC22-2-1,212,JC22-2-1-212,129,JC22-2-1-212-129,UNK,.,.,C,D,B,A,A,Y
Pacific,Gulf of Panama,Isla Iguana,JC22-2-1,212,JC22-2-1-212,130,JC22-2-1-212-130,GF,.,.,.,D,B,A,A,Y
Pacific,Gulf of Panama,Isla Iguana,JC22-2-1,212,JC22-2-1-212,131,JC22-2-1-212-131,DR,Y,360,B,B,B,A,A,N
Pacific,Gulf of Panama,Isla Iguana,JC22-2-1,212,JC22-2-1-212,132,JC22-2-1-212-132,DR,Y,233,C,D,B,A,A,Y
Pacific,Gulf of Panama,Isla Iguana,JC22-2-1,212,JC22-2-1-212,133,JC22-2-1-212-133,DR,Y,300,C,B,B,A,A,N
Pacific,Gulf of Panama,Isla Iguana,JC22-2-1,212,JC22-2-1-212,134,JC22-2-1-212-134,DR,Y,378,C,B,B,A,A,N
Pacific,Gulf of Panama,Isla Iguana,JC22-2-2,45,JC22-2-2-45,1,JC22-2-2-45-1,DR,Y,318,C,B,B,A,A,N
Pacific,Gulf of Panama,Isla Iguana,JC22-2-2,55,JC22-2-2-55,1,JC22-2-2-55-1,DR,Y,357,C,B,B,A,A,N
Pacific,Gulf of Panama,Isla Iguana,JC22-2-2,55,JC22-2-2-55,2,JC22-2-2-55-2,RA,Y,441,B,A,B,A,A,N
Pacific,Gulf of Panama,Isla Iguana,JC22-2-2,55,JC22-2-2-55,3,JC22-2-2-55-3,RA,Y,374,B,A,A,A,A,N
Pacific,Gulf of Panama,Isla Iguana,JC22-2-2,55,JC22-2-2-55,4,JC22-2-2-55-4,DR,Y,389,C,B,B,A,A,N
Pacific,Gulf of Panama,Isla Iguana,JC22-2-2,55,JC22-2-2-55,5,JC22-2-2-55-5,UNK,N,.,C,D,B,A,A,Y
Pacific,Gulf of Panama,Isla Iguana,JC22-2-2,55,JC22-2-2-55,6,JC22-2-2-55-6,RA,Y,230,C,C,B,A,A,N
Pacific,Gulf of Panama,Isla Iguana,JC22-2-2,55,JC22-2-2-55,7,JC22-2-2-55-7,DR,Y,355,C,B,B,A,A,N
Pacific,Gulf of Panama,Isla Iguana,JC22-2-2,55,JC22-2-2-55,8,JC22-2-2-55-8,A,N,316,C,A,B,A,A,N
Pacific,Gulf of Panama,Isla Iguana,JC22-2-2,55,JC22-2-2-55,9,JC22-2-2-55-9,RA,N,318,B,B,B,A,A,N
Pacific,Gulf of Panama,Isla Iguana,JC22-2-2,60,JC22-2-2-60,1,JC22-2-2-60-1,RA,Y,532,C,A,A,A,A,N
Pacific,Gulf of Panama,Isla Iguana,JC22-2-2,60,JC22-2-2-60,2,JC22-2-2-60-2,UNK,.,.,C,D,B,A,A,Y
Pacific,Gulf of Panama,Isla Iguana,JC22-2-2,60,JC22-2-2-60,3,JC22-2-2-60-3,RA,N,444,C,A,A,A,A,N
Pacific,Gulf of Panama,Isla Iguana,JC22-2-2,60,JC22-2-2-60,4,JC22-2-2-60-4,DR,Y,340,C,B,B,A,A,N
Pacific,Gulf of Panama,Isla Iguana,JC22-2-2,60,JC22-2-2-60,5,JC22-2-2-60-5,RA,Y,339,C,B,B,A,A,N
Pacific,Gulf of Panama,Isla Iguana,JC22-2-2,60,JC22-2-2-60,6,JC22-2-2-60-6,RA,Y,308,C,B,B,A,A,N
Pacific,Gulf of Panama,Isla Iguana,JC22-2-2,60,JC22-2-2-60,7,JC22-2-2-60-7,UNK,.,.,C,D,B,A,A,Y
Pacific,Gulf of Panama,Isla Iguana,JC22-2-2,60,JC22-2-2-60,8,JC22-2-2-60-8,DR,Y,275,C,B,B,A,A,N
Pacific,Gulf of Panama,Isla Iguana,JC22-2-2,60,JC22-2-2-60,9,JC22-2-2-60-9,DR,Y,235,C,A,B,A,A,N
Pacific,Gulf of Panama,Isla Iguana,JC22-2-2,60,JC22-2-2-60,10,JC22-2-2-60-10,DR,Y,307,B,A,A,A,A,N
Pacific,Gulf of Panama,Isla Iguana,JC22-2-2,60,JC22-2-2-60,11,JC22-2-2-60-11,UNK,Y,.,C,D,B,A,A,Y
Pacific,Gulf of Panama,Isla Iguana,JC22-2-2,60,JC22-2-2-60,12,JC22-2-2-60-12,DR,N,337,C,B,B,A,A,N
Pacific,Gulf of Panama,Isla Iguana,JC22-2-2,60,JC22-2-2-60,13,JC22-2-2-60-13,GF,Y,409,C,A,A,A,A,N
Pacific,Gulf of Panama,Isla Iguana,JC22-2-2,60,JC22-2-2-60,14,JC22-2-2-60-14,DR,Y,271,C,C,B,A,A,N
Pacific,Gulf of Panama,Isla Iguana,JC22-2-3,30,JC22-2-3-30,1,JC22-2-3-30-1,RA,N,476,C,A,A,A,A,N
Pacific,Gulf of Panama,Isla Iguana,JC22-2-3,30,JC22-2-3-30,2,JC22-2-3-30-2,DR,N,365,C,B,B,A,A,N
Pacific,Gulf of Panama,Isla Iguana,JC22-2-3,30,JC22-2-3-30,3,JC22-2-3-30-3,DR,N,308,C,C,B,A,A,N
Pacific,Gulf of Panama,Isla Iguana,JC22-2-3,30,JC22-2-3-30,4,JC22-2-3-30-4,DR,Y,232,C,A,A,A,A,N
Pacific,Gulf of Panama,Isla Iguana,JC22-2-3,40,JC22-2-3-40,1,JC22-2-3-40-1,RA,Y,362,C,B,B,A,A,N
Pacific,Gulf of Panama,Isla Iguana,JC22-2-1,55,JC22-2-1-55,1,JC22-2-1-55-1,RA,Y,439,C,B,.,A,A,N
Pacific,Gulf of Panama,Isla Iguana,JC22-2-1,55,JC22-2-1-55,2,JC22-2-1-55-2,DR,Y,260,C,A,B,A,A,N
Pacific,Gulf of Panama,Isla Iguana,JC22-2-1,75,JC22-2-1-75,1,JC22-2-1-75-1,A,Y,.,C,D,.,B,A,Y
Pacific,Gulf of Panama,Isla Iguana,JC22-2-1,75,JC22-2-1-75,2,JC22-2-1-75-2,RA,Y,565,C,A,B,A,A,N
Pacific,Gulf of Panama,Isla Iguana,JC22-2-1,75,JC22-2-1-75,3,JC22-2-1-75-3,A,Y,.,C,D,.,A,A,Y
Pacific,Gulf of Panama,Isla Iguana,JC22-2-1,75,JC22-2-1-75,4,JC22-2-1-75-4,RA,Y,.,C,C,B,A,A,N
Pacific,Gulf of Panama,Isla Iguana,JC22-2-1,75,JC22-2-1-75,5,JC22-2-1-75-5,UNK,Y,.,C,D,.,A,A,Y
Pacific,Gulf of Panama,Isla Iguana,JC22-2-1,75,JC22-2-1-75,6,JC22-2-1-75-6,DR,Y,.,C,B,B,A,A,N
Pacific,Gulf of Panama,Isla Iguana,JC22-2-1,75,JC22-2-1-75,7,JC22-2-1-75-7,RA,Y,.,C,B,B,B,A,N
Pacific,Gulf of Panama,Isla Iguana,JC22-2-1,75,JC22-2-1-75,8,JC22-2-1-75-8,RA,Y,.,C,C,.,A,A,N
Pacific,Gulf of Panama,Isla Iguana,JC22-2-1,75,JC22-2-1-75,9,JC22-2-1-75-9,UNK,N,.,C,D,.,A,A,N
Pacific,Gulf of Panama,Isla Iguana,JC22-2-1,75,JC22-2-1-75,10,JC22-2-1-75-10,RA,Y,464,C,A,B,A,A,N
Pacific,Gulf of Panama,Isla Iguana,JC22-2-1,75,JC22-2-1-75,11,JC22-2-1-75-11,DR,Y,.,C,D,B,A,A,N
Pacific,Gulf of Panama,Isla Iguana,JC22-2-1,75,JC22-2-1-75,12,JC22-2-1-75-12,DR,Y,.,C,A,.,A,A,N
Pacific,Gulf of Panama,Isla Iguana,JC22-2-1,75,JC22-2-1-75,13,JC22-2-1-75-13,DR,Y,.,C,C,.,A,A,N
Pacific,Gulf of Panama,Isla Iguana,JC22-2-1,75,JC22-2-1-75,14,JC22-2-1-75-14,DR,N,.,C,C,B,A,A,N
Pacific,Gulf of Panama,Isla Iguana,JC22-2-1,75,JC22-2-1-75,15,JC22-2-1-75-15,RA,Y,.,C,C,.,A,A,N
Pacific,Gulf of Panama,Isla Iguana,JC22-2-1,75,JC22-2-1-75,16,JC22-2-1-75-16,RA,Y,438,C,B,B,A,A,N
Pacific,Gulf of Panama,Isla Iguana,JC22-2-1,75,JC22-2-1-75,17,JC22-2-1-75-17,A,Y,.,C,C,.,A,A,N
Pacific,Gulf of Panama,Isla Iguana,JC22-2-1,75,JC22-2-1-75,18,JC22-2-1-75-18,RA,Y,.,C,C,B,A,A,N
Pacific,Gulf of Panama,Isla Iguana,JC22-2-1,75,JC22-2-1-75,19,JC22-2-1-75-19,A,Y,343,C,B,.,A,A,N
Pacific,Gulf of Panama,Isla Iguana,JC22-2-1,75,JC22-2-1-75,20,JC22-2-1-75-20,A,Y,.,C,B,.,A,A,N
Pacific,Gulf of Panama,Isla Iguana,JC22-2-1,75,JC22-2-1-75,21,JC22-2-1-75-21,RA,Y,.,C,B,B,A,A,N
Pacific,Gulf of Panama,Isla Iguana,JC22-2-1,75,JC22-2-1-75,22,JC22-2-1-75-22,DR,Y,.,C,B,B,A,A,N
Pacific,Gulf of Panama,Isla Iguana,JC22-2-1,75,JC22-2-1-75,23,JC22-2-1-75-23,A,N,.,C,D,.,A,A,Y
Pacific,Gulf of Panama,Isla Iguana,JC22-2-1,75,JC22-2-1-75,24,JC22-2-1-75-24,DR,Y,.,C,D,B,A,A,N
Pacific,Gulf of Panama,Isla Iguana,JC22-2-1,75,JC22-2-1-75,25,JC22-2-1-75-25,UNK,Y,.,C,D,.,A,A,N
Pacific,Gulf of Panama,Isla Iguana,JC22-2-1,75,JC22-2-1-75,26,JC22-2-1-75-26,UNK,Y,.,C,D,.,A,A,Y
Pacific,Gulf of Panama,Isla Iguana,JC22-2-1,75,JC22-2-1-75,27,JC22-2-1-75-27,UNK,Y,.,C,D,.,A,A,Y
Pacific,Gulf of Panama,Isla Iguana,JC22-2-1,75,JC22-2-1-75,28,JC22-2-1-75-28,UNK,Y,.,C,D,.,A,A,Y
Pacific,Gulf of Panama,Isla Iguana,JC22-2-1,85,JC22-2-1-85,1,JC22-2-1-85-1,A,N,.,C,C,.,D,A,N
Pacific,Gulf of Panama,Isla Iguana,JC22-2-1,85,JC22-2-1-85,2,JC22-2-1-85-2,DR,Y,671,B,A,A,A,A,N
Pacific,Gulf of Panama,Isla Iguana,JC22-2-1,85,JC22-2-1-85,3,JC22-2-1-85-3,A,Y,336,C,B,A,C,A,N
Pacific,Gulf of Panama,Isla Iguana,JC22-2-1,85,JC22-2-1-85,4,JC22-2-1-85-4,A,Y,328,C,C,B,D,A,N
Pacific,Gulf of Panama,Isla Iguana,JC22-2-1,85,JC22-2-1-85,5,JC22-2-1-85-5,DR,.,.,C,C,.,.,A,N
Pacific,Gulf of Panama,Isla Iguana,JC22-2-1,85,JC22-2-1-85,6,JC22-2-1-85-6,RA,Y,351,C,D,.,B,A,N
Pacific,Gulf of Panama,Isla Iguana,JC22-2-1,85,JC22-2-1-85,7,JC22-2-1-85-7,A,Y,387,C,B,.,C,A,N
Pacific,Gulf of Panama,Isla Iguana,JC22-2-1,85,JC22-2-1-85,8,JC22-2-1-85-8,GF,Y,276,C,B,A,B,A,N
Pacific,Gulf of Panama,Isla Iguana,JC22-2-1,85,JC22-2-1-85,9,JC22-2-1-85-9,DR,Y,397,B,A,B,B,A,N
Pacific,Gulf of Panama,Isla Iguana,JC22-2-1,85,JC22-2-1-85,10,JC22-2-1-85-10,DR,Y,706,C,A,B,A,A,N
Pacific,Gulf of Panama,Isla Iguana,JC22-2-1,85,JC22-2-1-85,11,JC22-2-1-85-11,DR,Y,320,C,B,B,C,A,N
Pacific,Gulf of Panama,Isla Iguana,JC22-2-1,85,JC22-2-1-85,12,JC22-2-1-85-12,DR,Y,558,C,B,B,A,A,N
Pacific,Gulf of Panama,Isla Iguana,JC22-2-1,85,JC22-2-1-85,13,JC22-2-1-85-13,DR,Y,350,C,B,B,A,A,N
Pacific,Gulf of Panama,Isla Iguana,JC22-2-1,85,JC22-2-1-85,14,JC22-2-1-85-14,DR,Y,.,C,B,B,A,A,N
Pacific,Gulf of Panama,Isla Iguana,JC22-2-1,85,JC22-2-1-85,15,JC22-2-1-85-15,DR,Y,.,C,D,.,A,A,N
Pacific,Gulf of Panama,Isla Iguana,JC22-2-1,85,JC22-2-1-85,16,JC22-2-1-85-16,RA,N,.,C,D,.,B,A,N
Pacific,Gulf of Panama,Isla Iguana,JC22-2-1,85,JC22-2-1-85,17,JC22-2-1-85-17,RA,Y,.,C,D,.,A,A,N
Pacific,Gulf of Panama,Isla Iguana,JC22-2-1,85,JC22-2-1-85,18,JC22-2-1-85-18,DR,Y,.,C,B,B,B,A,N
Pacific,Gulf of Panama,Isla Iguana,JC22-2-1,85,JC22-2-1-85,19,JC22-2-1-85-19,DR,Y,.,C,A,B,A,A,N
Pacific,Gulf of Panama,Isla Iguana,JC22-2-1,85,JC22-2-1-85,20,JC22-2-1-85-20,DR,Y,.,C,A,B,A,A,N
Pacific,Gulf of Panama,Isla Iguana,JC22-2-1,85,JC22-2-1-85,21,JC22-2-1-85-21,DR,Y,.,C,A,B,A,A,N
Pacific,Gulf of Panama,Isla Iguana,JC22-2-1,85,JC22-2-1-85,22,JC22-2-1-85-22,DR,Y,.,C,A,B,A,A,N
Pacific,Gulf of Panama,Isla Iguana,JC22-2-1,85,JC22-2-1-85,23,JC22-2-1-85-23,RA,Y,.,C,A,B,A,A,N
Pacific,Gulf of Panama,Isla Iguana,JC22-2-1,85,JC22-2-1-85,24,JC22-2-1-85-24,DR,Y,.,C,D,B,A,A,N
Pacific,Gulf of Panama,Isla Iguana,JC22-2-1,85,JC22-2-1-85,25,JC22-2-1-85-25,UNK,Y,.,C,D,.,A,A,N
Pacific,Gulf of Panama,Isla Iguana,JC22-2-1,85,JC22-2-1-85,26,JC22-2-1-85-26,DR,Y,.,C,B,B,A,A,N
Pacific,Gulf of Panama,Isla Iguana,JC22-2-1,85,JC22-2-1-85,27,JC22-2-1-85-27,DR,Y,411,C,B,B,A,A,N
Pacific,Gulf of Panama,Isla Iguana,JC22-2-1,85,JC22-2-1-85,28,JC22-2-1-85-28,UNK,Y,.,C,D,B,A,A,Y
Pacific,Gulf of Panama,Isla Iguana,JC22-2-1,85,JC22-2-1-85,29,JC22-2-1-85-29,RA,Y,286,C,B,B,A,A,N
Pacific,Gulf of Panama,Isla Iguana,JC22-2-1,85,JC22-2-1-85,30,JC22-2-1-85-30,UNK,Y,.,C,D,.,A,A,Y
Pacific,Gulf of Panama,Isla Iguana,JC22-2-1,85,JC22-2-1-85,31,JC22-2-1-85-31,DR,Y,621,C,C,B,A,A,N
Pacific,Gulf of Panama,Isla Iguana,JC22-2-1,85,JC22-2-1-85,32,JC22-2-1-85-32,UNK,Y,.,C,C,B,A,A,N
Pacific,Gulf of Panama,Isla Iguana,JC22-2-1,85,JC22-2-1-85,33,JC22-2-1-85-33,GF,Y,316,C,B,B,A,A,N
Pacific,Gulf of Panama,Isla Iguana,JC22-2-1,85,JC22-2-1-85,34,JC22-2-1-85-34,A,Y,.,C,C,B,A,A,N
Pacific,Gulf of Panama,Isla Iguana,JC22-2-1,85,JC22-2-1-85,35,JC22-2-1-85-35,DR,N,.,C,.,.,A,A,Y
Pacific,Gulf of Panama,Isla Iguana,JC22-2-1,85,JC22-2-1-85,36,JC22-2-1-85-36,DR,Y,194,C,C,B,A,A,N
Pacific,Gulf of Panama,Isla Iguana,JC22-2-1,85,JC22-2-1-85,37,JC22-2-1-85-37,DR,Y,.,B,C,B,A,A,N
Pacific,Gulf of Panama,Isla Iguana,JC22-2-1,85,JC22-2-1-85,38,JC22-2-1-85-38,A,Y,.,C,D,B,B,.,Y
Pacific,Gulf of Panama,Isla Iguana,JC22-2-1,85,JC22-2-1-85,39,JC22-2-1-85-39,DR,Y,252,C,B,B,A,A,N
Pacific,Gulf of Panama,Isla Iguana,JC22-2-1,85,JC22-2-1-85,40,JC22-2-1-85-40,A,N,.,C,C,.,A,A,N
Pacific,Gulf of Panama,Isla Iguana,JC22-2-1,85,JC22-2-1-85,41,JC22-2-1-85-41,DR,Y,102,B,A,B,A,A,N
Pacific,Gulf of Panama,Isla Iguana,JC22-2-1,85,JC22-2-1-85,42,JC22-2-1-85-42,A,Y,370,C,B,.,A,A,N
Pacific,Gulf of Panama,Isla Iguana,JC22-2-1,85,JC22-2-1-85,43,JC22-2-1-85-43,A,Y,.,C,B,.,A,A,N
Pacific,Gulf of Panama,Isla Iguana,JC22-2-1,85,JC22-2-1-85,44,JC22-2-1-85-44,A,Y,.,C,C,.,A,A,N
Pacific,Gulf of Panama,Isla Iguana,JC22-2-1,85,JC22-2-1-85,45,JC22-2-1-85-45,RA,Y,299,C,.,A,A,A,N
Pacific,Gulf of Panama,Isla Iguana,JC22-2-1,85,JC22-2-1-85,46,JC22-2-1-85-46,DR,Y,362,C,C,B,A,A,N
Pacific,Gulf of Panama,Isla Iguana,JC22-2-1,85,JC22-2-1-85,47,JC22-2-1-85-47,DR,Y,326,C,B,B,A,A,N
Pacific,Gulf of Panama,Isla Iguana,JC22-2-1,85,JC22-2-1-85,48,JC22-2-1-85-48,RA,Y,235,B,B,B,A,A,N
Pacific,Gulf of Panama,Isla Iguana,JC22-2-1,85,JC22-2-1-85,49,JC22-2-1-85-49,UNK,.,.,C,D,.,A,A,Y
Pacific,Gulf of Panama,Isla Iguana,JC22-2-1,85,JC22-2-1-85,50,JC22-2-1-85-50,A,Y,.,C,B,.,A,A,N
Pacific,Gulf of Panama,Isla Iguana,JC22-2-1,85,JC22-2-1-85,51,JC22-2-1-85-51,UNK,Y,.,C,D,B,A,A,Y
Pacific,Gulf of Panama,Isla Iguana,JC22-2-1,85,JC22-2-1-85,52,JC22-2-1-85-52,DR,.,.,C,C,B,B,A,N
Pacific,Gulf of Panama,Isla Iguana,JC22-2-1,85,JC22-2-1-85,53,JC22-2-1-85-53,DR,Y,.,C,D,.,A,A,N
Pacific,Gulf of Panama,Isla Iguana,JC22-2-1,85,JC22-2-1-85,54,JC22-2-1-85-54,GF,N,375,C,A,A,A,A,N
Pacific,Gulf of Panama,Isla Iguana,JC22-2-1,85,JC22-2-1-85,55,JC22-2-1-85-55,DR,N,.,C,C,B,B,A,N
Pacific,Gulf of Panama,Isla Iguana,JC22-2-1,85,JC22-2-1-85,56,JC22-2-1-85-56,GF,Y,247,C,B,A,B,A,N
Pacific,Gulf of Panama,Isla Iguana,JC22-2-1,85,JC22-2-1-85,57,JC22-2-1-85-57,DR,Y,328,C,B,B,B,A,N
Pacific,Gulf of Panama,Isla Iguana,JC22-2-1,85,JC22-2-1-85,58,JC22-2-1-85-58,UNK,Y,.,C,D,.,A,A,Y
Pacific,Gulf of Panama,Isla Iguana,JC22-2-1,85,JC22-2-1-85,59,JC22-2-1-85-59,DR,Y,211,C,C,B,B,A,N
Pacific,Gulf of Panama,Isla Iguana,JC22-2-1,85,JC22-2-1-85,60,JC22-2-1-85-60,A,.,217,C,B,B,A,A,N
Pacific,Gulf of Panama,Isla Iguana,JC22-2-1,85,JC22-2-1-85,61,JC22-2-1-85-61,UNK,Y,.,C,B,.,A,A,Y
Pacific,Gulf of Panama,Isla Iguana,JC22-2-1,85,JC22-2-1-85,62,JC22-2-1-85-62,GF,N,248,B,A,.,A,B,N
Pacific,Gulf of Panama,Isla Iguana,JC22-2-1,85,JC22-2-1-85,63,JC22-2-1-85-63,UNK,Y,.,C,D,.,A,B,Y
Pacific,Gulf of Panama,Isla Iguana,JC22-2-1,85,JC22-2-1-85,64,JC22-2-1-85-64,DEFENSE,N,150,A,A,A,A,A,N
Pacific,Gulf of Panama,Isla Iguana,JC22-2-1,90,JC22-2-1-90,1,JC22-2-1-90-1,RA,Y,312,C,C,B,A,.,N
Pacific,Gulf of Panama,Isla Iguana,JC22-2-1,90,JC22-2-1-90,2,JC22-2-1-90-2,DR,Y,242,C,C,B,A,A,N
Pacific,Gulf of Panama,Isla Iguana,JC22-2-1,90,JC22-2-1-90,3,JC22-2-1-90-3,RA,Y,342,C,A,.,A,A,N
Pacific,Gulf of Panama,Isla Iguana,JC22-2-1,90,JC22-2-1-90,4,JC22-2-1-90-4,DR,Y,298,C,B,B,A,A,Y
Pacific,Gulf of Panama,Isla Iguana,JC22-2-1,90,JC22-2-1-90,5,JC22-2-1-90-5,UNK,Y,.,C,D,.,A,A,N
Pacific,Gulf of Panama,Isla Iguana,JC22-2-1,90,JC22-2-1-90,6,JC22-2-1-90-6,RA,Y,426,C,A,A,A,A,Y
Pacific,Gulf of Panama,Isla Iguana,JC22-2-1,90,JC22-2-1-90,7,JC22-2-1-90-7,UNK,Y,.,C,D,.,A,A,N
Pacific,Gulf of Panama,Isla Iguana,JC22-2-1,90,JC22-2-1-90,8,JC22-2-1-90-8,GF,Y,225,C,B,B,A,A,N
Pacific,Gulf of Panama,Isla Iguana,JC22-2-1,90,JC22-2-1-90,9,JC22-2-1-90-9,DR,Y,.,B,C,B,A,A,N
Pacific,Gulf of Panama,Isla Iguana,JC22-2-1,90,JC22-2-1-90,10,JC22-2-1-90-10,DR,Y,358,C,A,.,A,A,N
Pacific,Gulf of Panama,Isla Iguana,JC22-2-1,90,JC22-2-1-90,11,JC22-2-1-90-11,DR,Y,.,C,C,B,A,A,N
Pacific,Gulf of Panama,Isla Iguana,JC22-2-1,90,JC22-2-1-90,12,JC22-2-1-90-12,DR,Y,.,C,C,B,A,A,N
Pacific,Gulf of Panama,Isla Iguana,JC22-2-1,90,JC22-2-1-90,13,JC22-2-1-90-13,RA,Y,.,C,C,.,A,A,N
Pacific,Gulf of Panama,Isla Iguana,JC22-2-1,90,JC22-2-1-90,14,JC22-2-1-90-14,DR,Y,.,C,D,.,A,A,N
Pacific,Gulf of Panama,Isla Iguana,JC22-2-1,90,JC22-2-1-90,15,JC22-2-1-90-15,DR,Y,.,B,B,B,A,A,N
Pacific,Gulf of Panama,Isla Iguana,JC22-2-1,90,JC22-2-1-90,16,JC22-2-1-90-16,RA,Y,425,C,B,B,A,A,N
Pacific,Gulf of Panama,Isla Iguana,JC22-2-1,90,JC22-2-1-90,17,JC22-2-1-90-17,DR,Y,.,C,C,B,A,A,N
Pacific,Gulf of Panama,Isla Iguana,JC22-2-1,90,JC22-2-1-90,18,JC22-2-1-90-18,DR,Y,453,C,B,B,A,A,N
Pacific,Gulf of Panama,Isla Iguana,JC22-2-1,90,JC22-2-1-90,19,JC22-2-1-90-19,DR,Y,.,C,C,.,B,A,N
Pacific,Gulf of Panama,Isla Iguana,JC22-2-1,90,JC22-2-1-90,20,JC22-2-1-90-20,DR,Y,.,C,D,.,A,A,N
Pacific,Gulf of Panama,Isla Iguana,JC22-2-1,90,JC22-2-1-90,21,JC22-2-1-90-21,UNK,Y,.,C,D,.,A,A,Y
Pacific,Gulf of Panama,Isla Iguana,JC22-2-1,90,JC22-2-1-90,22,JC22-2-1-90-22,A,Y,.,C,C,.,A,A,N
Pacific,Gulf of Panama,Isla Iguana,JC22-2-1,90,JC22-2-1-90,23,JC22-2-1-90-23,UNK,Y,.,C,D,.,A,A,Y
Pacific,Gulf of Panama,Isla Iguana,JC22-2-1,90,JC22-2-1-90,24,JC22-2-1-90-24,A,Y,.,C,C,.,A,A,N
Pacific,Gulf of Panama,Isla Iguana,JC22-2-1,90,JC22-2-1-90,25,JC22-2-1-90-25,DR,Y,.,B,D,.,A,A,N
Pacific,Gulf of Panama,Isla Iguana,JC22-2-1,90,JC22-2-1-90,26,JC22-2-1-90-26,DR,Y,417,B,C,B,A,A,N
Pacific,Gulf of Panama,Isla Iguana,JC22-2-1,90,JC22-2-1-90,27,JC22-2-1-90-27,DR,Y,.,A,C,B,A,A,N
Pacific,Gulf of Panama,Isla Iguana,JC22-2-1,90,JC22-2-1-90,28,JC22-2-1-90-28,DR,Y,.,B,C,B,A,A,N
Pacific,Gulf of Panama,Isla Iguana,JC22-2-1,90,JC22-2-1-90,29,JC22-2-1-90-29,UNK,Y,.,C,C,B,A,A,N
Pacific,Gulf of Panama,Isla Iguana,JC22-2-1,90,JC22-2-1-90,30,JC22-2-1-90-30,GF,Y,316,C,A,B,A,A,N
Pacific,Gulf of Panama,Isla Iguana,JC22-2-1,90,JC22-2-1-90,31,JC22-2-1-90-31,DR,Y,397,C,A,B,A,A,N
Pacific,Gulf of Panama,Isla Iguana,JC22-2-1,90,JC22-2-1-90,32,JC22-2-1-90-32,UNK,Y,.,C,D,B,A,A,N
Pacific,Gulf of Panama,Isla Iguana,JC22-2-1,90,JC22-2-1-90,33,JC22-2-1-90-33,DR,Y,.,C,C,B,A,A,N
Pacific,Gulf of Panama,Isla Iguana,JC22-2-1,90,JC22-2-1-90,34,JC22-2-1-90-34,DR,Y,.,C,C,B,A,A,N
Pacific,Gulf of Panama,Isla Iguana,JC22-2-1,90,JC22-2-1-90,35,JC22-2-1-90-35,UNK,Y,.,C,D,B,A,A,N
Pacific,Gulf of Panama,Isla Iguana,JC22-2-1,90,JC22-2-1-90,36,JC22-2-1-90-36,RA,Y,549,C,B,B,A,A,N
Pacific,Gulf of Panama,Isla Iguana,JC22-2-1,90,JC22-2-1-90,37,JC22-2-1-90-37,UNK,Y,.,C,D,.,A,A,N
Pacific,Gulf of Panama,Isla Iguana,JC22-2-1,90,JC22-2-1-90,38,JC22-2-1-90-38,RA,Y,.,C,C,B,B,A,N
Pacific,Gulf of Panama,Isla Iguana,JC22-2-1,90,JC22-2-1-90,39,JC22-2-1-90-39,UNK,Y,.,C,D,.,A,A,N
Pacific,Gulf of Panama,Isla Iguana,JC22-2-1,90,JC22-2-1-90,40,JC22-2-1-90-40,A,N,.,C,C,.,A,A,N
Pacific,Gulf of Panama,Isla Iguana,JC22-2-1,90,JC22-2-1-90,41,JC22-2-1-90-41,UNK,Y,.,B,D,.,B,A,N
Pacific,Gulf of Panama,Isla Iguana,JC22-2-1,90,JC22-2-1-90,42,JC22-2-1-90-42,A,Y,250,B,A,B,A,A,N
Pacific,Gulf of Panama,Isla Iguana,JC22-2-1,90,JC22-2-1-90,43,JC22-2-1-90-43,UNK,Y,.,C,D,.,A,A,N
Pacific,Gulf of Panama,Isla Iguana,JC22-2-1,90,JC22-2-1-90,44,JC22-2-1-90-44,GF,Y,.,C,C,B,A,A,N
Pacific,Gulf of Panama,Isla Iguana,JC22-2-1,90,JC22-2-1-90,45,JC22-2-1-90-45,UNK,Y,.,C,D,.,A,A,N
Pacific,Gulf of Panama,Isla Iguana,JC22-2-1,90,JC22-2-1-90,46,JC22-2-1-90-46,DR,Y,.,C,D,.,B,A,N
Pacific,Gulf of Panama,Isla Iguana,JC22-2-1,90,JC22-2-1-90,47,JC22-2-1-90-47,UNK,Y,.,C,D,.,A,A,N
Pacific,Gulf of Panama,Isla Iguana,JC22-2-1,90,JC22-2-1-90,48,JC22-2-1-90-48,UNK,Y,291,C,A,B,A,A,N
Pacific,Gulf of Panama,Isla Iguana,JC22-2-1,90,JC22-2-1-90,49,JC22-2-1-90-49,DR,Y,.,C,B,B,A,A,N
Pacific,Gulf of Panama,Isla Iguana,JC22-2-1,90,JC22-2-1-90,50,JC22-2-1-90-50,DR,Y,.,C,C,B,A,A,N
Pacific,Gulf of Panama,Isla Iguana,JC22-2-1,90,JC22-2-1-90,51,JC22-2-1-90-51,DR,Y,.,C,C,.,A,A,N
Pacific,Gulf of Panama,Isla Iguana,JC22-2-1,90,JC22-2-1-90,52,JC22-2-1-90-52,A,Y,.,C,D,.,A,A,N
Pacific,Gulf of Panama,Isla Iguana,JC22-2-1,90,JC22-2-1-90,53,JC22-2-1-90-53,DR,Y,.,C,C,B,A,A,N
Pacific,Gulf of Panama,Isla Iguana,JC22-2-1,90,JC22-2-1-90,54,JC22-2-1-90-54,GF,Y,.,C,B,.,A,A,N
Pacific,Gulf of Panama,Isla Iguana,JC22-2-1,90,JC22-2-1-90,55,JC22-2-1-90-55,DR,Y,.,C,C,.,A,A,N
Pacific,Gulf of Panama,Isla Iguana,JC22-2-1,90,JC22-2-1-90,56,JC22-2-1-90-56,RA,Y,.,C,D,B,A,A,N
Pacific,Gulf of Panama,Isla Iguana,JC22-2-1,90,JC22-2-1-90,57,JC22-2-1-90-57,DR,Y,.,C,B,.,B,A,N
Pacific,Gulf of Panama,Isla Iguana,JC22-2-1,90,JC22-2-1-90,58,JC22-2-1-90-58,UNK,Y,.,C,C,.,B,A,N
Pacific,Gulf of Panama,Isla Iguana,JC22-2-1,90,JC22-2-1-90,59,JC22-2-1-90-59,GF,Y,272,C,B,B,A,A,N
Pacific,Gulf of Panama,Isla Iguana,JC22-2-1,90,JC22-2-1-90,60,JC22-2-1-90-60,UNK,Y,.,C,D,.,B,A,N
Pacific,Gulf of Panama,Isla Iguana,JC22-2-1,90,JC22-2-1-90,61,JC22-2-1-90-61,DR,Y,333,B,C,B,A,A,N
Pacific,Gulf of Panama,Isla Iguana,JC22-2-1,90,JC22-2-1-90,62,JC22-2-1-90-62,A,Y,.,B,C,.,A,A,N
Pacific,Gulf of Panama,Isla Iguana,JC22-2-1,90,JC22-2-1-90,63,JC22-2-1-90-63,UNK,Y,.,C,D,.,B,A,N
Pacific,Gulf of Panama,Isla Iguana,JC22-2-1,90,JC22-2-1-90,64,JC22-2-1-90-64,RA,Y,.,B,C,.,A,A,N
Pacific,Gulf of Panama,Isla Iguana,JC22-2-1,90,JC22-2-1-90,65,JC22-2-1-90-65,DR,Y,.,C,D,.,A,A,N
Pacific,Gulf of Panama,Isla Iguana,JC22-2-1,90,JC22-2-1-90,66,JC22-2-1-90-66,GF,Y,239,B,.,B,A,A,N
Pacific,Gulf of Panama,Isla Iguana,JC22-2-1,90,JC22-2-1-90,67,JC22-2-1-90-67,DR,Y,.,C,C,B,A,B,N
Pacific,Gulf of Panama,Isla Iguana,JC22-2-1,90,JC22-2-1-90,68,JC22-2-1-90-68,RA,Y,.,C,C,.,A,A,N
Pacific,Gulf of Panama,Isla Iguana,JC22-2-1,90,JC22-2-1-90,69,JC22-2-1-90-69,DR,Y,.,C,B,B,A,A,N
Pacific,Gulf of Panama,Isla Iguana,JC22-2-1,90,JC22-2-1-90,70,JC22-2-1-90-70,RA,Y,.,B,C,.,B,A,N
Pacific,Gulf of Panama,Isla Iguana,JC22-2-1,90,JC22-2-1-90,71,JC22-2-1-90-71,DR,Y,.,C,.,B,A,A,N
Pacific,Gulf of Panama,Isla Iguana,JC22-2-1,90,JC22-2-1-90,72,JC22-2-1-90-72,DR,Y,.,C,C,.,A,A,N
Pacific,Gulf of Panama,Isla Iguana,JC22-2-1,90,JC22-2-1-90,73,JC22-2-1-90-73,UNK,Y,.,C,D,.,A,A,N
Pacific,Gulf of Panama,Isla Iguana,JC22-2-1,90,JC22-2-1-90,74,JC22-2-1-90-74,DR,Y,.,C,C,B,A,A,N
Pacific,Gulf of Panama,Isla Iguana,JC22-2-1,90,JC22-2-1-90,75,JC22-2-1-90-75,DR,Y,.,C,B,B,A,A,N
Pacific,Gulf of Panama,Isla Iguana,JC22-2-1,90,JC22-2-1-90,76,JC22-2-1-90-76,UNK,Y,.,C,C,.,A,A,N
Pacific,Gulf of Panama,Isla Iguana,JC22-2-1,90,JC22-2-1-90,77,JC22-2-1-90-77,GF,Y,209,C,.,B,A,A,N
Pacific,Gulf of Panama,Isla Iguana,JC22-2-1,90,JC22-2-1-90,78,JC22-2-1-90-78,UNK,Y,.,C,C,.,B,A,N
Pacific,Gulf of Panama,Isla Iguana,JC22-2-1,90,JC22-2-1-90,79,JC22-2-1-90-79,RA,Y,.,C,D,.,A,A,N
Pacific,Gulf of Panama,Isla Iguana,JC22-2-1,90,JC22-2-1-90,80,JC22-2-1-90-80,UNK,Y,.,C,D,.,A,A,N
Pacific,Gulf of Panama,Isla Iguana,JC22-2-1,90,JC22-2-1-90,81,JC22-2-1-90-81,DR,Y,.,C,C,.,A,A,N
Pacific,Gulf of Panama,Isla Iguana,JC22-2-1,90,JC22-2-1-90,82,JC22-2-1-90-82,A,Y,.,C,B,.,B,A,N
Pacific,Gulf of Panama,Isla Iguana,JC22-2-1,90,JC22-2-1-90,83,JC22-2-1-90-83,A,Y,441,C,.,.,A,A,N
Pacific,Gulf of Panama,Isla Iguana,JC22-2-1,90,JC22-2-1-90,84,JC22-2-1-90-84,UNK,Y,.,C,D,.,A,A,N
Pacific,Gulf of Panama,Isla Iguana,JC22-2-1,90,JC22-2-1-90,85,JC22-2-1-90-85,UNK,Y,.,C,D,.,A,A,N
Pacific,Gulf of Panama,Isla Iguana,JC22-2-1,90,JC22-2-1-90,86,JC22-2-1-90-86,DR,Y,.,C,C,B,A,A,N
Pacific,Gulf of Panama,Isla Iguana,JC22-2-1,90,JC22-2-1-90,87,JC22-2-1-90-87,DR,Y,.,C,C,.,A,A,N
Pacific,Gulf of Panama,Isla Iguana,JC22-2-1,90,JC22-2-1-90,88,JC22-2-1-90-88,RA,Y,.,C,D,.,A,A,Y
Pacific,Gulf of Panama,Isla Iguana,JC22-2-1,90,JC22-2-1-90,89,JC22-2-1-90-89,A,Y,.,C,D,.,A,A,Y
Pacific,Gulf of Panama,Isla Iguana,JC22-2-1,90,JC22-2-1-90,90,JC22-2-1-90-90,RA,Y,.,C,C,.,B,A,N
Pacific,Gulf of Panama,Isla Iguana,JC22-2-1,90,JC22-2-1-90,91,JC22-2-1-90-91,GF,Y,.,C,A,B,A,A,N
Pacific,Gulf of Panama,Isla Iguana,JC22-2-1,90,JC22-2-1-90,92,JC22-2-1-90-92,DR,Y,.,C,B,B,A,A,N
Pacific,Gulf of Panama,Isla Iguana,JC22-2-1,90,JC22-2-1-90,93,JC22-2-1-90-93,A,Y,.,C,D,.,A,A,Y
Pacific,Gulf of Panama,Isla Iguana,JC22-2-1,90,JC22-2-1-90,94,JC22-2-1-90-94,UNK,Y,.,C,D,.,A,A,Y
Pacific,Gulf of Panama,Isla Iguana,JC22-2-1,90,JC22-2-1-90,95,JC22-2-1-90-95,GF,Y,.,C,B,B,A,A,N
Pacific,Gulf of Panama,Isla Iguana,JC22-2-1,90,JC22-2-1-90,96,JC22-2-1-90-96,GF,Y,.,C,B,B,A,A,N
Pacific,Gulf of Panama,Isla Iguana,JC22-2-1,90,JC22-2-1-90,97,JC22-2-1-90-97,UNK,Y,.,C,A,A,A,A,N
Pacific,Gulf of Panama,Isla Iguana,JC22-2-1,90,JC22-2-1-90,98,JC22-2-1-90-98,DR,Y,.,C,B,B,A,A,N
Pacific,Gulf of Panama,Isla Iguana,JC22-2-1,90,JC22-2-1-90,99,JC22-2-1-90-99,UNK,Y,.,C,D,.,A,A,N
Pacific,Gulf of Panama,Isla Iguana,JC22-2-1,90,JC22-2-1-90,100,JC22-2-1-90-100,DEFENSE,Y,.,C,A,.,A,A,N
Pacific,Gulf of Panama,Isla Iguana,JC22-2-1,90,JC22-2-1-90,101,JC22-2-1-90-101,DR,Y,.,C,B,B,A,A,N
Pacific,Gulf of Panama,Isla Iguana,JC22-2-1,90,JC22-2-1-90,102,JC22-2-1-90-102,UNK,Y,.,C,D,B,A,A,Y
Pacific,Gulf of Panama,Isla Iguana,JC22-2-1,90,JC22-2-1-90,103,JC22-2-1-90-103,RA,Y,.,C,D,.,A,A,Y
Pacific,Gulf of Panama,Isla Iguana,JC22-2-1,90,JC22-2-1-90,104,JC22-2-1-90-104,A,N,.,C,D,.,A,A,Y
Pacific,Gulf of Panama,Isla Iguana,JC22-2-1,90,JC22-2-1-90,105,JC22-2-1-90-105,UNK,Y,.,C,D,.,A,A,Y
Pacific,Gulf of Panama,Isla Iguana,JC22-2-1,90,JC22-2-1-90,106,JC22-2-1-90-106,UNK,Y,.,C,D,.,A,A,Y
Pacific,Gulf of Panama,Isla Iguana,JC22-2-1,90,JC22-2-1-90,107,JC22-2-1-90-107,UNK,Y,.,C,D,.,A,A,N
Pacific,Gulf of Panama,Isla Iguana,JC22-2-1,90,JC22-2-1-90,108,JC22-2-1-90-108,UNK,Y,.,C,D,.,A,A,Y
Pacific,Gulf of Panama,Isla Iguana,JC22-2-1,90,JC22-2-1-90,109,JC22-2-1-90-109,UNK,Y,.,C,D,.,A,A,Y
Pacific,Gulf of Panama,Isla Iguana,JC22-2-1,90,JC22-2-1-90,110,JC22-2-1-90-110,UNK,Y,.,C,D,.,A,A,Y
Pacific,Gulf of Panama,Isla Iguana,JC22-2-1,90,JC22-2-1-90,111,JC22-2-1-90-111,UNK,Y,.,C,D,.,A,A,Y
Pacific,Gulf of Panama,Isla Iguana,JC22-2-1,165,JC22-2-1-165,1,JC22-2-1-165-1,DR,Y,.,C,C,B,A,A,N
Pacific,Gulf of Panama,Isla Iguana,JC22-2-1,165,JC22-2-1-165,2,JC22-2-1-165-2,RA,Y,371,A,A,A,A,A,N
Pacific,Gulf of Panama,Isla Iguana,JC22-2-1,165,JC22-2-1-165,3,JC22-2-1-165-3,UNK,Y,.,C,C,.,A,A,N
Pacific,Gulf of Panama,Isla Iguana,JC22-2-1,165,JC22-2-1-165,4,JC22-2-1-165-4,UNK,Y,.,C,C,.,A,A,Y
Pacific,Gulf of Panama,Isla Iguana,JC22-2-1,165,JC22-2-1-165,5,JC22-2-1-165-5,RA,Y,435,A,A,B,A,A,N
Pacific,Gulf of Panama,Isla Iguana,JC22-2-1,165,JC22-2-1-165,6,JC22-2-1-165-6,UNK,Y,.,A,A,.,A,A,Y
Pacific,Gulf of Panama,Isla Iguana,JC22-2-1,165,JC22-2-1-165,7,JC22-2-1-165-7,UNK,Y,.,C,C,B,A,A,Y
Pacific,Gulf of Panama,Isla Iguana,JC22-2-1,165,JC22-2-1-165,8,JC22-2-1-165-8,DR,Y,.,C,C,.,B,A,N
Pacific,Gulf of Panama,Isla Iguana,JC22-2-1,165,JC22-2-1-165,9,JC22-2-1-165-9,RA,Y,300,C,C,.,B,A,N
Pacific,Gulf of Panama,Isla Iguana,JC22-2-1,165,JC22-2-1-165,10,JC22-2-1-165-10,UNK,Y,.,B,B,.,B,A,N
Pacific,Gulf of Panama,Isla Iguana,JC22-2-1,165,JC22-2-1-165,11,JC22-2-1-165-11,A,Y,479,A,A,.,A,A,N
Pacific,Gulf of Panama,Isla Iguana,JC22-2-1,165,JC22-2-1-165,12,JC22-2-1-165-12,UNK,Y,.,C,C,.,A,A,Y
Pacific,Gulf of Panama,Isla Iguana,JC22-2-1,165,JC22-2-1-165,13,JC22-2-1-165-13,DR,Y,.,C,C,.,A,A,N
Pacific,Gulf of Panama,Isla Iguana,JC22-2-1,165,JC22-2-1-165,14,JC22-2-1-165-14,DR,Y,243,A,A,.,A,A,N
Pacific,Gulf of Panama,Isla Iguana,JC22-2-1,165,JC22-2-1-165,15,JC22-2-1-165-15,DR,Y,495,A,A,.,B,A,N
Pacific,Gulf of Panama,Isla Iguana,JC22-2-1,165,JC22-2-1-165,16,JC22-2-1-165-16,A,Y,364,B,B,.,B,A,N
Pacific,Gulf of Panama,Isla Iguana,JC22-2-1,165,JC22-2-1-165,17,JC22-2-1-165-17,UNK,Y,.,C,C,.,A,A,Y
Pacific,Gulf of Panama,Isla Iguana,JC22-2-1,165,JC22-2-1-165,18,JC22-2-1-165-18,DR,Y,182,C,A,A,A,A,N
Pacific,Gulf of Panama,Isla Iguana,JC22-2-1,165,JC22-2-1-165,19,JC22-2-1-165-19,RA,Y,307,A,B,.,A,B,N
Pacific,Gulf of Panama,Isla Iguana,JC22-2-1,165,JC22-2-1-165,20,JC22-2-1-165-20,UNK,Y,.,B,C,.,B,A,Y
Pacific,Gulf of Panama,Isla Iguana,JC22-2-1,165,JC22-2-1-165,21,JC22-2-1-165-21,UNK,Y,.,C,C,.,B,A,Y
Pacific,Gulf of Panama,Isla Iguana,JC22-2-1,165,JC22-2-1-165,22,JC22-2-1-165-22,DR,Y,176,B,A,.,B,A,N
Pacific,Gulf of Panama,Isla Iguana,JC22-2-1,165,JC22-2-1-165,23,JC22-2-1-165-23,GF,Y,235,C,B,B,B,A,N
Pacific,Gulf of Panama,Isla Iguana,JC22-2-1,165,JC22-2-1-165,24,JC22-2-1-165-24,UNK,Y,.,B,C,.,B,A,N
Pacific,Gulf of Panama,Isla Iguana,JC22-2-1,165,JC22-2-1-165,25,JC22-2-1-165-25,DR,Y,.,B,B,.,B,A,N
Pacific,Gulf of Panama,Isla Iguana,JC22-2-1,165,JC22-2-1-165,26,JC22-2-1-165-26,UNK,Y,.,C,D,.,A,B,N
Pacific,Gulf of Panama,Isla Iguana,JC22-2-1,165,JC22-2-1-165,27,JC22-2-1-165-27,DR,Y,286,B,B,.,B,A,N
Pacific,Gulf of Panama,Isla Iguana,JC22-2-1,165,JC22-2-1-165,28,JC22-2-1-165-28,DR,Y,494,B,A,.,A,A,N
Pacific,Gulf of Panama,Isla Iguana,JC22-2-1,165,JC22-2-1-165,29,JC22-2-1-165-29,RA,Y,.,B,C,.,A,A,N
Pacific,Gulf of Panama,Isla Iguana,JC22-2-1,165,JC22-2-1-165,30,JC22-2-1-165-30,RA,Y,.,A,B,.,A,A,N
Pacific,Gulf of Panama,Isla Iguana,JC22-2-1,165,JC22-2-1-165,31,JC22-2-1-165-31,RA,Y,.,B,B,.,A,A,N
Pacific,Gulf of Panama,Isla Iguana,JC22-2-1,165,JC22-2-1-165,32,JC22-2-1-165-32,RA,Y,.,B,C,.,B,A,N
Pacific,Gulf of Panama,Isla Iguana,JC22-2-1,165,JC22-2-1-165,33,JC22-2-1-165-33,UNK,Y,.,C,D,.,A,A,N
Pacific,Gulf of Panama,Isla Iguana,JC22-2-1,165,JC22-2-1-165,34,JC22-2-1-165-34,DR,Y,.,C,B,.,B,A,N
Pacific,Gulf of Panama,Isla Iguana,JC22-2-1,165,JC22-2-1-165,35,JC22-2-1-165-35,A,Y,496,B,A,.,A,A,N
Pacific,Gulf of Panama,Isla Iguana,JC22-2-1,165,JC22-2-1-165,36,JC22-2-1-165-36,DR,Y,352,C,A,B,A,A,N
Pacific,Gulf of Panama,Isla Iguana,JC22-2-1,165,JC22-2-1-165,37,JC22-2-1-165-37,RA,Y,368,B,B,.,A,A,N
Pacific,Gulf of Panama,Isla Iguana,JC22-2-1,165,JC22-2-1-165,38,JC22-2-1-165-38,GF,Y,239,A,A,.,A,A,N
Pacific,Gulf of Panama,Isla Iguana,JC22-2-1,165,JC22-2-1-165,39,JC22-2-1-165-39,DR,Y,286,C,C,B,A,A,N
Pacific,Gulf of Panama,Isla Iguana,JC22-2-1,165,JC22-2-1-165,40,JC22-2-1-165-40,GF,Y,294,A,A,B,A,A,N
Pacific,Gulf of Panama,Isla Iguana,JC22-2-1,165,JC22-2-1-165,41,JC22-2-1-165-41,UNK,Y,.,C,D,B,A,A,Y
Pacific,Gulf of Panama,Isla Iguana,JC22-2-1,165,JC22-2-1-165,42,JC22-2-1-165-42,DR,Y,.,C,C,B,A,A,N
Pacific,Gulf of Panama,Isla Iguana,JC22-2-1,165,JC22-2-1-165,43,JC22-2-1-165-43,DR,Y,.,C,B,B,A,A,N
Pacific,Gulf of Panama,Isla Iguana,JC22-2-1,165,JC22-2-1-165,44,JC22-2-1-165-44,DR,Y,.,C,C,B,B,A,N
Pacific,Gulf of Panama,Isla Iguana,JC22-2-1,165,JC22-2-1-165,45,JC22-2-1-165-45,GF,Y,257,A,A,B,A,A,N
Pacific,Gulf of Panama,Isla Iguana,JC22-2-1,165,JC22-2-1-165,46,JC22-2-1-165-46,DR,Y,.,C,C,.,B,A,N
Pacific,Gulf of Panama,Isla Iguana,JC22-2-1,165,JC22-2-1-165,47,JC22-2-1-165-47,DR,Y,.,B,C,.,A,A,N
Pacific,Gulf of Panama,Isla Iguana,JC22-2-1,165,JC22-2-1-165,48,JC22-2-1-165-48,UNK,Y,.,C,C,.,B,A,N
Pacific,Gulf of Panama,Isla Iguana,JC22-2-1,165,JC22-2-1-165,49,JC22-2-1-165-49,DR,Y,.,C,C,B,A,A,N
Pacific,Gulf of Panama,Isla Iguana,JC22-2-1,165,JC22-2-1-165,50,JC22-2-1-165-50,DR,Y,.,B,B,B,A,A,N
Pacific,Gulf of Panama,Isla Iguana,JC22-2-1,165,JC22-2-1-165,51,JC22-2-1-165-51,DR,Y,300,C,B,.,A,A,N
Pacific,Gulf of Panama,Isla Iguana,JC22-2-1,165,JC22-2-1-165,52,JC22-2-1-165-52,DR,Y,233,A,A,B,A,A,N
Pacific,Gulf of Panama,Isla Iguana,JC22-2-1,165,JC22-2-1-165,53,JC22-2-1-165-53,A,N,.,C,D,.,A,A,Y
Pacific,Gulf of Panama,Isla Iguana,JC22-2-1,165,JC22-2-1-165,54,JC22-2-1-165-54,UNK,.,.,C,D,.,A,A,Y
Pacific,Gulf of Panama,Isla Iguana,JC22-2-1,165,JC22-2-1-165,55,JC22-2-1-165-55,DR,Y,342,B,B,B,A,A,N
Pacific,Gulf of Panama,Isla Iguana,JC22-2-1,165,JC22-2-1-165,56,JC22-2-1-165-56,GF,Y,308,B,B,B,A,A,N
Pacific,Gulf of Panama,Isla Iguana,JC22-2-1,165,JC22-2-1-165,57,JC22-2-1-165-57,UNK,Y,.,D,.,B,D,.,N
Pacific,Gulf of Panama,Isla Iguana,JC22-2-1,165,JC22-2-1-165,58,JC22-2-1-165-58,DR,Y,221,A,B,C,A,B,N
Pacific,Gulf of Panama,Isla Iguana,JC22-2-1,165,JC22-2-1-165,59,JC22-2-1-165-59,DR,Y,.,B,.,C,B,.,N
Pacific,Gulf of Panama,Isla Iguana,JC22-2-1,165,JC22-2-1-165,60,JC22-2-1-165-60,GF,N,204,A,B,A,A,B,N
Pacific,Gulf of Panama,Isla Iguana,JC22-2-1,165,JC22-2-1-165,61,JC22-2-1-165-61,A,N,.,C,.,A,A,.,N
Pacific,Gulf of Panama,Isla Iguana,JC22-2-1,165,JC22-2-1-165,62,JC22-2-1-165-62,DR,Y,371,B,B,B,C,B,N
Pacific,Gulf of Panama,Isla Iguana,JC22-2-1,165,JC22-2-1-165,63,JC22-2-1-165-63,UNK,.,.,C,.,C,B,.,N
Pacific,Gulf of Panama,Isla Iguana,JC22-2-1,165,JC22-2-1-165,64,JC22-2-1-165-64,GF,Y,240,A,A,C,C,A,N
Pacific,Gulf of Panama,Isla Iguana,JC22-2-1,165,JC22-2-1-165,65,JC22-2-1-165-65,A,Y,326,B,.,C,A,.,N
Pacific,Gulf of Panama,Isla Iguana,JC22-2-1,165,JC22-2-1-165,66,JC22-2-1-165-66,DR,.,207,A,B,C,B,B,N
Pacific,Gulf of Panama,Isla Iguana,JC22-2-1,165,JC22-2-1-165,67,JC22-2-1-165-67,RA,Y,.,C,.,C,A,A,N
Pacific,Gulf of Panama,Isla Iguana,JC22-2-1,165,JC22-2-1-165,68,JC22-2-1-165-68,RA,Y,415,A,B,C,C,B,N
Pacific,Gulf of Panama,Isla Iguana,JC22-2-1,165,JC22-2-1-165,69,JC22-2-1-165-69,DR,.,330,B,B,C,A,B,N
Pacific,Gulf of Panama,Isla Iguana,JC22-2-1,165,JC22-2-1-165,70,JC22-2-1-165-70,DR,Y,365,A,B,B,B,B,N
Pacific,Gulf of Panama,Isla Iguana,JC22-2-1,165,JC22-2-1-165,71,JC22-2-1-165-71,RA,Y,.,D,.,C,D,.,N
Pacific,Gulf of Panama,Isla Iguana,JC22-2-1,190,JC22-2-1-190,1,JC22-2-1-190-1,RA,Y,598,C,C,.,B,A,N
Pacific,Gulf of Panama,Isla Iguana,JC22-2-1,190,JC22-2-1-190,2,JC22-2-1-190-2,RA,Y,.,C,D,.,A,A,Y
Pacific,Gulf of Panama,Isla Iguana,JC22-2-1,190,JC22-2-1-190,3,JC22-2-1-190-3,DR,Y,.,C,B,B,A,A,N
Pacific,Gulf of Panama,Isla Iguana,JC22-2-1,190,JC22-2-1-190,4,JC22-2-1-190-4,DR,Y,624,C,B,B,A,A,N
Pacific,Gulf of Panama,Isla Iguana,JC22-2-1,190,JC22-2-1-190,5,JC22-2-1-190-5,RA,Y,454,C,A,.,A,A,N
Pacific,Gulf of Panama,Isla Iguana,JC22-2-1,190,JC22-2-1-190,6,JC22-2-1-190-6,UNK,Y,.,C,D,.,B,A,N
Pacific,Gulf of Panama,Isla Iguana,JC22-2-1,190,JC22-2-1-190,7,JC22-2-1-190-7,A,Y,.,B,D,.,A,A,N
Pacific,Gulf of Panama,Isla Iguana,JC22-2-1,190,JC22-2-1-190,8,JC22-2-1-190-8,DR,Y,429,B,A,B,A,A,N
Pacific,Gulf of Panama,Isla Iguana,JC22-2-1,190,JC22-2-1-190,9,JC22-2-1-190-9,DR,Y,600,B,C,B,A,A,N
Pacific,Gulf of Panama,Isla Iguana,JC22-2-1,190,JC22-2-1-190,10,JC22-2-1-190-10,A,.,374,C,A,.,B,A,N
Pacific,Gulf of Panama,Isla Iguana,JC22-2-1,190,JC22-2-1-190,11,JC22-2-1-190-11,DR,Y,358,C,B,B,B,A,N
Pacific,Gulf of Panama,Isla Iguana,JC22-2-1,190,JC22-2-1-190,12,JC22-2-1-190-12,RA,Y,.,C,C,.,A,A,N
Pacific,Gulf of Panama,Isla Iguana,JC22-2-1,190,JC22-2-1-190,13,JC22-2-1-190-13,GF,Y,207,A,A,B,A,A,N
Pacific,Gulf of Panama,Isla Iguana,JC22-2-1,190,JC22-2-1-190,14,JC22-2-1-190-14,GF,Y,274,B,A,B,A,A,N
Pacific,Gulf of Panama,Isla Iguana,JC22-2-1,190,JC22-2-1-190,15,JC22-2-1-190-15,DR,Y,462,B,A,B,A,A,N
Pacific,Gulf of Panama,Isla Iguana,JC22-2-1,190,JC22-2-1-190,16,JC22-2-1-190-16,RA,Y,414,A,A,B,A,A,N
Pacific,Gulf of Panama,Isla Iguana,JC22-2-1,190,JC22-2-1-190,17,JC22-2-1-190-17,DR,Y,464,C,A,.,B,A,N
Pacific,Gulf of Panama,Isla Iguana,JC22-2-1,190,JC22-2-1-190,18,JC22-2-1-190-18,RA,Y,.,C,D,B,A,A,N
Pacific,Gulf of Panama,Isla Iguana,JC22-2-1,190,JC22-2-1-190,19,JC22-2-1-190-19,DR,Y,313,A,B,.,A,A,N
Pacific,Gulf of Panama,Isla Iguana,JC22-2-1,190,JC22-2-1-190,20,JC22-2-1-190-20,UNK,Y,.,C,D,.,A,A,Y
Pacific,Gulf of Panama,Isla Iguana,JC22-2-1,190,JC22-2-1-190,21,JC22-2-1-190-21,DR,Y,336,C,A,.,A,A,N
Pacific,Gulf of Panama,Isla Iguana,JC22-2-1,190,JC22-2-1-190,22,JC22-2-1-190-22,DR,Y,341,A,A,B,A,A,N
Pacific,Gulf of Panama,Isla Iguana,JC22-2-1,190,JC22-2-1-190,23,JC22-2-1-190-23,DR,Y,.,A,D,.,A,A,N
Pacific,Gulf of Panama,Isla Iguana,JC22-2-1,190,JC22-2-1-190,24,JC22-2-1-190-24,DR,Y,387,A,B,.,B,A,N
Pacific,Gulf of Panama,Isla Iguana,JC22-2-1,190,JC22-2-1-190,25,JC22-2-1-190-25,DR,Y,432,C,C,B,A,A,N
Pacific,Gulf of Panama,Isla Iguana,JC22-2-1,190,JC22-2-1-190,26,JC22-2-1-190-26,A,Y,.,C,C,.,B,A,N
Pacific,Gulf of Panama,Isla Iguana,JC22-2-1,190,JC22-2-1-190,27,JC22-2-1-190-27,DR,Y,.,C,C,B,B,A,N
Pacific,Gulf of Panama,Isla Iguana,JC22-2-1,190,JC22-2-1-190,28,JC22-2-1-190-28,RA,Y,239,B,B,A,B,A,N
Pacific,Gulf of Panama,Isla Iguana,JC22-2-1,190,JC22-2-1-190,29,JC22-2-1-190-29,RA,Y,.,B,C,.,B,A,N
Pacific,Gulf of Panama,Isla Iguana,JC22-2-1,190,JC22-2-1-190,30,JC22-2-1-190-30,DR,Y,377,B,A,.,A,B,N
Pacific,Gulf of Panama,Isla Iguana,JC22-2-1,190,JC22-2-1-190,31,JC22-2-1-190-31,DR,Y,475,B,B,.,B,A,N
Pacific,Gulf of Panama,Isla Iguana,JC22-2-1,190,JC22-2-1-190,32,JC22-2-1-190-32,UNK,Y,.,C,D,.,A,A,Y
Pacific,Gulf of Panama,Isla Iguana,JC22-2-1,190,JC22-2-1-190,33,JC22-2-1-190-33,UNK,Y,.,C,C,B,B,A,N
Pacific,Gulf of Panama,Isla Iguana,JC22-2-1,190,JC22-2-1-190,34,JC22-2-1-190-34,DR,Y,286,C,A,B,A,A,N
Pacific,Gulf of Panama,Isla Iguana,JC22-2-1,190,JC22-2-1-190,35,JC22-2-1-190-35,UNK,Y,.,C,B,.,B,A,N
Pacific,Gulf of Panama,Isla Iguana,JC22-2-1,190,JC22-2-1-190,36,JC22-2-1-190-36,DR,Y,415,C,A,B,A,A,N
Pacific,Gulf of Panama,Isla Iguana,JC22-2-1,190,JC22-2-1-190,37,JC22-2-1-190-37,A,Y,400,A,C,.,A,A,N
Pacific,Gulf of Panama,Isla Iguana,JC22-2-1,190,JC22-2-1-190,38,JC22-2-1-190-38,DR,Y,286,C,C,.,A,A,N
Pacific,Gulf of Panama,Isla Iguana,JC22-2-1,190,JC22-2-1-190,39,JC22-2-1-190-39,RA,Y,150,B,C,.,B,A,N
Pacific,Gulf of Panama,Isla Iguana,JC22-2-1,190,JC22-2-1-190,40,JC22-2-1-190-40,GF,Y,289,C,A,B,A,A,N
Pacific,Gulf of Panama,Isla Iguana,JC22-2-1,190,JC22-2-1-190,41,JC22-2-1-190-41,A,Y,297,B,B,B,A,A,N
Pacific,Gulf of Panama,Isla Iguana,JC22-2-1,190,JC22-2-1-190,42,JC22-2-1-190-42,A,Y,393,C,A,.,A,A,N
Pacific,Gulf of Panama,Isla Iguana,JC22-2-1,190,JC22-2-1-190,43,JC22-2-1-190-43,A,Y,.,B,B,.,B,A,N
Pacific,Gulf of Panama,Isla Iguana,JC22-2-1,190,JC22-2-1-190,44,JC22-2-1-190-44,UNK,Y,.,C,D,.,A,A,N
Pacific,Gulf of Panama,Isla Iguana,JC22-2-1,190,JC22-2-1-190,45,JC22-2-1-190-45,DR,Y,397,C,A,.,A,A,N
Pacific,Gulf of Panama,Isla Iguana,JC22-2-1,190,JC22-2-1-190,46,JC22-2-1-190-46,UNK,Y,.,C,D,.,A,A,Y
Pacific,Gulf of Panama,Isla Iguana,JC22-2-1,190,JC22-2-1-190,47,JC22-2-1-190-47,DR,Y,371,C,B,.,B,A,N
Pacific,Gulf of Panama,Isla Iguana,JC22-2-1,190,JC22-2-1-190,48,JC22-2-1-190-48,GF,Y,257,C,A,B,A,A,N
Pacific,Gulf of Panama,Isla Iguana,JC22-2-1,190,JC22-2-1-190,49,JC22-2-1-190-49,DR,Y,320,C,A,B,A,A,N
Pacific,Gulf of Panama,Isla Iguana,JC22-2-1,190,JC22-2-1-190,50,JC22-2-1-190-50,GF,Y,224,A,A,.,A,A,N
Pacific,Gulf of Panama,Isla Iguana,JC22-2-1,190,JC22-2-1-190,51,JC22-2-1-190-51,GF,Y,.,C,D,.,A,A,Y
Pacific,Gulf of Panama,Isla Iguana,JC22-2-1,190,JC22-2-1-190,52,JC22-2-1-190-52,DR,Y,290,C,B,B,A,B,N
Pacific,Gulf of Panama,Isla Iguana,JC22-2-1,190,JC22-2-1-190,53,JC22-2-1-190-53,DR,Y,323,C,B,B,A,A,N
Pacific,Gulf of Panama,Isla Iguana,JC22-2-1,190,JC22-2-1-190,54,JC22-2-1-190-54,UNK,Y,.,C,D,.,A,A,Y
Pacific,Gulf of Panama,Isla Iguana,JC22-2-1,190,JC22-2-1-190,55,JC22-2-1-190-55,DR,Y,.,C,B,.,A,A,N
Pacific,Gulf of Panama,Isla Iguana,JC22-2-1,190,JC22-2-1-190,56,JC22-2-1-190-56,DR,Y,386,C,A,B,A,A,N
Pacific,Gulf of Panama,Isla Iguana,JC22-2-1,190,JC22-2-1-190,57,JC22-2-1-190-57,A,Y,.,C,B,.,B,A,N
Pacific,Gulf of Panama,Isla Iguana,JC22-2-1,190,JC22-2-1-190,58,JC22-2-1-190-58,DR,Y,320,C,B,B,A,A,N
Pacific,Gulf of Panama,Isla Iguana,JC22-2-1,190,JC22-2-1-190,59,JC22-2-1-190-59,DR,Y,326,C,B,B,B,A,N
Pacific,Gulf of Panama,Isla Iguana,JC22-2-1,190,JC22-2-1-190,60,JC22-2-1-190-60,GF,Y,271,C,B,B,B,A,N
Pacific,Gulf of Panama,Isla Iguana,JC22-2-1,190,JC22-2-1-190,61,JC22-2-1-190-61,UNK,Y,.,C,D,.,A,A,Y
Pacific,Gulf of Panama,Isla Iguana,JC22-2-1,190,JC22-2-1-190,62,JC22-2-1-190-62,UNK,Y,.,C,D,B,A,A,Y
Pacific,Gulf of Panama,Isla Iguana,JC22-2-1,190,JC22-2-1-190,63,JC22-2-1-190-63,DR,Y,.,C,D,.,A,A,N
Pacific,Gulf of Panama,Isla Iguana,JC22-2-1,190,JC22-2-1-190,64,JC22-2-1-190-64,GF,Y,237,B,A,B,A,A,N
Pacific,Gulf of Panama,Isla Iguana,JC22-2-1,190,JC22-2-1-190,65,JC22-2-1-190-65,GF,Y,206,B,B,B,A,A,N
Pacific,Gulf of Panama,Isla Iguana,JC22-2-1,190,JC22-2-1-190,66,JC22-2-1-190-66,UNK,Y,.,.,D,.,A,A,Y
Pacific,Gulf of Panama,Isla Iguana,JC22-2-1,190,JC22-2-1-190,67,JC22-2-1-190-67,RA,Y,304,C,B,B,A,B,N
Pacific,Gulf of Panama,Isla Iguana,JC22-2-1,190,JC22-2-1-190,68,JC22-2-1-190-68,DR,Y,.,C,D,.,A,A,Y
Pacific,Gulf of Panama,Isla Iguana,JC22-2-1,190,JC22-2-1-190,69,JC22-2-1-190-69,GF,N,.,A,B,B,A,A,N
Pacific,Gulf of Panama,Isla Iguana,JC22-2-1,190,JC22-2-1-190,70,JC22-2-1-190-70,UNK,Y,587,C,A,B,B,A,N
Pacific,Gulf of Panama,Isla Iguana,JC22-2-1,190,JC22-2-1-190,71,JC22-2-1-190-71,RA,Y,149,A,A,.,A,A,N
Pacific,Gulf of Panama,Isla Iguana,JC22-2-1,190,JC22-2-1-190,72,JC22-2-1-190-72,GF,Y,.,A,C,B,A,A,N
Pacific,Gulf of Panama,Isla Iguana,JC22-2-1,190,JC22-2-1-190,73,JC22-2-1-190-73,GF,Y,157,A,A,B,A,A,N
Pacific,Gulf of Panama,Isla Iguana,JC22-2-3,147,JC22-2-3-147,1,JC22-2-3-147-1,DR,Y,456,B,B,B,A,A,N
Pacific,Gulf of Panama,Isla Iguana,JC22-2-3,147,JC22-2-3-147,2,JC22-2-3-147-2,DR,Y,345,C,D,B,A,A,Y
Pacific,Gulf of Panama,Isla Iguana,JC22-2-3,147,JC22-2-3-147,3,JC22-2-3-147-3,DR,Y,552,C,B,B,A,A,N
Pacific,Gulf of Panama,Isla Iguana,JC22-2-3,147,JC22-2-3-147,4,JC22-2-3-147-4,GF,Y,306,C,D,B,A,A,Y
Pacific,Gulf of Panama,Isla Iguana,JC22-2-3,147,JC22-2-3-147,5,JC22-2-3-147-5,RA,Y,534,C,B,B,A,B,N
Pacific,Gulf of Panama,Isla Iguana,JC22-2-3,147,JC22-2-3-147,6,JC22-2-3-147-6,GF,Y,267,A,B,A,A,A,N
Pacific,Gulf of Panama,Isla Iguana,JC22-2-3,147,JC22-2-3-147,7,JC22-2-3-147-7,DR,N,304,B,B,B,A,A,N
Pacific,Gulf of Panama,Isla Iguana,JC22-2-3,147,JC22-2-3-147,8,JC22-2-3-147-8,RA,Y,355,A,C,B,A,A,N
Pacific,Gulf of Panama,Isla Iguana,JC22-2-3,147,JC22-2-3-147,9,JC22-2-3-147-9,GF,N,377,B,B,B,A,A,N
Pacific,Gulf of Panama,Isla Iguana,JC22-2-3,147,JC22-2-3-147,10,JC22-2-3-147-10,DR,Y,377,C,C,B,A,A,N
Pacific,Gulf of Panama,Isla Iguana,JC22-2-3,147,JC22-2-3-147,11,JC22-2-3-147-11,DR,Y,403,C,B,B,A,A,N
Pacific,Gulf of Panama,Isla Iguana,JC22-2-3,147,JC22-2-3-147,12,JC22-2-3-147-12,DR,Y,533,A,B,B,A,A,N
Pacific,Gulf of Panama,Isla Iguana,JC22-2-3,147,JC22-2-3-147,13,JC22-2-3-147-13,DR,Y,452,A,B,B,A,A,N
Pacific,Gulf of Panama,Isla Iguana,JC22-2-3,147,JC22-2-3-147,14,JC22-2-3-147-14,UNK,N,175,C,D,B,A,A,Y
Pacific,Gulf of Panama,Isla Iguana,JC22-2-3,147,JC22-2-3-147,15,JC22-2-3-147-15,A,N,492,A,A,A,A,A,N
Pacific,Gulf of Panama,Isla Iguana,JC22-2-3,147,JC22-2-3-147,16,JC22-2-3-147-16,DR,Y,336,C,C,A,A,A,N
Pacific,Gulf of Panama,Isla Iguana,JC22-2-3,147,JC22-2-3-147,17,JC22-2-3-147-17,DR,Y,338,C,B,B,A,A,N
Pacific,Gulf of Panama,Isla Iguana,JC22-2-3,147,JC22-2-3-147,18,JC22-2-3-147-18,GF,Y,321,A,A,A,A,A,N
Pacific,Gulf of Panama,Isla Iguana,JC22-2-3,147,JC22-2-3-147,19,JC22-2-3-147-19,DR,Y,285,A,C,B,A,A,N
Pacific,Gulf of Panama,Isla Iguana,JC22-2-3,147,JC22-2-3-147,20,JC22-2-3-147-20,A,N,256,A,C,B,A,A,N
Pacific,Gulf of Panama,Isla Iguana,JC22-2-3,147,JC22-2-3-147,21,JC22-2-3-147-21,DR,N,351,B,C,B,A,A,N
Pacific,Gulf of Panama,Isla Iguana,JC22-2-3,147,JC22-2-3-147,22,JC22-2-3-147-22,RA,Y,429,A,B,B,A,A,N
Pacific,Gulf of Panama,Isla Iguana,JC22-2-3,147,JC22-2-3-147,23,JC22-2-3-147-23,RA,Y,419,B,B,B,A,A,N
Pacific,Gulf of Panama,Isla Iguana,JC22-2-3,147,JC22-2-3-147,24,JC22-2-3-147-24,DR,N,256,C,D,B,A,A,Y
Pacific,Gulf of Panama,Isla Iguana,JC22-2-3,147,JC22-2-3-147,25,JC22-2-3-147-25,DR,Y,321,B,C,B,A,A,N
Pacific,Gulf of Panama,Isla Iguana,JC22-2-3,147,JC22-2-3-147,26,JC22-2-3-147-26,DR,N,316,C,B,B,A,A,N
Pacific,Gulf of Panama,Isla Iguana,JC22-2-3,147,JC22-2-3-147,27,JC22-2-3-147-27,DR,Y,317,A,C,B,A,A,N
Pacific,Gulf of Panama,Isla Iguana,JC22-2-3,147,JC22-2-3-147,28,JC22-2-3-147-28,A,N,672,A,A,A,A,B,N
Pacific,Gulf of Panama,Isla Iguana,JC22-2-3,147,JC22-2-3-147,29,JC22-2-3-147-29,DR,Y,651,C,B,B,A,A,N
Pacific,Gulf of Panama,Isla Iguana,JC22-2-3,147,JC22-2-3-147,30,JC22-2-3-147-30,UNK,.,192,C,D,B,A,A,Y
Pacific,Gulf of Panama,Isla Iguana,JC22-2-3,147,JC22-2-3-147,31,JC22-2-3-147-31,DR,Y,392,C,C,B,A,A,N
Pacific,Gulf of Panama,Isla Iguana,JC22-2-3,147,JC22-2-3-147,32,JC22-2-3-147-32,DR,Y,249,A,B,B,A,A,N
Pacific,Gulf of Panama,Isla Iguana,JC22-2-3,147,JC22-2-3-147,33,JC22-2-3-147-33,RA,Y,286,B,B,B,A,A,N
Pacific,Gulf of Panama,Isla Iguana,JC22-2-3,147,JC22-2-3-147,34,JC22-2-3-147-34,DR,Y,489,B,B,B,A,A,N
Pacific,Gulf of Panama,Isla Iguana,JC22-2-3,147,JC22-2-3-147,35,JC22-2-3-147-35,DR,Y,312,C,C,B,A,B,N
Pacific,Gulf of Panama,Isla Iguana,JC22-2-3,147,JC22-2-3-147,36,JC22-2-3-147-36,DR,N,511,A,B,B,A,A,N
Pacific,Gulf of Panama,Isla Iguana,JC22-2-3,147,JC22-2-3-147,37,JC22-2-3-147-37,RA,Y,325,C,B,B,A,A,N
Pacific,Gulf of Panama,Isla Iguana,JC22-2-3,147,JC22-2-3-147,38,JC22-2-3-147-38,DR,Y,458,A,B,B,A,A,N
Pacific,Gulf of Panama,Isla Iguana,JC22-2-3,147,JC22-2-3-147,39,JC22-2-3-147-39,A,N,464,B,A,A,A,A,N
Pacific,Gulf of Panama,Isla Iguana,JC22-2-3,147,JC22-2-3-147,40,JC22-2-3-147-40,DR,N,299,B,B,B,A,A,N
Pacific,Gulf of Panama,Isla Iguana,JC22-2-3,147,JC22-2-3-147,41,JC22-2-3-147-41,DR,Y,379,C,B,B,A,A,N
Pacific,Gulf of Panama,Isla Iguana,JC22-2-3,147,JC22-2-3-147,42,JC22-2-3-147-42,RA,N,577,A,B,B,A,A,N
Pacific,Gulf of Panama,Isla Iguana,JC22-2-3,147,JC22-2-3-147,43,JC22-2-3-147-43,A,N,274,B,C,B,A,A,N
Pacific,Gulf of Panama,Isla Iguana,JC22-2-3,147,JC22-2-3-147,44,JC22-2-3-147-44,DR,Y,320,B,B,B,A,A,N
Pacific,Gulf of Panama,Isla Iguana,JC22-2-3,147,JC22-2-3-147,45,JC22-2-3-147-45,DR,Y,259,A,A,A,A,A,N
Pacific,Gulf of Panama,Isla Iguana,JC22-2-3,147,JC22-2-3-147,46,JC22-2-3-147-46,A,Y,412,B,C,B,A,A,N
Pacific,Gulf of Panama,Isla Iguana,JC22-2-3,147,JC22-2-3-147,47,JC22-2-3-147-47,DR,Y,362,C,B,B,A,A,N
Pacific,Gulf of Panama,Isla Iguana,JC22-2-3,147,JC22-2-3-147,48,JC22-2-3-147-48,DR,Y,271,B,B,B,A,A,N
Pacific,Gulf of Panama,Isla Iguana,JC22-2-3,147,JC22-2-3-147,49,JC22-2-3-147-49,DR,Y,300,C,B,B,A,A,N
Pacific,Gulf of Panama,Isla Iguana,JC22-2-3,147,JC22-2-3-147,50,JC22-2-3-147-50,RA,Y,320,B,B,B,A,A,N
Pacific,Gulf of Panama,Isla Iguana,JC22-2-3,147,JC22-2-3-147,51,JC22-2-3-147-51,DR,Y,370,C,B,B,A,A,N
Pacific,Gulf of Panama,Isla Iguana,JC22-2-3,147,JC22-2-3-147,52,JC22-2-3-147-52,GF,N,256,C,B,B,A,A,N
Pacific,Gulf of Panama,Isla Iguana,JC22-2-3,147,JC22-2-3-147,53,JC22-2-3-147-53,DR,Y,295,A,B,B,A,A,N
Pacific,Gulf of Panama,Isla Iguana,JC22-2-3,147,JC22-2-3-147,54,JC22-2-3-147-54,DR,N,368,C,B,B,A,A,N
Pacific,Gulf of Panama,Isla Iguana,JC22-2-3,147,JC22-2-3-147,55,JC22-2-3-147-55,DR,Y,267,C,B,B,A,A,N
Pacific,Gulf of Panama,Isla Iguana,JC22-2-3,147,JC22-2-3-147,56,JC22-2-3-147-56,RA,N,380,B,C,B,A,A,N
Pacific,Gulf of Panama,Isla Iguana,JC22-2-3,147,JC22-2-3-147,57,JC22-2-3-147-57,DR,Y,368,C,B,B,A,A,N
Pacific,Gulf of Panama,Isla Iguana,JC22-2-3,147,JC22-2-3-147,58,JC22-2-3-147-58,GF,Y,233,A,B,B,A,A,N
Pacific,Gulf of Panama,Isla Iguana,JC22-2-3,147,JC22-2-3-147,59,JC22-2-3-147-59,DR,Y,379,C,B,B,A,A,N
Pacific,Gulf of Panama,Isla Iguana,JC22-2-3,147,JC22-2-3-147,60,JC22-2-3-147-60,RA,Y,252,C,B,B,A,A,N
Pacific,Gulf of Panama,Isla Iguana,JC22-2-3,147,JC22-2-3-147,61,JC22-2-3-147-61,DR,Y,.,C,C,B,A,A,N
Pacific,Gulf of Panama,Isla Iguana,JC22-2-3,147,JC22-2-3-147,62,JC22-2-3-147-62,DR,Y,324,B,C,B,A,A,N
Pacific,Gulf of Panama,Isla Iguana,JC22-2-3,147,JC22-2-3-147,63,JC22-2-3-147-63,DR,N,568,B,B,B,A,B,N
Pacific,Gulf of Panama,Isla Iguana,JC22-2-3,147,JC22-2-3-147,64,JC22-2-3-147-64,DR,Y,329,C,C,B,A,A,N
Pacific,Gulf of Panama,Isla Iguana,JC22-2-3,147,JC22-2-3-147,65,JC22-2-3-147-65,A,Y,.,C,C,B,B,A,N
Pacific,Gulf of Panama,Isla Iguana,JC22-2-3,147,JC22-2-3-147,66,JC22-2-3-147-66,DR,Y,.,C,D,B,A,A,Y
Pacific,Gulf of Panama,Isla Iguana,JC22-2-3,147,JC22-2-3-147,67,JC22-2-3-147-67,GF,Y,249,B,B,B,A,A,N
Pacific,Gulf of Panama,Isla Iguana,JC22-2-3,147,JC22-2-3-147,68,JC22-2-3-147-68,RA,Y,389,C,B,B,A,A,N
Pacific,Gulf of Panama,Isla Iguana,JC22-2-3,147,JC22-2-3-147,69,JC22-2-3-147-69,GF,Y,323,B,B,B,A,A,N
Pacific,Gulf of Panama,Isla Iguana,JC22-2-3,147,JC22-2-3-147,70,JC22-2-3-147-70,DR,N,.,C,C,B,A,A,N
Pacific,Gulf of Panama,Isla Iguana,JC22-2-3,147,JC22-2-3-147,71,JC22-2-3-147-71,RA,N,412,B,B,B,A,A,N
Pacific,Gulf of Panama,Isla Iguana,JC22-2-3,147,JC22-2-3-147,72,JC22-2-3-147-72,DR,Y,.,C,D,B,A,A,Y
Pacific,Gulf of Panama,Isla Iguana,JC22-2-3,147,JC22-2-3-147,73,JC22-2-3-147-73,DR,N,341,C,B,B,A,A,N
Pacific,Gulf of Panama,Isla Iguana,JC22-2-3,147,JC22-2-3-147,74,JC22-2-3-147-74,RA,Y,310,B,B,B,A,A,N
Pacific,Gulf of Panama,Isla Iguana,JC22-2-3,147,JC22-2-3-147,75,JC22-2-3-147-75,GF,Y,323,B,B,B,A,A,N
Pacific,Gulf of Panama,Isla Iguana,JC22-2-3,147,JC22-2-3-147,76,JC22-2-3-147-76,DR,N,329,C,B,B,A,A,N
Pacific,Gulf of Panama,Isla Iguana,JC22-2-3,147,JC22-2-3-147,77,JC22-2-3-147-77,GF,Y,192,B,B,B,A,A,N
Pacific,Gulf of Panama,Isla Iguana,JC22-2-3,147,JC22-2-3-147,78,JC22-2-3-147-78,DR,Y,318,C,B,B,A,A,N
Pacific,Gulf of Panama,Isla Iguana,JC22-2-3,147,JC22-2-3-147,79,JC22-2-3-147-79,DR,Y,280,C,B,B,A,A,N
Pacific,Gulf of Panama,Isla Iguana,JC22-2-3,147,JC22-2-3-147,80,JC22-2-3-147-80,DR,Y,.,C,C,B,A,A,N
Pacific,Gulf of Panama,Isla Iguana,JC22-2-3,147,JC22-2-3-147,81,JC22-2-3-147-81,DR,Y,367,B,B,B,A,B,N
Pacific,Gulf of Panama,Isla Iguana,JC22-2-3,147,JC22-2-3-147,82,JC22-2-3-147-82,RA,Y,332,C,B,B,A,B,N
Pacific,Gulf of Panama,Isla Iguana,JC22-2-3,147,JC22-2-3-147,83,JC22-2-3-147-83,GF,N,226,C,B,B,A,A,N
Pacific,Gulf of Panama,Isla Iguana,JC22-2-3,147,JC22-2-3-147,84,JC22-2-3-147-84,RA,Y,533,C,B,B,A,A,N
Pacific,Gulf of Panama,Isla Iguana,JC22-2-3,147,JC22-2-3-147,85,JC22-2-3-147-85,DR,Y,304,C,D,B,A,A,Y
Pacific,Gulf of Panama,Isla Iguana,JC22-2-3,147,JC22-2-3-147,86,JC22-2-3-147-86,DR,Y,471,C,B,B,A,A,N
Pacific,Gulf of Panama,Isla Iguana,JC22-2-3,147,JC22-2-3-147,87,JC22-2-3-147-87,RA,Y,332,B,B,B,A,A,N
Pacific,Gulf of Panama,Isla Iguana,JC22-2-3,147,JC22-2-3-147,88,JC22-2-3-147-88,DR,Y,242,C,B,B,A,A,N
Pacific,Gulf of Panama,Isla Iguana,JC22-2-3,147,JC22-2-3-147,89,JC22-2-3-147-89,RA,Y,455,C,B,B,A,A,N
Pacific,Gulf of Panama,Isla Iguana,JC22-2-3,147,JC22-2-3-147,90,JC22-2-3-147-90,DR,Y,.,C,C,B,A,A,N
Pacific,Gulf of Panama,Isla Iguana,JC22-2-3,147,JC22-2-3-147,91,JC22-2-3-147-91,DR,Y,252,B,B,B,A,A,N
Pacific,Gulf of Panama,Isla Iguana,JC22-2-3,147,JC22-2-3-147,92,JC22-2-3-147-92,DR,Y,462,C,B,B,A,A,N
Pacific,Gulf of Panama,Isla Iguana,JC22-2-3,147,JC22-2-3-147,93,JC22-2-3-147-93,UNK,Y,.,C,D,B,A,A,Y
Pacific,Gulf of Panama,Isla Iguana,JC22-2-3,147,JC22-2-3-147,94,JC22-2-3-147-94,DR,Y,.,C,D,B,A,A,Y
Pacific,Gulf of Panama,Isla Iguana,JC22-2-3,147,JC22-2-3-147,95,JC22-2-3-147-95,DR,Y,.,C,C,B,A,A,N
Pacific,Gulf of Panama,Isla Iguana,JC22-2-3,147,JC22-2-3-147,96,JC22-2-3-147-96,DR,Y,.,C,C,B,A,A,N
Pacific,Gulf of Panama,Isla Iguana,JC22-2-3,147,JC22-2-3-147,97,JC22-2-3-147-97,RA,Y,285,C,B,B,A,A,N
Pacific,Gulf of Panama,Isla Iguana,JC22-2-3,147,JC22-2-3-147,98,JC22-2-3-147-98,DR,Y,.,C,C,B,A,A,N
Pacific,Gulf of Panama,Isla Iguana,JC22-2-3,147,JC22-2-3-147,99,JC22-2-3-147-99,DR,Y,.,C,D,B,A,A,Y
Pacific,Gulf of Panama,Isla Iguana,JC22-2-3,147,JC22-2-3-147,100,JC22-2-3-147-100,GF,N,.,C,C,B,A,A,N
Pacific,Gulf of Panama,Isla Iguana,JC22-2-3,147,JC22-2-3-147,101,JC22-2-3-147-101,RA,Y,373,B,B,B,A,A,N
Pacific,Gulf of Panama,Isla Iguana,JC22-2-3,147,JC22-2-3-147,102,JC22-2-3-147-102,DR,Y,251,A,B,B,A,A,N
Pacific,Gulf of Panama,Isla Iguana,JC22-2-3,147,JC22-2-3-147,103,JC22-2-3-147-103,DR,Y,.,C,B,B,A,A,N
Pacific,Gulf of Panama,Isla Iguana,JC22-2-3,147,JC22-2-3-147,104,JC22-2-3-147-104,RA,Y,.,A,C,.,A,A,N
Pacific,Gulf of Panama,Isla Iguana,JC22-2-3,147,JC22-2-3-147,105,JC22-2-3-147-105,DR,Y,.,B,B,B,A,A,N
Pacific,Gulf of Panama,Isla Iguana,JC22-2-3,147,JC22-2-3-147,106,JC22-2-3-147-106,DR,N,.,C,B,B,A,A,N
Pacific,Gulf of Panama,Isla Iguana,JC22-2-3,147,JC22-2-3-147,107,JC22-2-3-147-107,RA,Y,.,B,B,B,A,A,N
Pacific,Gulf of Panama,Isla Iguana,JC22-2-3,147,JC22-2-3-147,108,JC22-2-3-147-108,DR,Y,.,B,B,B,A,A,N
Pacific,Gulf of Panama,Isla Iguana,JC22-2-3,147,JC22-2-3-147,109,JC22-2-3-147-109,UNK,Y,.,C,C,B,A,A,N
Pacific,Gulf of Panama,Isla Iguana,JC22-2-3,147,JC22-2-3-147,110,JC22-2-3-147-110,A,Y,.,C,B,.,A,A,N
Pacific,Gulf of Panama,Isla Iguana,JC22-2-3,147,JC22-2-3-147,111,JC22-2-3-147-111,DR,Y,.,C,C,.,A,A,N
Pacific,Gulf of Panama,Isla Iguana,JC22-2-3,147,JC22-2-3-147,112,JC22-2-3-147-112,A,Y,.,C,D,.,A,A,Y
Pacific,Gulf of Panama,Isla Iguana,JC22-2-3,147,JC22-2-3-147,113,JC22-2-3-147-113,UNK,Y,.,C,D,.,B,A,Y
Pacific,Gulf of Panama,Isla Iguana,JC22-2-3,147,JC22-2-3-147,114,JC22-2-3-147-114,GF,Y,.,B,C,B,A,A,N
Pacific,Gulf of Panama,Isla Iguana,JC22-2-3,147,JC22-2-3-147,115,JC22-2-3-147-115,DR,Y,.,C,B,B,A,A,N
Pacific,Gulf of Panama,Isla Iguana,JC22-2-3,147,JC22-2-3-147,116,JC22-2-3-147-116,DR,N,.,C,B,B,A,A,N
Pacific,Gulf of Panama,Isla Iguana,JC22-2-3,147,JC22-2-3-147,117,JC22-2-3-147-117,GF,Y,.,C,B,B,B,A,N
Pacific,Gulf of Panama,Isla Iguana,JC22-2-3,147,JC22-2-3-147,118,JC22-2-3-147-118,UNK,Y,.,C,D,.,A,A,Y
Pacific,Gulf of Panama,Isla Iguana,JC22-2-3,147,JC22-2-3-147,119,JC22-2-3-147-119,DR,Y,.,C,C,B,A,A,N
Pacific,Gulf of Panama,Isla Iguana,JC22-2-3,147,JC22-2-3-147,120,JC22-2-3-147-120,DR,Y,.,C,B,B,A,A,N
Pacific,Gulf of Panama,Isla Iguana,JC22-2-3,147,JC22-2-3-147,121,JC22-2-3-147-121,DR,Y,.,C,B,B,A,A,N
Pacific,Gulf of Panama,Isla Iguana,JC22-2-3,147,JC22-2-3-147,122,JC22-2-3-147-122,UNK,Y,.,C,D,.,B,A,Y
Pacific,Gulf of Panama,Isla Iguana,JC22-2-3,147,JC22-2-3-147,123,JC22-2-3-147-123,A,Y,.,C,C,.,B,A,N
Pacific,Gulf of Panama,Isla Iguana,JC22-2-3,147,JC22-2-3-147,124,JC22-2-3-147-124,DR,.,.,C,B,B,A,A,N
Pacific,Gulf of Panama,Isla Iguana,JC22-2-3,147,JC22-2-3-147,125,JC22-2-3-147-125,UNK,Y,.,C,D,.,A,A,Y
Pacific,Gulf of Panama,Isla Iguana,JC22-2-3,147,JC22-2-3-147,126,JC22-2-3-147-126,DR,Y,.,C,D,B,A,A,Y
Caribbean,Bocas del Toro,Casa Blanca,AT14-1,.,AT14-1-1,1,AT14-1-1-1,UNK,.,.,C,D,A,A,A,Y
Caribbean,Bocas del Toro,Casa Blanca,AT14-1,.,AT14-1-1,2,AT14-1-1-2,A,N,759,C,A,A,A,A,N
Caribbean,Bocas del Toro,Casa Blanca,AT14-1,.,AT14-1-1,3,AT14-1-1-3,RA,N,843,B,A,A,A,A,N
Caribbean,Bocas del Toro,Casa Blanca,AT14-1,.,AT14-1-1,4,AT14-1-1-4,A,N,550,B,C,B,A,A,N
Caribbean,Bocas del Toro,Casa Blanca,AT14-1,.,AT14-1-1,5,AT14-1-1-5,RA,N,530,C,B,B,A,A,N
Caribbean,Bocas del Toro,Casa Blanca,AT14-1,.,AT14-1-1,6,AT14-1-1-6,A,N,573,A,A,A,A,A,N
Caribbean,Bocas del Toro,Casa Blanca,AT14-1,.,AT14-1-1,7,AT14-1-1-7,A,N,967,B,A,A,A,A,N
Caribbean,Bocas del Toro,Casa Blanca,AT14-1,.,AT14-1-1,8,AT14-1-1-8,RA,N,587,C,A,A,A,A,N
Caribbean,Bocas del Toro,Casa Blanca,AT14-1,.,AT14-1-1,9,AT14-1-1-9,RA,N,1073,C,A,A,A,A,N
Caribbean,Bocas del Toro,Casa Blanca,AT14-1,.,AT14-1-1,10,AT14-1-1-10,A,N,488,C,C,B,A,A,N
Caribbean,Bocas del Toro,Casa Blanca,AT14-1,.,AT14-1-2,1,AT14-1-2-1,DR,Y,475,C,B,B,A,A,N
Caribbean,Bocas del Toro,Casa Blanca,AT14-1,.,AT14-1-2,2,AT14-1-2-2,GF,N,244,C,A,A,A,A,N
Caribbean,Bocas del Toro,Casa Blanca,AT14-1,.,AT14-1-2,3,AT14-1-2-3,RA,N,268,C,C,A,A,A,N
Caribbean,Bocas del Toro,Casa Blanca,AT14-1,.,AT14-1-2,4,AT14-1-2-4,DR,N,317,C,A,A,A,A,N
Caribbean,Bocas del Toro,Casa Blanca,AT14-1,.,AT14-1-2,5,AT14-1-2-5,A,N,900,B,A,A,A,A,N
Caribbean,Bocas del Toro,Casa Blanca,AT14-1,.,AT14-1-2,6,AT14-1-2-6,RA,N,593,C,B,A,A,A,N
Caribbean,Bocas del Toro,Casa Blanca,AT14-1,.,AT14-1-2,7,AT14-1-2-7,DR,N,374,C,A,A,A,A,N
Caribbean,Bocas del Toro,Casa Blanca,AT14-1,.,AT14-1-2,8,AT14-1-2-8,A,N,808,C,A,A,A,A,N
Caribbean,Bocas del Toro,Casa Blanca,AT14-1,.,AT14-1-2,9,AT14-1-2-9,A,N,550,C,A,A,A,A,N
Caribbean,Bocas del Toro,Casa Blanca,AT14-1,.,AT14-1-2,10,AT14-1-2-10,GF,N,313,C,B,B,A,A,N
Caribbean,Bocas del Toro,Casa Blanca,AT14-1,.,AT14-1-2,11,AT14-1-2-11,DR,Y,563,C,C,B,A,A,N
Caribbean,Bocas del Toro,Casa Blanca,AT14-1,.,AT14-1-2,12,AT14-1-2-12,A,N,862,A,A,A,A,A,N
Caribbean,Bocas del Toro,Casa Blanca,AT14-1,.,AT14-1-2,13,AT14-1-2-13,RA,N,380,B,A,A,A,A,N
Caribbean,Bocas del Toro,Casa Blanca,AT14-1,.,AT14-1-2,14,AT14-1-2-14,RA,N,474,B,A,A,A,A,N
Caribbean,Bocas del Toro,Casa Blanca,AT14-1,.,AT14-1-2,15,AT14-1-2-15,GF,N,438,C,A,A,A,A,N
Caribbean,Bocas del Toro,Casa Blanca,AT14-1,.,AT14-1-2,16,AT14-1-2-16,GF,N,496,C,A,B,A,A,N
Caribbean,Bocas del Toro,Casa Blanca,AT14-1,.,AT14-1-2,17,AT14-1-2-17,A,N,335,C,C,A,A,A,N
Caribbean,Bocas del Toro,Casa Blanca,AT14-1,.,AT14-1-2,18,AT14-1-2-18,UNK,N,288,C,D,B,A,A,Y
Caribbean,Bocas del Toro,Casa Blanca,AT14-1,.,AT14-1-2,19,AT14-1-2-19,GF,N,254,C,A,A,A,A,N
Caribbean,Bocas del Toro,Casa Blanca,AT14-1,.,AT14-1-2,20,AT14-1-2-20,GF,N,212,C,B,A,A,A,N
Caribbean,Bocas del Toro,Casa Blanca,AT14-1,.,AT14-1-2,21,AT14-1-2-21,RA,N,1094,C,B,A,A,A,N
Caribbean,Bocas del Toro,Casa Blanca,AT14-1,.,AT14-1-2,22,AT14-1-2-22,A,N,813,B,A,A,A,A,N
Caribbean,Bocas del Toro,Casa Blanca,AT14-1,.,AT14-1-2,23,AT14-1-2-23,DR,N,338,C,B,B,A,A,N
Caribbean,Bocas del Toro,Casa Blanca,AT14-1,.,AT14-1-2,24,AT14-1-2-24,A,N,762,A,A,A,A,A,N
Caribbean,Bocas del Toro,Casa Blanca,AT14-1,.,AT14-1-2,25,AT14-1-2-25,A,N,898,B,A,A,A,A,N
Caribbean,Bocas del Toro,Casa Blanca,AT14-1,.,AT14-1-2,26,AT14-1-2-26,A,N,581,A,A,A,A,A,N
Caribbean,Bocas del Toro,Casa Blanca,AT14-1,.,AT14-1-2,27,AT14-1-2-27,DR,N,369,C,A,B,A,A,N
Caribbean,Bocas del Toro,Casa Blanca,AT14-1,.,AT14-1-2,28,AT14-1-2-28,RA,N,675,B,B,A,A,A,N
Caribbean,Bocas del Toro,Casa Blanca,AT14-1,.,AT14-1-2,29,AT14-1-2-29,A,Y,526,C,A,B,A,A,N
Caribbean,Bocas del Toro,Casa Blanca,AT14-1,.,AT14-1-2,30,AT14-1-2-30,A,N,570,B,A,A,B,A,N
Caribbean,Bocas del Toro,Casa Blanca,AT14-1,.,AT14-1-2,31,AT14-1-2-31,DR,N,362,C,A,B,A,A,N
Caribbean,Bocas del Toro,Casa Blanca,AT14-1,.,AT14-1-2,32,AT14-1-2-32,A,N,281,C,B,A,A,A,N
Caribbean,Bocas del Toro,Casa Blanca,AT14-1,.,AT14-1-2,33,AT14-1-2-33,GF,N,454,C,A,B,A,A,N
Caribbean,Bocas del Toro,Casa Blanca,AT14-1,.,AT14-1-2,34,AT14-1-2-34,GF,Y,311,C,A,A,A,A,N
Caribbean,Bocas del Toro,Casa Blanca,AT14-1,.,AT14-1-2,35,AT14-1-2-35,A,N,681,C,A,A,A,A,N
Caribbean,Bocas del Toro,Casa Blanca,AT14-1,.,AT14-1-2,36,AT14-1-2-36,DR,N,399,C,A,B,A,A,N
Caribbean,Bocas del Toro,Casa Blanca,AT14-1,.,AT14-1-2,37,AT14-1-2-37,RA,N,663,C,A,A,A,A,N
Caribbean,Bocas del Toro,Casa Blanca,AT14-1,.,AT14-1-2,38,AT14-1-2-38,DR,N,500,C,A,B,A,A,N
Caribbean,Bocas del Toro,Casa Blanca,AT14-1,.,AT14-1-2,39,AT14-1-2-39,UNK,N,.,A,C,B,C,A,N
Caribbean,Bocas del Toro,Casa Blanca,AT14-1,.,AT14-1-2,40,AT14-1-2-40,A,N,625,C,A,A,A,A,N
Caribbean,Bocas del Toro,Casa Blanca,AT14-1,.,AT14-1-2,41,AT14-1-2-41,RAY,.,.,.,.,.,.,.,N
Caribbean,Bocas del Toro,Casa Blanca,AT14-1,.,AT14-1-3,1,AT14-1-3-1,RA,N,350,C,A,A,A,A,N
Caribbean,Bocas del Toro,Casa Blanca,AT14-1,.,AT14-1-3,2,AT14-1-3-2,RA,N,618,C,B,A,A,A,N
Caribbean,Bocas del Toro,Casa Blanca,AT14-1,.,AT14-1-3,3,AT14-1-3-3,DEFENSE,N,413,C,A,A,A,A,N
Caribbean,Bocas del Toro,Casa Blanca,AT14-1,.,AT14-1-3,4,AT14-1-3-4,GF,N,299,C,A,A,A,A,N
Caribbean,Bocas del Toro,Casa Blanca,AT14-1,.,AT14-1-3,5,AT14-1-3-5,RA,N,850,A,A,B,A,A,N
Caribbean,Bocas del Toro,Casa Blanca,AT14-1,.,AT14-1-3,6,AT14-1-3-6,A,N,967,A,A,A,A,A,N
Caribbean,Bocas del Toro,Casa Blanca,AT14-1,.,AT14-1-3,7,AT14-1-3-7,A,N,1134,C,A,A,A,A,N
Caribbean,Bocas del Toro,Casa Blanca,AT14-1,.,AT14-1-3,8,AT14-1-3-8,DEFENSE,N,314,C,A,A,A,A,N
Caribbean,Bocas del Toro,Casa Blanca,AT14-1,.,AT14-1-3,9,AT14-1-3-9,DR,Y,342,B,A,B,A,A,N
Caribbean,Bocas del Toro,Casa Blanca,AT14-1,.,AT14-1-3,10,AT14-1-3-10,A,N,548,B,A,A,A,A,N
Caribbean,Bocas del Toro,Casa Blanca,AT14-1,.,AT14-1-3,11,AT14-1-3-11,A,N,326,A,A,A,A,A,N
Caribbean,Bocas del Toro,Casa Blanca,AT14-1,.,AT14-1-3,12,AT14-1-3-12,A,N,493,B,A,A,A,A,N
Caribbean,Bocas del Toro,Casa Blanca,AT14-1,.,AT14-1-3,13,AT14-1-3-13,DR,N,374,C,A,B,A,A,N
Caribbean,Bocas del Toro,Casa Blanca,AT14-1,.,AT14-1-3,14,AT14-1-3-14,A,N,438,A,A,A,A,A,N
Caribbean,Bocas del Toro,Casa Blanca,AT14-1,.,AT14-1-3,15,AT14-1-3-15,DR,N,419,C,B,B,A,A,N
Caribbean,Bocas del Toro,Casa Blanca,AT14-1,.,AT14-1-3,16,AT14-1-3-16,GF,N,370,C,A,A,A,A,N
Caribbean,Bocas del Toro,Casa Blanca,AT14-1,.,AT14-1-3,17,AT14-1-3-17,DR,N,335,C,A,B,A,A,N
Caribbean,Bocas del Toro,Casa Blanca,AT14-1,.,AT14-1-3,18,AT14-1-3-18,DR,N,325,C,A,B,A,A,N
Caribbean,Bocas del Toro,Casa Blanca,AT14-1,.,AT14-1-3,19,AT14-1-3-19,A,N,.,C,D,B,A,A,Y
Caribbean,Bocas del Toro,Casa Blanca,AT14-1,.,AT14-1-5,1,AT14-1-5-1,A,N,488,C,B,A,A,A,N
Caribbean,Bocas del Toro,Casa Blanca,AT14-1,.,AT14-1-5,2,AT14-1-5-2,DR,N,456,C,B,B,A,A,N
Caribbean,Bocas del Toro,Casa Blanca,AT14-1,.,AT14-1-5,3,AT14-1-5-3,A,N,412,C,A,A,A,A,N
Caribbean,Bocas del Toro,Casa Blanca,AT14-1,.,AT14-1-5,4,AT14-1-5-4,RA,N,762,C,B,B,B,A,N
Caribbean,Bocas del Toro,Casa Blanca,AT14-1,.,AT14-1-5,5,AT14-1-5-5,RA,N,393,C,A,A,A,A,N
Caribbean,Bocas del Toro,Casa Blanca,AT14-1,.,AT14-1-5,6,AT14-1-5-6,A,N,365,C,A,A,A,A,N
Caribbean,Bocas del Toro,Casa Blanca,AT14-1,.,AT14-1-5,7,AT14-1-5-7,DR,N,.,C,B,B,A,A,N
Caribbean,Bocas del Toro,Casa Blanca,AT14-1,.,AT14-1-5,8,AT14-1-5-8,DR,N,.,C,C,B,A,A,N
Caribbean,Bocas del Toro,Casa Blanca,AT14-1,.,AT14-1-7,1,AT14-1-7-1,GF,Y,431,C,A,B,A,A,N
Caribbean,Bocas del Toro,Casa Blanca,AT14-1,.,AT14-1-7,2,AT14-1-7-2,A,N,433,C,A,A,A,A,N
Caribbean,Bocas del Toro,Casa Blanca,AT14-1,.,AT14-1-7,3,AT14-1-7-3,DR,N,267,C,A,B,A,A,N
Caribbean,Bocas del Toro,Casa Blanca,AT14-1,.,AT14-1-7,4,AT14-1-7-4,UNK,.,.,C,D,B,A,A,Y
Caribbean,Bocas del Toro,Casa Blanca,AT14-1,.,AT14-1-7,5,AT14-1-7-5,UNK,.,.,C,D,B,C,A,Y
Caribbean,Bocas del Toro,Casa Blanca,AT14-1,.,AT14-1-7,6,AT14-1-7-6,UNK,.,.,C,D,B,A,A,Y
Caribbean,Bocas del Toro,Casa Blanca,AT14-1,.,AT14-1-7,7,AT14-1-7-7,A,N,.,C,C,A,A,A,N
Caribbean,Bocas del Toro,Casa Blanca,AT14-1,.,AT14-1-7,8,AT14-1-7-8,DR,N,375,C,B,B,A,A,N
Caribbean,Bocas del Toro,Casa Blanca,AT14-1,.,AT14-1-7,9,AT14-1-7-9,DR,N,305,C,A,A,A,A,N
Caribbean,Bocas del Toro,Casa Blanca,AT14-1,.,AT14-1-7,10,AT14-1-7-10,DR,N,391,C,B,B,A,A,N
Caribbean,Bocas del Toro,Casa Blanca,AT14-1,.,AT14-1-7,11,AT14-1-7-11,DR,Y,337,C,A,B,A,A,N
Caribbean,Bocas del Toro,Casa Blanca,AT14-1,.,AT14-1-7,12,AT14-1-7-12,DR,N,369,C,A,B,A,A,N
Caribbean,Bocas del Toro,Casa Blanca,AT14-1,.,AT14-1-7,13,AT14-1-7-13,DR,Y,394,C,A,B,A,A,N
Caribbean,Bocas del Toro,Casa Blanca,AT14-1,.,AT14-1-7,14,AT14-1-7-14,GF,N,422,A,B,A,A,A,N
Caribbean,Bocas del Toro,Casa Blanca,AT14-1,.,AT14-1-7,15,AT14-1-7-15,DR,N,444,C,B,B,A,A,N
Caribbean,Bocas del Toro,Casa Blanca,AT14-1,.,AT14-1-7,16,AT14-1-7-16,RA,Y,306,C,B,B,A,A,N
Caribbean,Bocas del Toro,Casa Blanca,AT14-1,.,AT14-1-7,17,AT14-1-7-17,A,N,422,C,A,A,A,A,N
Caribbean,Bocas del Toro,Casa Blanca,AT14-1,.,AT14-1-7,18,AT14-1-7-18,RA,N,512,B,A,A,A,A,N
Caribbean,Bocas del Toro,Casa Blanca,AT14-1,.,AT14-1-7,19,AT14-1-7-19,RA,N,381,C,A,B,A,A,N
Caribbean,Bocas del Toro,Casa Blanca,AT14-1,.,AT14-1-7,20,AT14-1-7-20,RA,N,394,B,A,A,A,A,N
Caribbean,Bocas del Toro,Casa Blanca,AT14-1,.,AT14-1-7,21,AT14-1-7-21,UNK,.,.,.,.,.,.,.,Y
Caribbean,Bocas del Toro,Casa Blanca,AT14-1,.,AT14-1-7,22,AT14-1-7-22,A,N,566,C,A,A,A,A,N
Caribbean,Bocas del Toro,Casa Blanca,AT14-1,.,AT14-1-7,23,AT14-1-7-23,A,N,750,C,A,A,A,A,N
Caribbean,Bocas del Toro,Casa Blanca,AT14-1,.,AT14-1-7,24,AT14-1-7-24,A,N,756,C,A,A,A,C,N
Caribbean,Bocas del Toro,Casa Blanca,AT14-1,.,AT14-1-7,25,AT14-1-7-25,A,N,397,A,A,A,A,A,N
Caribbean,Bocas del Toro,Casa Blanca,AT14-1,.,AT14-1-7,26,AT14-1-7-26,A,N,.,C,C,A,A,A,N
Caribbean,Bocas del Toro,Casa Blanca,AT14-1,.,AT14-1-7,27,AT14-1-7-27,RA,N,687,C,B,A,A,A,N
Caribbean,Bocas del Toro,Casa Blanca,AT14-1,.,AT14-1-7,28,AT14-1-7-28,RA,N,500,B,A,A,A,A,N
Caribbean,Bocas del Toro,Casa Blanca,AT14-1,.,AT14-1-7,29,AT14-1-7-29,RA,N,591,B,A,A,A,A,N
Caribbean,Bocas del Toro,Casa Blanca,AT14-1,.,AT14-1-7,30,AT14-1-7-30,A,N,506,A,A,A,A,A,N
Caribbean,Bocas del Toro,Casa Blanca,AT14-1,.,AT14-1-7,31,AT14-1-7-31,A,N,.,C,C,A,A,A,N
Caribbean,Bocas del Toro,Casa Blanca,AT14-1,.,AT14-1-7,32,AT14-1-7-32,RA,N,1115,C,A,A,A,A,N
Caribbean,Bocas del Toro,Casa Blanca,AT14-1,.,AT14-1-7,33,AT14-1-7-33,A,N,1090,A,A,A,A,A,N
Caribbean,Bocas del Toro,Casa Blanca,AT14-1,.,AT14-1-7,34,AT14-1-7-34,A,N,698,C,A,A,A,A,N
Caribbean,Bocas del Toro,Casa Blanca,AT14-1,.,AT14-1-7,35,AT14-1-7-35,A,N,819,A,A,A,A,A,N
Caribbean,Bocas del Toro,Casa Blanca,AT14-1,.,AT14-1-7,36,AT14-1-7-36,RA,N,686,A,A,A,A,A,N
Caribbean,Bocas del Toro,Casa Blanca,AT14-1,.,AT14-1-7,37,AT14-1-7-37,RAY,.,.,.,.,.,.,.,N
Caribbean,Bocas del Toro,Casa Blanca,AT14-1,.,AT14-1-7,38,AT14-1-7-38,RAY,.,.,.,.,.,.,.,N
Caribbean,Bocas del Toro,Casa Blanca,AT14-1,.,AT14-1-7,39,AT14-1-7-39,DR,N,.,C,C,B,A,A,N
Caribbean,Bocas del Toro,Casa Blanca,AT14-1,.,AT14-1-7,40,AT14-1-7-40,DR,N,300,C,B,B,A,A,Y
Caribbean,Bocas del Toro,Casa Blanca,AT14-1,.,AT14-1-7,41,AT14-1-7-41,DR,Y,286,C,A,A,A,A,N
Caribbean,Bocas del Toro,Casa Blanca,AT14-1,.,AT14-1-7,42,AT14-1-7-42,DR,N,.,C,B,B,A,A,N
Caribbean,Bocas del Toro,Casa Blanca,AT14-1,.,AT14-1-8,1,AT14-1-8-1,GF,N,244,C,B,A,A,A,N
Caribbean,Bocas del Toro,Casa Blanca,AT14-1,.,AT14-1-8,2,AT14-1-8-2,DR,N,250,B,A,B,A,A,N
Caribbean,Bocas del Toro,Casa Blanca,AT14-1,.,AT14-1-8,3,AT14-1-8-3,RA,N,437,C,A,A,A,A,N
Caribbean,Bocas del Toro,Casa Blanca,AT14-1,.,AT14-1-8,4,AT14-1-8-4,RA,Y,205,A,B,B,A,A,N
Caribbean,Bocas del Toro,Casa Blanca,AT14-1,.,AT14-1-8,5,AT14-1-8-5,DR,Y,331,C,C,B,A,A,N
Caribbean,Bocas del Toro,Casa Blanca,AT14-1,.,AT14-1-8,6,AT14-1-8-6,DR,N,275,C,B,B,A,A,N
Caribbean,Bocas del Toro,Casa Blanca,AT14-1,.,AT14-1-8,7,AT14-1-8-7,A,Y,261,C,B,A,A,A,N
Caribbean,Bocas del Toro,Casa Blanca,AT14-1,.,AT14-1-8,8,AT14-1-8-8,DR,N,243,C,C,B,A,A,N
Caribbean,Bocas del Toro,Casa Blanca,AT14-1,.,AT14-1-8,9,AT14-1-8-9,GF,N,356,C,B,A,A,A,N
Caribbean,Bocas del Toro,Casa Blanca,AT14-1,.,AT14-1-8,10,AT14-1-8-10,DR,N,342,C,A,B,A,A,N
Caribbean,Bocas del Toro,Casa Blanca,AT14-1,.,AT14-1-8,11,AT14-1-8-11,RA,N,452,C,B,A,A,A,N
Caribbean,Bocas del Toro,Casa Blanca,AT14-1,.,AT14-1-8,12,AT14-1-8-12,RA,Y,428,C,A,B,A,A,N
Caribbean,Bocas del Toro,Casa Blanca,AT14-1,.,AT14-1-8,13,AT14-1-8-13,A,N,894,C,A,A,A,A,N
Caribbean,Bocas del Toro,Casa Blanca,AT14-1,.,AT14-1-8,14,AT14-1-8-14,A,N,703,B,A,A,A,A,N
Caribbean,Bocas del Toro,Casa Blanca,AT14-1,.,AT14-1-8,15,AT14-1-8-15,RA,N,438,C,B,B,A,A,N
Caribbean,Bocas del Toro,Casa Blanca,AT14-1,.,AT14-1-8,16,AT14-1-8-16,A,N,1051,B,A,A,A,A,N
Caribbean,Bocas del Toro,Casa Blanca,AT14-1,.,AT14-1-8,17,AT14-1-8-17,RA,N,562,C,A,A,A,A,N
Caribbean,Bocas del Toro,Casa Blanca,AT14-1,.,AT14-1-8,18,AT14-1-8-18,A,N,650,C,A,A,A,A,N
Caribbean,Bocas del Toro,Casa Blanca,AT14-1,.,AT14-1-8,19,AT14-1-8-19,DR,Y,496,C,C,A,A,A,N
Caribbean,Bocas del Toro,Casa Blanca,AT14-1,.,AT14-1-8,20,AT14-1-8-20,RA,N,549,C,B,A,A,A,N
Caribbean,Bocas del Toro,Sweet Bocas5,AT14-5,.,AT14-5-1,1,AT14-5-1-1,RA,N,674,C,A,B,A,A,N
Caribbean,Bocas del Toro,Sweet Bocas5,AT14-5,.,AT14-5-1,2,AT14-5-1-2,A,N,781,C,A,A,A,A,N
Caribbean,Bocas del Toro,Sweet Bocas5,AT14-5,.,AT14-5-1,3,AT14-5-1-3,GF,N,482,C,A,A,A,A,N
Caribbean,Bocas del Toro,Sweet Bocas5,AT14-5,.,AT14-5-1,4,AT14-5-1-4,A,N,741,C,A,A,A,A,N
Caribbean,Bocas del Toro,Sweet Bocas5,AT14-5,.,AT14-5-1,5,AT14-5-1-5,RA,N,581,A,B,A,A,A,N
Caribbean,Bocas del Toro,Sweet Bocas5,AT14-5,.,AT14-5-1,6,AT14-5-1-6,A,N,725,C,A,A,A,C,N
Caribbean,Bocas del Toro,Sweet Bocas5,AT14-5,.,AT14-5-1,7,AT14-5-1-7,A,N,525,C,B,A,A,A,N
Caribbean,Bocas del Toro,Sweet Bocas5,AT14-5,.,AT14-5-1,8,AT14-5-1-8,GF,N,483,A,A,A,B,A,N
Caribbean,Bocas del Toro,Sweet Bocas5,AT14-5,.,AT14-5-1,9,AT14-5-1-9,DR,N,325,C,A,B,A,A,N
Caribbean,Bocas del Toro,Sweet Bocas5,AT14-5,.,AT14-5-2,1,AT14-5-2-1,DR,N,413,C,B,B,A,A,N
Caribbean,Bocas del Toro,Sweet Bocas5,AT14-5,.,AT14-5-2,2,AT14-5-2-2,DR,N,375,B,C,B,A,A,N
Caribbean,Bocas del Toro,Sweet Bocas5,AT14-5,.,AT14-5-2,3,AT14-5-2-3,GF,N,348,C,B,A,A,A,N
Caribbean,Bocas del Toro,Sweet Bocas5,AT14-5,.,AT14-5-2,4,AT14-5-2-4,DR,N,350,C,A,B,A,A,N
Caribbean,Bocas del Toro,Sweet Bocas5,AT14-5,.,AT14-5-2,5,AT14-5-2-5,A,N,543,C,A,B,A,A,N
Caribbean,Bocas del Toro,Sweet Bocas5,AT14-5,.,AT14-5-2,6,AT14-5-2-6,A,N,1017,C,A,A,A,A,N
Caribbean,Bocas del Toro,Sweet Bocas5,AT14-5,.,AT14-5-2,7,AT14-5-2-7,A,N,375,C,A,A,A,A,N
Caribbean,Bocas del Toro,Sweet Bocas5,AT14-5,.,AT14-5-2,8,AT14-5-2-8,DR,Y,348,C,B,B,A,A,N
Caribbean,Bocas del Toro,Sweet Bocas5,AT14-5,.,AT14-5-2,9,AT14-5-2-9,DR,N,275,C,B,A,A,A,N
Caribbean,Bocas del Toro,Sweet Bocas5,AT14-5,.,AT14-5-2,10,AT14-5-2-10,DR,N,337,C,A,B,A,A,N
Caribbean,Bocas del Toro,Sweet Bocas5,AT14-5,.,AT14-5-2,11,AT14-5-2-11,DR,N,350,C,A,B,A,A,N
Caribbean,Bocas del Toro,Sweet Bocas5,AT14-5,.,AT14-5-3,1,AT14-5-3-1,DR,N,350,C,A,B,A,A,N
Caribbean,Bocas del Toro,Sweet Bocas5,AT14-5,.,AT14-5-3,2,AT14-5-3-2,A,N,563,C,A,B,B,A,N
Caribbean,Bocas del Toro,Sweet Bocas5,AT14-5,.,AT14-5-3,3,AT14-5-3-3,A,N,618,C,A,A,A,A,N
Caribbean,Bocas del Toro,Sweet Bocas5,AT14-5,.,AT14-5-3,4,AT14-5-3-4,A,N,805,A,A,A,A,A,N
Caribbean,Bocas del Toro,Sweet Bocas5,AT14-5,.,AT14-5-3,5,AT14-5-3-5,DR,Y,528,A,A,A,A,A,N
Caribbean,Bocas del Toro,Sweet Bocas5,AT14-5,.,AT14-5-3,6,AT14-5-3-6,RA,N,656,C,B,B,A,A,N
Caribbean,Bocas del Toro,Sweet Bocas5,AT14-5,.,AT14-5-3,7,AT14-5-3-7,DR,N,474,C,B,A,A,A,N
Caribbean,Bocas del Toro,Sweet Bocas5,AT14-5,.,AT14-5-3,8,AT14-5-3-8,GF,N,294,C,A,B,A,A,N
Caribbean,Bocas del Toro,Sweet Bocas5,AT14-5,.,AT14-5-3,9,AT14-5-3-9,A,N,349,B,B,A,A,A,N
Caribbean,Bocas del Toro,Sweet Bocas5,AT14-5,.,AT14-5-3,10,AT14-5-3-10,DR,N,256,C,A,B,A,A,N
Caribbean,Bocas del Toro,Sweet Bocas5,AT14-5,.,AT14-5-3,11,AT14-5-3-11,DR,N,274,C,A,B,A,A,N
Caribbean,Bocas del Toro,Sweet Bocas5,AT14-5,.,AT14-5-3,12,AT14-5-3-12,DR,Y,278,A,A,A,A,A,N
Caribbean,Bocas del Toro,Sweet Bocas5,AT14-5,.,AT14-5-3,13,AT14-5-3-13,DR,N,287,A,A,A,A,A,N
Caribbean,Bocas del Toro,Sweet Bocas5,AT14-5,.,AT14-5-3,14,AT14-5-3-14,DR,N,331,C,A,B,A,A,N
Caribbean,Bocas del Toro,Sweet Bocas5,AT14-5,.,AT14-5-3,15,AT14-5-3-15,DR,N,318,A,A,A,A,A,N
Caribbean,Bocas del Toro,Sweet Bocas5,AT14-5,.,AT14-5-3,16,AT14-5-3-16,A,N,738,C,C,B,A,A,N
Caribbean,Bocas del Toro,Sweet Bocas5,AT14-5,.,AT14-5-3,17,AT14-5-3-17,A,N,941,A,A,A,A,A,N
Caribbean,Bocas del Toro,Sweet Bocas5,AT14-5,.,AT14-5-3,18,AT14-5-3-18,RA,N,663,C,B,A,A,A,N
Caribbean,Bocas del Toro,Sweet Bocas5,AT14-5,.,AT14-5-3,19,AT14-5-3-19,GF,N,290,A,A,A,A,A,N
Caribbean,Bocas del Toro,Sweet Bocas5,AT14-5,.,AT14-5-3,20,AT14-5-3-20,DR,Y,225,C,A,B,A,A,N
Caribbean,Bocas del Toro,Sweet Bocas5,AT14-5,.,AT14-5-3,21,AT14-5-3-21,GF,Y,260,A,A,B,A,A,N
Caribbean,Bocas del Toro,Sweet Bocas5,AT14-5,.,AT14-5-3,22,AT14-5-3-22,GF,N,293,C,B,B,A,A,Y
Caribbean,Bocas del Toro,Sweet Bocas5,AT14-5,.,AT14-5-3,23,AT14-5-3-23,GF,Y,301,C,B,A,A,A,N
Caribbean,Bocas del Toro,Sweet Bocas5,AT14-5,.,AT14-5-3,24,AT14-5-3-24,DR,N,275,C,B,B,A,A,N
Caribbean,Bocas del Toro,Sweet Bocas6,AT14-6,.,AT14-6-1,1,AT14-6-1-1,DR,N,416,C,B,B,B,A,N
Caribbean,Bocas del Toro,Sweet Bocas6,AT14-6,.,AT14-6-1,2,AT14-6-1-2,DR,N,287,C,A,B,A,A,N
Caribbean,Bocas del Toro,Sweet Bocas6,AT14-6,.,AT14-6-1,3,AT14-6-1-3,RA,N,423,C,A,A,A,A,N
Caribbean,Bocas del Toro,Sweet Bocas6,AT14-6,.,AT14-6-1,4,AT14-6-1-4,DR,Y,286,C,A,B,A,A,N
Caribbean,Bocas del Toro,Sweet Bocas6,AT14-6,.,AT14-6-2,1,AT14-6-2-1,RA,N,655,B,A,A,A,A,N
Caribbean,Bocas del Toro,Sweet Bocas6,AT14-6,.,AT14-6-2,2,AT14-6-2-2,A,N,423,C,B,A,A,A,N
Caribbean,Bocas del Toro,Sweet Bocas6,AT14-6,.,AT14-6-2,3,AT14-6-2-3,DR,N,293,C,A,A,A,A,Y
Caribbean,Bocas del Toro,Sweet Bocas6,AT14-6,.,AT14-6-2,4,AT14-6-2-4,DR,N,262,A,A,B,A,A,N
Caribbean,Bocas del Toro,Sweet Bocas6,AT14-6,.,AT14-6-2,5,AT14-6-2-5,RAY,.,.,.,.,.,.,.,N
Caribbean,Bocas del Toro,Sweet Bocas6,AT14-6,.,AT14-6-3,1,AT14-6-3-1,GF,N,337,B,B,A,A,A,N
Caribbean,Bocas del Toro,Sweet Bocas6,AT14-6,.,AT14-6-3,2,AT14-6-3-2,RA,N,256,B,A,A,A,A,N
Caribbean,Bocas del Toro,Sweet Bocas6,AT14-6,.,AT14-6-3,3,AT14-6-3-3,A,N,350,B,A,A,A,A,N
Caribbean,Bocas del Toro,Sweet Bocas7,AT14-7,.,AT14-7-1,1,AT14-7-1-1,RA,N,394,B,A,B,A,B,N
Caribbean,Bocas del Toro,Sweet Bocas7,AT14-7,.,AT14-7-1,2,AT14-7-1-2,DEFENSE,N,381,C,B,B,A,A,N
Caribbean,Bocas del Toro,Sweet Bocas7,AT14-7,.,AT14-7-1,3,AT14-7-1-3,A,N,422,C,A,A,A,B,N
Caribbean,Bocas del Toro,Sweet Bocas7,AT14-7,.,AT14-7-1,4,AT14-7-1-4,A,N,.,C,C,B,A,A,N
Caribbean,Bocas del Toro,Sweet Bocas7,AT14-7,.,AT14-7-1,5,AT14-7-1-5,A,Y,388,C,B,B,A,A,N
Caribbean,Bocas del Toro,Sweet Bocas7,AT14-7,.,AT14-7-1,6,AT14-7-1-6,RA,N,487,C,B,A,A,A,N
Caribbean,Bocas del Toro,Sweet Bocas7,AT14-7,.,AT14-7-1,7,AT14-7-1-7,A,N,481,C,A,A,A,A,N
Caribbean,Bocas del Toro,Sweet Bocas7,AT14-7,.,AT14-7-1,8,AT14-7-1-8,A,N,598,C,B,A,A,A,N
Caribbean,Bocas del Toro,Sweet Bocas7,AT14-7,.,AT14-7-1,9,AT14-7-1-9,RA,N,800,B,A,A,A,C,N
Caribbean,Bocas del Toro,Sweet Bocas7,AT14-7,.,AT14-7-1,10,AT14-7-1-10,RA,N,792,C,B,B,A,A,N
Caribbean,Bocas del Toro,Sweet Bocas7,AT14-7,.,AT14-7-1,11,AT14-7-1-11,A,N,625,C,C,A,A,A,N
Caribbean,Bocas del Toro,Sweet Bocas7,AT14-7,.,AT14-7-1,12,AT14-7-1-12,RA,N,530,C,A,A,A,A,N
Caribbean,Bocas del Toro,Sweet Bocas7,AT14-7,.,AT14-7-1,13,AT14-7-1-13,RA,N,788,C,C,B,A,A,N
Caribbean,Bocas del Toro,Sweet Bocas7,AT14-7,.,AT14-7-1,14,AT14-7-1-14,RA,N,744,C,B,A,A,A,N
Caribbean,Bocas del Toro,Sweet Bocas7,AT14-7,.,AT14-7-1,15,AT14-7-1-15,A,N,775,C,C,A,C,A,N
Caribbean,Bocas del Toro,Sweet Bocas7,AT14-7,.,AT14-7-1,16,AT14-7-1-16,RA,N,894,C,B,A,A,A,N
Caribbean,Bocas del Toro,Sweet Bocas7,AT14-7,.,AT14-7-2,1,AT14-7-2-1,RA,N,544,C,A,B,A,A,N
Caribbean,Bocas del Toro,Sweet Bocas7,AT14-7,.,AT14-7-2,2,AT14-7-2-2,DR,N,444,C,B,B,A,A,N
Caribbean,Bocas del Toro,Sweet Bocas7,AT14-7,.,AT14-7-2,3,AT14-7-2-3,RA,N,624,C,B,A,A,A,N
Caribbean,Bocas del Toro,Sweet Bocas7,AT14-7,.,AT14-7-2,4,AT14-7-2-4,DR,N,306,A,A,B,A,A,N
Caribbean,Bocas del Toro,Sweet Bocas7,AT14-7,.,AT14-7-2,5,AT14-7-2-5,DR,N,286,A,A,B,A,C,N
Caribbean,Bocas del Toro,Sweet Bocas7,AT14-7,.,AT14-7-2,6,AT14-7-2-6,DR,N,437,A,A,B,A,C,N
Caribbean,Bocas del Toro,Sweet Bocas7,AT14-7,.,AT14-7-3,1,AT14-7-3-1,RA,N,350,C,A,A,A,A,N
Caribbean,Bocas del Toro,Sweet Bocas7,AT14-7,.,AT14-7-3,2,AT14-7-3-2,A,N,292,C,A,A,A,A,N
Caribbean,Bocas del Toro,Sweet Bocas7,AT14-7,.,AT14-7-3,3,AT14-7-3-3,DR,N,249,A,A,A,A,A,N
Caribbean,Bocas del Toro,Sweet Bocas7,AT14-7,.,AT14-7-3,4,AT14-7-3-4,RA,N,548,C,B,B,C,A,N
Caribbean,Bocas del Toro,Sweet Bocas7,AT14-7,.,AT14-7-3,5,AT14-7-3-5,GF,N,314,C,A,A,A,A,N
Caribbean,Bocas del Toro,Sweet Bocas7,AT14-7,.,AT14-7-3,6,AT14-7-3-6,RA,N,481,C,B,A,A,A,N
Caribbean,Bocas del Toro,Sweet Bocas7,AT14-7,.,AT14-7-3,7,AT14-7-3-7,DR,N,390,A,A,B,A,C,N
Caribbean,Bocas del Toro,Sweet Bocas7,AT14-7,.,AT14-7-3,8,AT14-7-3-8,RA,N,641,C,A,A,A,A,N
Caribbean,Bocas del Toro,Sweet Bocas7,AT14-7,.,AT14-7-3,9,AT14-7-3-9,A,N,494,C,A,B,A,A,N
Caribbean,Bocas del Toro,Sweet Bocas7,AT14-7,.,AT14-7-3,10,AT14-7-3-10,RA,N,625,C,B,A,A,A,N
Caribbean,Bocas del Toro,Sweet Bocas7,AT14-7,.,AT14-7-3,11,AT14-7-3-11,A,N,939,B,A,A,A,A,N
Caribbean,Bocas del Toro,Sweet Bocas7,AT14-7,.,AT14-7-3,12,AT14-7-3-12,RA,N,818,C,A,A,A,A,N
Caribbean,Bocas del Toro,Sweet Bocas9,AT14-9,.,AT14-9-1,1,AT14-9-1-1,DR,N,319,B,A,B,A,A,N
Caribbean,Bocas del Toro,Sweet Bocas9,AT14-9,.,AT14-9-1,2,AT14-9-1-2,RA,N,563,C,A,A,A,A,N
Caribbean,Bocas del Toro,Sweet Bocas9,AT14-9,.,AT14-9-1,3,AT14-9-1-3,GF,N,363,C,B,B,A,A,N
Caribbean,Bocas del Toro,Sweet Bocas9,AT14-9,.,AT14-9-1,4,AT14-9-1-4,RA,N,550,C,A,A,A,A,N
Caribbean,Bocas del Toro,Sweet Bocas9,AT14-9,.,AT14-9-1,5,AT14-9-1-5,DR,Y,369,C,B,B,A,A,N
Caribbean,Bocas del Toro,Sweet Bocas9,AT14-9,.,AT14-9-1,6,AT14-9-1-6,A,N,425,A,A,A,A,A,N
Caribbean,Bocas del Toro,Sweet Bocas9,AT14-9,.,AT14-9-1,7,AT14-9-1-7,DR,N,377,B,A,A,A,A,N
Caribbean,Bocas del Toro,Sweet Bocas9,AT14-9,.,AT14-9-1,8,AT14-9-1-8,A,N,418,C,B,A,C,A,N
Caribbean,Bocas del Toro,Sweet Bocas9,AT14-9,.,AT14-9-1,9,AT14-9-1-9,DR,N,331,C,C,B,A,A,N
Caribbean,Bocas del Toro,Sweet Bocas9,AT14-9,.,AT14-9-1,10,AT14-9-1-10,A,N,364,B,C,B,A,A,N
Caribbean,Bocas del Toro,Sweet Bocas9,AT14-9,.,AT14-9-1,11,AT14-9-1-11,A,N,367,C,C,A,A,A,N
Caribbean,Bocas del Toro,Sweet Bocas9,AT14-9,.,AT14-9-1,12,AT14-9-1-12,DR,N,359,C,A,B,A,A,N
Caribbean,Bocas del Toro,Sweet Bocas9,AT14-9,.,AT14-9-1,13,AT14-9-1-13,RA,N,650,B,A,A,A,A,N
Caribbean,Bocas del Toro,Sweet Bocas9,AT14-9,.,AT14-9-1,14,AT14-9-1-14,A,N,405,C,A,B,A,A,N
Caribbean,Bocas del Toro,Sweet Bocas9,AT14-9,.,AT14-9-1,15,AT14-9-1-15,A,N,638,C,A,A,A,A,N
Caribbean,Bocas del Toro,Sweet Bocas9,AT14-9,.,AT14-9-1,16,AT14-9-1-16,RA,N,467,C,A,A,A,A,N
Caribbean,Bocas del Toro,Sweet Bocas9,AT14-9,.,AT14-9-2,1,AT14-9-2-1,A,N,406,C,A,B,A,A,N
Caribbean,Bocas del Toro,Sweet Bocas9,AT14-9,.,AT14-9-2,2,AT14-9-2-2,RA,N,1319,A,A,A,A,A,N
Caribbean,Bocas del Toro,Sweet Bocas9,AT14-9,.,AT14-9-2,3,AT14-9-2-3,RA,N,381,A,A,A,A,A,N
Caribbean,Bocas del Toro,Sweet Bocas9,AT14-9,.,AT14-9-2,4,AT14-9-2-4,DR,N,586,C,C,B,A,A,N
Caribbean,Bocas del Toro,Sweet Bocas9,AT14-9,.,AT14-9-2,5,AT14-9-2-5,A,N,668,C,A,A,A,A,N
Caribbean,Bocas del Toro,Sweet Bocas9,AT14-9,.,AT14-9-2,6,AT14-9-2-6,DR,N,337,A,A,B,A,A,N
Caribbean,Bocas del Toro,Sweet Bocas9,AT14-9,.,AT14-9-2,7,AT14-9-2-7,GF,N,399,C,A,A,A,A,N
Caribbean,Bocas del Toro,Sweet Bocas9,AT14-9,.,AT14-9-2,8,AT14-9-2-8,RA,N,469,C,A,B,A,A,N
Caribbean,Bocas del Toro,Sweet Bocas9,AT14-9,.,AT14-9-2,9,AT14-9-2-9,DR,N,450,C,C,B,A,A,N
Caribbean,Bocas del Toro,Sweet Bocas9,AT14-9,.,AT14-9-2,10,AT14-9-2-10,A,N,424,C,B,A,A,A,N
Caribbean,Bocas del Toro,Sweet Bocas9,AT14-9,.,AT14-9-2,11,AT14-9-2-11,RA,N,303,C,A,A,A,A,N
Caribbean,Bocas del Toro,Sweet Bocas9,AT14-9,.,AT14-9-2,12,AT14-9-2-12,A,Y,394,C,A,B,A,A,N
Caribbean,Bocas del Toro,Sweet Bocas9,AT14-9,.,AT14-9-2,13,AT14-9-2-13,GF,N,387,C,B,B,A,A,N
Caribbean,Bocas del Toro,Sweet Bocas9,AT14-9,.,AT14-9-3,1,AT14-9-3-1,DR,Y,550,A,B,A,A,C,N
Caribbean,Bocas del Toro,Sweet Bocas9,AT14-9,.,AT14-9-3,2,AT14-9-3-2,A,N,650,C,C,B,A,C,N
Caribbean,Bocas del Toro,Sweet Bocas9,AT14-9,.,AT14-9-3,3,AT14-9-3-3,A,N,781,C,A,A,A,C,N
Caribbean,Bocas del Toro,Sweet Bocas9,AT14-9,.,AT14-9-3,4,AT14-9-3-4,RA,N,.,C,C,B,A,C,N
Caribbean,Bocas del Toro,Sweet Bocas9,AT14-9,.,AT14-9-3,5,AT14-9-3-5,DR,N,431,A,A,B,A,C,N
Caribbean,Bocas del Toro,Sweet Bocas9,AT14-9,.,AT14-9-3,6,AT14-9-3-6,RA,Y,406,A,A,B,A,C,N
Caribbean,Bocas del Toro,Sweet Bocas9,AT14-9,.,AT14-9-3,7,AT14-9-3-7,DR,N,462,C,A,A,A,C,N
Caribbean,Bocas del Toro,Sweet Bocas9,AT14-9,.,AT14-9-3,8,AT14-9-3-8,A,N,359,A,A,A,A,A,N
Caribbean,Bocas del Toro,Sweet Bocas9,AT14-9,.,AT14-9-3,9,AT14-9-3-9,RA,N,481,A,A,B,A,A,N
Caribbean,Bocas del Toro,Sweet Bocas9,AT14-9,.,AT14-9-3,10,AT14-9-3-10,RA,N,394,C,A,A,A,A,N
Caribbean,Bocas del Toro,Sweet Bocas9,AT14-9,.,AT14-9-3,11,AT14-9-3-11,DR,Y,331,B,A,B,A,C,N
Caribbean,Bocas del Toro,Sweet Bocas9,AT14-9,.,AT14-9-3,12,AT14-9-3-12,A,N,447,C,A,A,A,A,N
Caribbean,Bocas del Toro,Sweet Bocas9,AT14-9,.,AT14-9-3,13,AT14-9-3-13,DR,N,356,C,A,A,A,C,N
Caribbean,Bocas del Toro,Sweet Bocas9,AT14-9,.,AT14-9-3,14,AT14-9-3-14,GF,N,198,A,A,B,A,A,N
Caribbean,Bocas del Toro,Sweet Bocas9,AT14-9,.,AT14-9-3,15,AT14-9-3-15,GF,Y,344,C,A,B,A,C,N
Caribbean,Bocas del Toro,Sweet Bocas9,AT14-9,.,AT14-9-3,16,AT14-9-3-16,DR,N,244,B,A,B,B,C,N
Caribbean,Bocas del Toro,Sweet Bocas9,AT14-9,.,AT14-9-3,17,AT14-9-3-17,DR,Y,269,C,A,A,A,A,N
Caribbean,Bocas del Toro,Punta Donato,AT14-2,.,AT14-2-1,1,AT14-2-1-1,GF,N,362,C,A,A,A,A,N
Caribbean,Bocas del Toro,Punta Donato,AT14-2,.,AT14-2-1,2,AT14-2-1-2,DR,Y,294,C,B,B,A,A,N
Caribbean,Bocas del Toro,Punta Donato,AT14-2,.,AT14-2-1,3,AT14-2-1-3,DR,N,278,C,A,B,A,A,N
Caribbean,Bocas del Toro,Punta Donato,AT14-2,.,AT14-2-1,4,AT14-2-1-4,A,N,413,C,C,B,A,A,N
Caribbean,Bocas del Toro,Punta Donato,AT14-2,.,AT14-2-1,5,AT14-2-1-5,RA,N,413,B,A,B,A,A,N
Caribbean,Bocas del Toro,Punta Donato,AT14-2,.,AT14-2-1,6,AT14-2-1-6,RA,N,474,C,C,A,A,A,N
Caribbean,Bocas del Toro,Punta Donato,AT14-2,.,AT14-2-1,7,AT14-2-1-7,RA,N,413,C,A,A,A,A,N
Caribbean,Bocas del Toro,Punta Donato,AT14-2,.,AT14-2-1,8,AT14-2-1-8,RA,N,406,B,A,A,A,A,N
Caribbean,Bocas del Toro,Punta Donato,AT14-2,.,AT14-2-1,9,AT14-2-1-9,GF,N,411,C,B,A,A,A,N
Caribbean,Bocas del Toro,Punta Donato,AT14-2,.,AT14-2-1,10,AT14-2-1-10,RA,N,487,C,A,A,A,A,N
Caribbean,Bocas del Toro,Punta Donato,AT14-2,.,AT14-2-1,11,AT14-2-1-11,A,N,443,C,A,B,B,A,N
Caribbean,Bocas del Toro,Punta Donato,AT14-2,.,AT14-2-1,12,AT14-2-1-12,A,N,615,C,A,A,A,A,N
Caribbean,Bocas del Toro,Punta Donato,AT14-2,.,AT14-2-1,13,AT14-2-1-13,A,Y,449,C,B,A,B,A,N
Caribbean,Bocas del Toro,Punta Donato,AT14-2,.,AT14-2-1,14,AT14-2-1-14,A,N,418,B,A,A,A,A,N
Caribbean,Bocas del Toro,Punta Donato,AT14-2,.,AT14-2-1,15,AT14-2-1-15,RA,N,568,C,A,B,A,A,N
Caribbean,Bocas del Toro,Punta Donato,AT14-2,.,AT14-2-1,16,AT14-2-1-16,A,N,455,C,A,A,A,A,N
Caribbean,Bocas del Toro,Punta Donato,AT14-2,.,AT14-2-1,17,AT14-2-1-17,A,N,549,C,A,B,A,A,N
Caribbean,Bocas del Toro,Punta Donato,AT14-2,.,AT14-2-1,18,AT14-2-1-18,A,N,431,C,A,A,A,A,N
Caribbean,Bocas del Toro,Punta Donato,AT14-2,.,AT14-2-1,19,AT14-2-1-19,RA,N,625,C,B,A,A,A,N
Caribbean,Bocas del Toro,Punta Donato,AT14-2,.,AT14-2-1,20,AT14-2-1-20,RA,N,648,C,B,A,A,A,N
Caribbean,Bocas del Toro,Punta Donato,AT14-2,.,AT14-2-1,21,AT14-2-1-21,RA,N,756,C,B,A,A,A,N
Caribbean,Bocas del Toro,Punta Donato,AT14-2,.,AT14-2-1,22,AT14-2-1-22,RA,N,612,A,A,A,A,A,N
Caribbean,Bocas del Toro,Punta Donato,AT14-2,.,AT14-2-1,23,AT14-2-1-23,A,N,986,C,A,A,A,A,N
Caribbean,Bocas del Toro,Punta Donato,AT14-2,.,AT14-2-1,24,AT14-2-1-24,A,N,806,C,A,A,A,A,N
Caribbean,Bocas del Toro,Punta Donato,AT14-2,.,AT14-2-1,25,AT14-2-1-25,A,N,380,C,A,B,A,A,N
Caribbean,Bocas del Toro,Punta Donato,AT14-2,.,AT14-2-1,26,AT14-2-1-26,GF,N,361,C,A,A,A,A,N
Caribbean,Bocas del Toro,Punta Donato,AT14-2,.,AT14-2-1,27,AT14-2-1-27,A,N,375,C,C,B,A,A,N
Caribbean,Bocas del Toro,Punta Donato,AT14-2,.,AT14-2-1,28,AT14-2-1-28,RA,Y,313,C,A,B,A,A,N
Caribbean,Bocas del Toro,Punta Donato,AT14-2,.,AT14-2-2,1,AT14-2-2-1,DR,Y,156,A,A,A,A,A,N
Caribbean,Bocas del Toro,Punta Donato,AT14-2,.,AT14-2-2,2,AT14-2-2-2,GF,N,305,C,A,B,A,A,N
Caribbean,Bocas del Toro,Punta Donato,AT14-2,.,AT14-2-2,3,AT14-2-2-3,DR,N,342,C,A,B,A,A,N
Caribbean,Bocas del Toro,Punta Donato,AT14-2,.,AT14-2-2,4,AT14-2-2-4,A,Y,265,A,A,A,A,A,N
Caribbean,Bocas del Toro,Punta Donato,AT14-2,.,AT14-2-2,5,AT14-2-2-5,DR,N,.,C,D,B,A,A,Y
Caribbean,Bocas del Toro,Punta Donato,AT14-2,.,AT14-2-2,6,AT14-2-2-6,DR,N,294,C,B,B,A,A,N
Caribbean,Bocas del Toro,Punta Donato,AT14-2,.,AT14-2-2,7,AT14-2-2-7,GF,Y,293,C,A,A,A,A,N
Caribbean,Bocas del Toro,Punta Donato,AT14-2,.,AT14-2-2,8,AT14-2-2-8,DR,N,337,C,B,B,A,A,N
Caribbean,Bocas del Toro,Punta Donato,AT14-2,.,AT14-2-2,9,AT14-2-2-9,RA,N,393,C,B,A,A,A,N
Caribbean,Bocas del Toro,Punta Donato,AT14-2,.,AT14-2-2,10,AT14-2-2-10,DR,N,411,C,A,A,A,A,N
Caribbean,Bocas del Toro,Punta Donato,AT14-2,.,AT14-2-2,11,AT14-2-2-11,DR,N,288,C,A,B,A,A,N
Caribbean,Bocas del Toro,Punta Donato,AT14-2,.,AT14-2-2,12,AT14-2-2-12,DR,N,468,C,A,B,A,A,N
Caribbean,Bocas del Toro,Punta Donato,AT14-2,.,AT14-2-2,13,AT14-2-2-13,DR,N,488,C,A,B,A,A,N
Caribbean,Bocas del Toro,Punta Donato,AT14-2,.,AT14-2-2,14,AT14-2-2-14,RA,N,356,C,A,A,A,A,N
Caribbean,Bocas del Toro,Punta Donato,AT14-2,.,AT14-2-2,15,AT14-2-2-15,DR,N,313,C,A,B,A,A,N
Caribbean,Bocas del Toro,Punta Donato,AT14-2,.,AT14-2-2,16,AT14-2-2-16,DR,N,350,C,A,B,A,A,N
Caribbean,Bocas del Toro,Punta Donato,AT14-2,.,AT14-2-2,17,AT14-2-2-17,RA,N,438,C,C,B,A,A,N
Caribbean,Bocas del Toro,Punta Donato,AT14-2,.,AT14-2-2,18,AT14-2-2-18,DR,N,369,C,A,B,A,A,N
Caribbean,Bocas del Toro,Punta Donato,AT14-2,.,AT14-2-2,19,AT14-2-2-19,DR,N,350,C,A,B,A,A,N
Caribbean,Bocas del Toro,Punta Donato,AT14-2,.,AT14-2-2,20,AT14-2-2-20,RA,N,422,C,A,A,A,A,N
Caribbean,Bocas del Toro,Punta Donato,AT14-2,.,AT14-2-2,21,AT14-2-2-21,DR,N,418,C,B,B,A,A,N
Caribbean,Bocas del Toro,Punta Donato,AT14-2,.,AT14-2-2,22,AT14-2-2-22,A,Y,375,C,B,B,A,A,N
Caribbean,Bocas del Toro,Punta Donato,AT14-2,.,AT14-2-2,23,AT14-2-2-23,DR,N,387,C,A,B,A,A,N
Caribbean,Bocas del Toro,Punta Donato,AT14-2,.,AT14-2-2,24,AT14-2-2-24,RA,Y,463,C,B,B,A,A,N
Caribbean,Bocas del Toro,Punta Donato,AT14-2,.,AT14-2-2,25,AT14-2-2-25,RA,N,524,C,A,B,A,A,N
Caribbean,Bocas del Toro,Punta Donato,AT14-2,.,AT14-2-2,26,AT14-2-2-26,A,N,556,C,B,A,A,A,N
Caribbean,Bocas del Toro,Punta Donato,AT14-2,.,AT14-2-2,27,AT14-2-2-27,DR,N,294,C,B,B,A,A,N
Caribbean,Bocas del Toro,Punta Donato,AT14-2,.,AT14-2-2,28,AT14-2-2-28,A,N,1025,B,A,A,A,A,N
Caribbean,Bocas del Toro,Punta Donato,AT14-2,.,AT14-2-2,29,AT14-2-2-29,RA,N,700,C,C,B,D,A,N
Caribbean,Bocas del Toro,Punta Donato,AT14-2,.,AT14-2-2,30,AT14-2-2-30,A,N,.,C,C,A,A,A,N
Caribbean,Bocas del Toro,Punta Donato,AT14-2,.,AT14-2-2,31,AT14-2-2-31,A,N,631,C,A,A,A,A,N
Caribbean,Bocas del Toro,Punta Donato,AT14-2,.,AT14-2-4,1,AT14-2-4-1,GF,N,311,C,B,A,A,A,N
Caribbean,Bocas del Toro,Punta Donato,AT14-2,.,AT14-2-4,2,AT14-2-4-2,GF,N,349,C,A,A,A,A,N
Caribbean,Bocas del Toro,Punta Donato,AT14-2,.,AT14-2-4,3,AT14-2-4-3,DR,Y,412,C,A,B,A,A,N
Caribbean,Bocas del Toro,Punta Donato,AT14-2,.,AT14-2-4,4,AT14-2-4-4,GF,N,400,C,B,B,A,A,N
Caribbean,Bocas del Toro,Punta Donato,AT14-2,.,AT14-2-4,5,AT14-2-4-5,GF,N,360,C,A,A,A,A,N
Caribbean,Bocas del Toro,Punta Donato,AT14-2,.,AT14-2-4,6,AT14-2-4-6,A,N,406,C,A,B,A,A,N
Caribbean,Bocas del Toro,Punta Donato,AT14-2,.,AT14-2-4,7,AT14-2-4-7,RA,Y,415,C,B,A,A,A,N
Caribbean,Bocas del Toro,Punta Donato,AT14-2,.,AT14-2-4,8,AT14-2-4-8,RA,N,.,C,D,B,A,A,Y
Caribbean,Bocas del Toro,Punta Donato,AT14-2,.,AT14-2-4,9,AT14-2-4-9,DR,Y,275,C,B,B,A,A,N
Caribbean,Bocas del Toro,Punta Donato,AT14-2,.,AT14-2-4,10,AT14-2-4-10,GF,N,350,C,C,B,A,A,N
Caribbean,Bocas del Toro,Punta Donato,AT14-2,.,AT14-2-4,11,AT14-2-4-11,DR,N,372,C,A,B,A,A,N
Caribbean,Bocas del Toro,Punta Donato,AT14-2,.,AT14-2-4,12,AT14-2-4-12,A,N,462,C,B,A,A,A,N
Caribbean,Bocas del Toro,Punta Donato,AT14-2,.,AT14-2-4,13,AT14-2-4-13,RA,N,444,B,A,A,A,A,N
Caribbean,Bocas del Toro,Punta Donato,AT14-2,.,AT14-2-4,14,AT14-2-4-14,RA,N,656,C,A,A,A,A,N
Caribbean,Bocas del Toro,Punta Donato,AT14-2,.,AT14-2-4,15,AT14-2-4-15,A,N,1113,C,C,A,A,A,N
Caribbean,Bocas del Toro,Punta Donato,AT14-2,.,AT14-2-4,16,AT14-2-4-16,A,N,723,C,B,A,A,A,N
Caribbean,Bocas del Toro,Punta Donato,AT14-2,.,AT14-2-4,17,AT14-2-4-17,RA,N,893,C,B,A,A,A,N
Caribbean,Bocas del Toro,Punta Donato,AT14-2,.,AT14-2-4,18,AT14-2-4-18,A,N,869,C,A,A,A,A,N
Caribbean,Bocas del Toro,Punta Donato,AT14-2,.,AT14-2-5,1,AT14-2-5-1,RA,N,449,C,A,B,A,A,N
Caribbean,Bocas del Toro,Punta Donato,AT14-2,.,AT14-2-5,2,AT14-2-5-2,DR,N,406,C,A,A,A,A,N
Caribbean,Bocas del Toro,Punta Donato,AT14-2,.,AT14-2-5,3,AT14-2-5-3,GF,N,346,B,A,B,A,A,N
Caribbean,Bocas del Toro,Punta Donato,AT14-2,.,AT14-2-5,4,AT14-2-5-4,RA,N,.,C,C,B,A,A,N
Caribbean,Bocas del Toro,Punta Donato,AT14-2,.,AT14-2-5,5,AT14-2-5-5,DR,N,.,C,C,B,A,A,N
Caribbean,Bocas del Toro,Punta Donato,AT14-2,.,AT14-2-5,6,AT14-2-5-6,RA,N,354,C,A,B,A,A,N
Caribbean,Bocas del Toro,Punta Donato,AT14-2,.,AT14-2-5,7,AT14-2-5-7,A,N,381,C,A,A,A,A,N
Caribbean,Bocas del Toro,Punta Donato,AT14-2,.,AT14-2-5,8,AT14-2-5-8,DR,Y,262,C,A,A,A,A,N
Caribbean,Bocas del Toro,Punta Donato,AT14-2,.,AT14-2-5,9,AT14-2-5-9,DR,Y,355,C,A,B,A,A,N
Caribbean,Bocas del Toro,Punta Donato,AT14-2,.,AT14-2-5,10,AT14-2-5-10,GF,N,341,B,A,A,A,A,N
Caribbean,Bocas del Toro,Punta Donato,AT14-2,.,AT14-2-5,11,AT14-2-5-11,GF,N,354,C,B,A,A,A,N
Caribbean,Bocas del Toro,Punta Donato,AT14-2,.,AT14-2-5,12,AT14-2-5-12,DEFENSE,N,312,C,A,B,A,A,N
Caribbean,Bocas del Toro,Punta Donato,AT14-2,.,AT14-2-5,13,AT14-2-5-13,DR,N,362,C,A,B,A,A,N
Caribbean,Bocas del Toro,Punta Donato,AT14-2,.,AT14-2-5,14,AT14-2-5-14,DR,N,298,C,A,B,A,A,N
Caribbean,Bocas del Toro,Punta Donato,AT14-2,.,AT14-2-5,15,AT14-2-5-15,RA,Y,475,B,A,A,A,A,N
Caribbean,Bocas del Toro,Punta Donato,AT14-2,.,AT14-2-5,16,AT14-2-5-16,A,N,.,C,D,B,A,A,Y
Caribbean,Bocas del Toro,Punta Donato,AT14-2,.,AT14-2-5,17,AT14-2-5-17,A,N,556,A,A,A,A,A,N
Caribbean,Bocas del Toro,Punta Donato,AT14-2,.,AT14-2-5,18,AT14-2-5-18,RA,N,337,A,B,A,A,A,N
Caribbean,Bocas del Toro,Punta Donato,AT14-2,.,AT14-2-5,19,AT14-2-5-19,DR,N,399,C,A,B,A,A,N
Caribbean,Bocas del Toro,Punta Donato,AT14-2,.,AT14-2-5,20,AT14-2-5-20,A,N,393,A,A,A,A,A,N
Caribbean,Bocas del Toro,Punta Donato,AT14-2,.,AT14-2-5,21,AT14-2-5-21,RA,N,562,B,B,A,A,A,N
Caribbean,Bocas del Toro,Punta Donato,AT14-2,.,AT14-2-5,22,AT14-2-5-22,RA,Y,449,C,C,B,A,A,N
Caribbean,Bocas del Toro,Punta Donato,AT14-2,.,AT14-2-5,23,AT14-2-5-23,A,Y,496,C,C,B,C,A,N
Caribbean,Bocas del Toro,Punta Donato,AT14-2,.,AT14-2-5,24,AT14-2-5-24,A,N,454,B,A,A,A,A,N
Caribbean,Bocas del Toro,Punta Donato,AT14-2,.,AT14-2-5,25,AT14-2-5-25,RA,N,519,C,B,B,A,A,N
Caribbean,Bocas del Toro,Punta Donato,AT14-2,.,AT14-2-5,26,AT14-2-5-26,A,N,518,C,A,A,A,A,N
Caribbean,Bocas del Toro,Punta Donato,AT14-2,.,AT14-2-5,27,AT14-2-5-27,DR,N,368,A,A,A,A,A,N
Caribbean,Bocas del Toro,Punta Donato,AT14-2,.,AT14-2-5,28,AT14-2-5-28,A,N,409,B,A,A,A,A,N
Caribbean,Bocas del Toro,Punta Donato,AT14-2,.,AT14-2-5,29,AT14-2-5-29,A,N,543,C,A,A,A,A,N
Caribbean,Bocas del Toro,Punta Donato,AT14-2,.,AT14-2-5,30,AT14-2-5-30,RA,N,481,C,A,A,A,A,N
Caribbean,Bocas del Toro,Punta Donato,AT14-2,.,AT14-2-5,31,AT14-2-5-31,DR,N,.,C,C,B,A,A,N
Caribbean,Bocas del Toro,Punta Donato,AT14-2,.,AT14-2-5,32,AT14-2-5-32,A,N,813,C,A,A,A,A,N
Caribbean,Bocas del Toro,Punta Donato,AT14-2,.,AT14-2-5,33,AT14-2-5-33,A,N,693,B,A,A,A,A,N
Caribbean,Bocas del Toro,Punta Donato,AT14-2,.,AT14-2-5,34,AT14-2-5-34,A,N,500,C,A,A,A,A,N
Caribbean,Bocas del Toro,Punta Donato,AT14-2,.,AT14-2-5,35,AT14-2-5-35,DR,N,464,C,A,A,A,A,N
Caribbean,Bocas del Toro,Punta Donato,AT14-2,.,AT14-2-5,36,AT14-2-5-36,RA,N,391,B,A,A,A,A,N
Caribbean,Bocas del Toro,Punta Donato,AT14-2,.,AT14-2-5,37,AT14-2-5-37,A,N,514,C,A,A,A,A,N
Caribbean,Bocas del Toro,Punta Donato,AT14-2,.,AT14-2-5,38,AT14-2-5-38,RA,N,380,C,A,A,A,A,N
Caribbean,Bocas del Toro,Punta Donato,AT14-2,.,AT14-2-5,39,AT14-2-5-39,RA,N,347,B,A,A,A,A,N
Caribbean,Bocas del Toro,Punta Donato,AT14-2,.,AT14-2-5,40,AT14-2-5-40,DR,Y,448,B,A,B,A,A,N
Caribbean,Bocas del Toro,Punta Donato,AT14-2,.,AT14-2-5,41,AT14-2-5-41,A,N,444,A,A,A,A,A,N
Caribbean,Bocas del Toro,Punta Donato,AT14-2,.,AT14-2-5,42,AT14-2-5-42,RA,N,530,A,B,B,A,A,N
Caribbean,Bocas del Toro,Punta Donato,AT14-2,.,AT14-2-5,43,AT14-2-5-43,A,N,450,A,A,B,A,A,N
Caribbean,Bocas del Toro,Punta Donato,AT14-2,.,AT14-2-5,44,AT14-2-5-44,RA,N,494,C,A,A,A,A,N
Caribbean,Bocas del Toro,Punta Donato,AT14-2,.,AT14-2-5,45,AT14-2-5-45,RA,N,605,C,B,A,A,A,N
Caribbean,Bocas del Toro,Punta Donato,AT14-2,.,AT14-2-5,46,AT14-2-5-46,RA,N,1017,C,A,B,A,A,N
Caribbean,Bocas del Toro,Punta Donato,AT14-2,.,AT14-2-5,47,AT14-2-5-47,RA,N,893,C,A,B,A,A,N
Caribbean,Bocas del Toro,Punta Donato,AT14-2,.,AT14-2-5,48,AT14-2-5-48,RA,N,725,C,A,B,A,A,N
Caribbean,Bocas del Toro,Punta Donato,AT14-2,.,AT14-2-5,49,AT14-2-5-49,A,N,907,C,A,A,A,A,N
Caribbean,Bocas del Toro,Punta Donato,AT14-2,.,AT14-2-5,50,AT14-2-5-50,A,N,1117,B,A,A,A,A,N
Caribbean,Bocas del Toro,Punta Donato,AT14-2,.,AT14-2-5,51,AT14-2-5-51,A,N,925,B,A,A,A,A,N
Caribbean,Bocas del Toro,Punta Donato,AT14-2,.,AT14-2-5,52,AT14-2-5-52,A,N,899,B,A,A,A,A,N
Caribbean,Bocas del Toro,Punta Donato,AT14-2,.,AT14-2-5,53,AT14-2-5-53,A,N,1202,C,B,A,B,A,N
Caribbean,Bocas del Toro,Punta Donato,AT14-2,.,AT14-2-5,54,AT14-2-5-54,A,N,1225,C,A,A,A,A,N
Caribbean,Bocas del Toro,Punta Donato,AT14-2,.,AT14-2-5,55,AT14-2-5-55,RA,N,819,A,B,B,A,A,N
Caribbean,Bocas del Toro,Punta Donato,AT14-2,.,AT14-2-5,56,AT14-2-5-56,RA,N,781,C,A,B,A,A,N
Caribbean,Bocas del Toro,Punta Donato,AT14-2,.,AT14-2-5,57,AT14-2-5-57,A,Y,325,C,B,B,A,A,N
Caribbean,Bocas del Toro,Punta Donato,AT14-2,.,AT14-2-5,58,AT14-2-5-58,A,N,673,A,B,A,A,A,N
Caribbean,Bocas del Toro,Punta Donato,AT14-2,.,AT14-2-5,59,AT14-2-5-59,A,N,825,C,A,A,A,A,N
Caribbean,Bocas del Toro,Punta Donato,AT14-2,.,AT14-2-5,60,AT14-2-5-60,RA,N,604,C,A,A,A,A,N
Caribbean,Bocas del Toro,Punta Donato,AT14-2,.,AT14-2-5,61,AT14-2-5-61,RA,N,637,B,A,A,A,A,N
Caribbean,Bocas del Toro,Punta Donato,AT14-2,.,AT14-2-5,62,AT14-2-5-62,RA,N,987,C,A,A,A,A,N
Caribbean,Bocas del Toro,Punta Donato,AT14-2,.,AT14-2-5,63,AT14-2-5-63,A,N,800,A,C,A,A,A,N
Caribbean,Bocas del Toro,Punta Donato,AT14-2,.,AT14-2-5,64,AT14-2-5-64,A,N,669,B,A,A,A,A,N
Caribbean,Bocas del Toro,Punta Donato,AT14-2,.,AT14-2-5,65,AT14-2-5-65,A,N,818,C,A,A,A,A,N
Caribbean,Bocas del Toro,Punta Donato,AT14-2,.,AT14-2-5,66,AT14-2-5-66,RA,N,725,C,C,A,A,A,N
Caribbean,Bocas del Toro,Punta Donato,AT14-2,.,AT14-2-5,67,AT14-2-5-67,RA,N,612,C,A,A,A,A,N
Caribbean,Bocas del Toro,Punta Donato,AT14-2,.,AT14-2-5,68,AT14-2-5-68,A,N,662,C,A,A,A,A,N
Caribbean,Bocas del Toro,Punta Donato,AT14-2,.,AT14-2-5,69,AT14-2-5-69,RA,N,600,C,A,A,A,A,N
Caribbean,Bocas del Toro,Punta Donato,AT14-2,.,AT14-2-5,70,AT14-2-5-70,A,N,740,A,A,A,A,A,N
Caribbean,Bocas del Toro,Punta Donato,AT14-2,.,AT14-2-5,71,AT14-2-5-71,A,N,699,C,B,B,B,A,N
Caribbean,Bocas del Toro,Punta Donato,AT14-2,.,AT14-2-5,72,AT14-2-5-72,A,Y,631,A,A,A,A,A,N
Caribbean,Bocas del Toro,Punta Donato,AT14-2,.,AT14-2-5,73,AT14-2-5-73,RA,N,693,B,A,A,A,A,N
Caribbean,Bocas del Toro,Punta Donato,AT14-2,.,AT14-2-5,74,AT14-2-5-74,A,N,831,C,A,A,A,A,N
Caribbean,Bocas del Toro,Punta Donato,AT14-2,.,AT14-2-5,75,AT14-2-5-75,RAY,.,220,.,.,.,.,.,.
Caribbean,Bocas del Toro,Cayo Adriana,AT14-3,.,AT14-3-1,1,AT14-3-1-1,RA,N,725,C,A,B,A,A,N
Caribbean,Bocas del Toro,Cayo Adriana,AT14-3,.,AT14-3-1,2,AT14-3-1-2,RA,N,422,C,A,A,A,A,N
Caribbean,Bocas del Toro,Cayo Adriana,AT14-3,.,AT14-3-1,3,AT14-3-1-3,DR,Y,256,A,A,A,A,A,N
Caribbean,Bocas del Toro,Cayo Adriana,AT14-3,.,AT14-3-1,4,AT14-3-1-4,DR,Y,355,C,B,A,A,A,N
Caribbean,Bocas del Toro,Cayo Adriana,AT14-3,.,AT14-3-1,5,AT14-3-1-5,A,N,424,C,A,A,A,A,N
Caribbean,Bocas del Toro,Cayo Adriana,AT14-3,.,AT14-3-1,6,AT14-3-1-6,A,N,613,C,C,B,A,A,N
Caribbean,Bocas del Toro,Cayo Adriana,AT14-3,.,AT14-3-1,7,AT14-3-1-7,DR,N,450,C,C,B,A,A,N
Caribbean,Bocas del Toro,Cayo Adriana,AT14-3,.,AT14-3-1,8,AT14-3-1-8,RA,N,384,C,A,A,A,A,N
Caribbean,Bocas del Toro,Cayo Adriana,AT14-3,.,AT14-3-1,9,AT14-3-1-9,A,N,613,C,C,A,A,A,N
Caribbean,Bocas del Toro,Cayo Adriana,AT14-3,.,AT14-3-1,10,AT14-3-1-10,RA,N,433,A,A,A,A,A,N
Caribbean,Bocas del Toro,Cayo Adriana,AT14-3,.,AT14-3-1,11,AT14-3-1-11,A,N,474,C,A,A,A,A,N
Caribbean,Bocas del Toro,Cayo Adriana,AT14-3,.,AT14-3-1,12,AT14-3-1-12,A,N,.,C,C,A,A,A,N
Caribbean,Bocas del Toro,Cayo Adriana,AT14-3,.,AT14-3-1,13,AT14-3-1-13,A,N,500,C,A,A,A,A,N
Caribbean,Bocas del Toro,Cayo Adriana,AT14-3,.,AT14-3-1,14,AT14-3-1-14,A,N,823,C,A,A,A,A,N
Caribbean,Bocas del Toro,Cayo Adriana,AT14-3,.,AT14-3-1,15,AT14-3-1-15,RA,N,737,C,A,A,A,A,N
Caribbean,Bocas del Toro,Cayo Adriana,AT14-3,.,AT14-3-1,16,AT14-3-1-16,RA,N,744,C,A,B,A,A,N
Caribbean,Bocas del Toro,Cayo Adriana,AT14-3,.,AT14-3-1,17,AT14-3-1-17,A,N,947,C,A,A,A,A,N
Caribbean,Bocas del Toro,Cayo Adriana,AT14-3,.,AT14-3-1,18,AT14-3-1-18,RA,N,575,C,C,B,A,A,N
Caribbean,Bocas del Toro,Cayo Adriana,AT14-3,.,AT14-3-1,19,AT14-3-1-19,A,N,773,C,A,A,A,A,N
Caribbean,Bocas del Toro,Cayo Adriana,AT14-3,.,AT14-3-1,20,AT14-3-1-20,A,N,650,C,C,A,A,A,N
Caribbean,Bocas del Toro,Cayo Adriana,AT14-3,.,AT14-3-1,21,AT14-3-1-21,A,N,605,C,B,A,A,A,N
Caribbean,Bocas del Toro,Cayo Adriana,AT14-3,.,AT14-3-1,22,AT14-3-1-22,RA,N,686,C,A,A,A,A,N
Caribbean,Bocas del Toro,Cayo Adriana,AT14-3,.,AT14-3-1,23,AT14-3-1-23,A,N,799,C,A,A,A,A,N
Caribbean,Bocas del Toro,Cayo Adriana,AT14-3,.,AT14-3-1,24,AT14-3-1-24,RA,N,622,B,A,A,A,A,N
Caribbean,Bocas del Toro,Cayo Adriana,AT14-3,.,AT14-3-1,25,AT14-3-1-25,A,N,918,C,A,A,A,A,N
Caribbean,Bocas del Toro,Cayo Adriana,AT14-3,.,AT14-3-1,26,AT14-3-1-26,RA,N,1312,B,A,A,A,A,N
Caribbean,Bocas del Toro,Cayo Adriana,AT14-3,.,AT14-3-1,27,AT14-3-1-27,A,N,1285,B,A,A,A,A,N
Caribbean,Bocas del Toro,Cayo Adriana,AT14-3,.,AT14-3-1,28,AT14-3-1-28,GF,N,276,C,B,A,A,A,N
Caribbean,Bocas del Toro,Cayo Adriana,AT14-3,.,AT14-3-2,1,AT14-3-2-1,DR,Y,432,C,B,B,A,A,N
Caribbean,Bocas del Toro,Cayo Adriana,AT14-3,.,AT14-3-2,2,AT14-3-2-2,A,N,405,C,B,A,A,A,N
Caribbean,Bocas del Toro,Cayo Adriana,AT14-3,.,AT14-3-2,3,AT14-3-2-3,RA,N,.,C,C,A,A,A,N
Caribbean,Bocas del Toro,Cayo Adriana,AT14-3,.,AT14-3-2,4,AT14-3-2-4,A,N,471,B,A,A,A,A,N
Caribbean,Bocas del Toro,Cayo Adriana,AT14-3,.,AT14-3-2,5,AT14-3-2-5,A,N,418,B,A,A,A,A,N
Caribbean,Bocas del Toro,Cayo Adriana,AT14-3,.,AT14-3-2,6,AT14-3-2-6,A,N,518,C,B,A,A,A,N
Caribbean,Bocas del Toro,Cayo Adriana,AT14-3,.,AT14-3-2,7,AT14-3-2-7,RA,N,775,C,A,A,A,A,N
Caribbean,Bocas del Toro,Cayo Adriana,AT14-3,.,AT14-3-2,8,AT14-3-2-8,RA,N,588,C,C,B,A,A,N
Caribbean,Bocas del Toro,Cayo Adriana,AT14-3,.,AT14-3-2,9,AT14-3-2-9,RA,N,755,C,B,A,A,A,N
Caribbean,Bocas del Toro,Cayo Adriana,AT14-3,.,AT14-3-2,10,AT14-3-2-10,RA,N,1250,C,B,A,A,A,N
Caribbean,Bocas del Toro,Cayo Adriana,AT14-3,.,AT14-3-2,11,AT14-3-2-11,UNK,N,.,C,D,A,A,A,Y
Caribbean,Bocas del Toro,Cayo Adriana,AT14-3,.,AT14-3-2,12,AT14-3-2-12,UNK,N,325,C,C,B,A,A,N
Caribbean,Bocas del Toro,Cayo Adriana,AT14-3,.,AT14-3-2,13,AT14-3-2-13,A,N,293,C,C,B,A,A,N
Caribbean,Bocas del Toro,Cayo Adriana,AT14-3,.,AT14-3-2,14,AT14-3-2-14,A,N,341,C,B,A,A,A,N
Caribbean,Bocas del Toro,Cayo Adriana,AT14-3,.,AT14-3-2,15,AT14-3-2-15,.,.,300,.,.,.,.,.,N
Caribbean,Bocas del Toro,Cayo Adriana,AT14-3,.,AT14-3-2,16,AT14-3-2-16,UNK,N,.,C,D,B,A,A,Y
Caribbean,Bocas del Toro,Cayo Adriana,AT14-3,.,AT14-3-3,1,AT14-3-3-1,DR,N,317,C,B,B,A,A,N
Caribbean,Bocas del Toro,Cayo Adriana,AT14-3,.,AT14-3-3,2,AT14-3-3-2,UNK,N,388,C,C,B,B,A,N
Caribbean,Bocas del Toro,Cayo Adriana,AT14-3,.,AT14-3-3,3,AT14-3-3-3,A,N,538,C,C,A,A,A,N
Caribbean,Bocas del Toro,Cayo Adriana,AT14-3,.,AT14-3-3,4,AT14-3-3-4,DR,Y,406,C,A,B,A,A,N
Caribbean,Bocas del Toro,Cayo Adriana,AT14-3,.,AT14-3-3,5,AT14-3-3-5,A,N,405,C,A,A,A,A,N
Caribbean,Bocas del Toro,Cayo Adriana,AT14-3,.,AT14-3-3,6,AT14-3-3-6,GF,N,418,C,C,A,A,A,N
Caribbean,Bocas del Toro,Cayo Adriana,AT14-3,.,AT14-3-3,7,AT14-3-3-7,A,N,649,C,A,A,A,A,N
Caribbean,Bocas del Toro,Cayo Adriana,AT14-3,.,AT14-3-3,8,AT14-3-3-8,A,N,942,C,A,A,A,A,N
Caribbean,Bocas del Toro,Cayo Adriana,AT14-3,.,AT14-3-3,9,AT14-3-3-9,A,N,757,C,A,A,A,A,N
Caribbean,Bocas del Toro,Cayo Adriana,AT14-3,.,AT14-3-3,10,AT14-3-3-10,A,N,1150,C,A,A,C,A,N
Caribbean,Bocas del Toro,Cayo Adriana,AT14-3,.,AT14-3-3,11,AT14-3-3-11,RA,N,1436,C,A,B,A,A,N
Caribbean,Bocas del Toro,Cayo Adriana,AT14-3,.,AT14-3-3,12,AT14-3-3-12,DR,Y,243,C,A,B,A,A,N
Caribbean,Bocas del Toro,Cayo Adriana,AT14-3,.,AT14-3-4,1,AT14-3-4-1,RA,N,372,C,A,A,A,A,N
Caribbean,Bocas del Toro,Cayo Adriana,AT14-3,.,AT14-3-4,2,AT14-3-4-2,DR,Y,438,B,C,B,A,A,N
Caribbean,Bocas del Toro,Cayo Adriana,AT14-3,.,AT14-3-4,3,AT14-3-4-3,DR,Y,518,B,A,A,A,A,N
Caribbean,Bocas del Toro,Cayo Adriana,AT14-3,.,AT14-3-4,4,AT14-3-4-4,RA,N,518,C,A,A,A,A,N
Caribbean,Bocas del Toro,Cayo Adriana,AT14-3,.,AT14-3-4,5,AT14-3-4-5,RA,N,406,C,B,B,A,A,N
Caribbean,Bocas del Toro,Cayo Adriana,AT14-3,.,AT14-3-4,6,AT14-3-4-6,RA,N,497,C,A,B,A,A,N
Caribbean,Bocas del Toro,Cayo Adriana,AT14-3,.,AT14-3-4,7,AT14-3-4-7,RA,N,510,C,A,A,A,A,N
Caribbean,Bocas del Toro,Cayo Adriana,AT14-3,.,AT14-3-4,8,AT14-3-4-8,A,Y,258,A,A,A,A,A,N
Caribbean,Bocas del Toro,Cayo Adriana,AT14-3,.,AT14-3-4,9,AT14-3-4-9,RA,N,450,C,B,B,A,A,N
Caribbean,Bocas del Toro,Cayo Adriana,AT14-3,.,AT14-3-4,10,AT14-3-4-10,A,N,408,C,B,B,A,A,N
Caribbean,Bocas del Toro,Cayo Adriana,AT14-3,.,AT14-3-4,11,AT14-3-4-11,A,N,398,B,A,A,A,A,N
Caribbean,Bocas del Toro,Cayo Adriana,AT14-3,.,AT14-3-4,12,AT14-3-4-12,RA,N,.,C,C,B,A,A,N
Caribbean,Bocas del Toro,Cayo Adriana,AT14-3,.,AT14-3-4,13,AT14-3-4-13,RA,N,499,C,B,A,A,A,N
Caribbean,Bocas del Toro,Cayo Adriana,AT14-3,.,AT14-3-4,14,AT14-3-4-14,A,N,963,C,C,B,A,A,N
Caribbean,Bocas del Toro,Cayo Adriana,AT14-3,.,AT14-3-4,15,AT14-3-4-15,A,N,924,C,A,A,A,A,N
Caribbean,Bocas del Toro,Cayo Adriana,AT14-3,.,AT14-3-4,16,AT14-3-4-16,A,N,.,C,C,B,A,A,N
Caribbean,Bocas del Toro,Cayo Adriana,AT14-3,.,AT14-3-4,17,AT14-3-4-17,RA,N,637,C,A,A,A,A,N
Caribbean,Bocas del Toro,Cayo Adriana,AT14-3,.,AT14-3-4,18,AT14-3-4-18,A,N,839,C,A,A,A,A,N
Caribbean,Bocas del Toro,Cayo Adriana,AT14-3,.,AT14-3-5,1,AT14-3-5-1,A,N,867,B,A,A,A,A,N
Caribbean,Bocas del Toro,Cayo Adriana,AT14-3,.,AT14-3-5,2,AT14-3-5-2,RA,N,800,C,B,B,B,A,N
Caribbean,Bocas del Toro,Cayo Adriana,AT14-3,.,AT14-3-5,3,AT14-3-5-3,A,N,844,B,A,A,B,A,N
Caribbean,Bocas del Toro,Cayo Adriana,AT14-3,.,AT14-3-5,4,AT14-3-5-4,UNK,N,.,C,D,B,A,A,Y
Caribbean,Bocas del Toro,Cayo Adriana,AT14-3,.,AT14-3-5,5,AT14-3-5-5,UNK,N,.,C,D,B,A,A,Y
Caribbean,Bocas del Toro,Cayo Adriana,AT14-3,.,AT14-3-5,6,AT14-3-5-6,UNK,N,185,C,D,B,A,A,Y
Caribbean,Bocas del Toro,Cayo Adriana,AT14-3,.,AT14-3-5,7,AT14-3-5-7,A,Y,359,C,A,A,A,A,N
Caribbean,Bocas del Toro,Cayo Adriana,AT14-3,.,AT14-3-5,8,AT14-3-5-8,A,N,411,C,A,A,A,A,N
Caribbean,Bocas del Toro,Cayo Adriana,AT14-3,.,AT14-3-5,9,AT14-3-5-9,.,.,425,.,.,.,.,.,N
Caribbean,Bocas del Toro,Cayo Adriana,AT14-3,.,AT14-3-5,10,AT14-3-5-10,A,N,430,C,A,A,A,A,N
Caribbean,Bocas del Toro,Cayo Adriana,AT14-3,.,AT14-3-5,11,AT14-3-5-11,A,N,612,C,A,A,A,A,N
Caribbean,Bocas del Toro,Cayo Adriana,AT14-3,.,AT14-3-5,12,AT14-3-5-12,UNK,N,.,C,C,B,A,A,N
Caribbean,Bocas del Toro,Cayo Adriana,AT14-3,.,AT14-3-5,13,AT14-3-5-13,RA,N,506,C,A,A,A,A,N
Caribbean,Bocas del Toro,Cayo Adriana,AT14-3,.,AT14-3-5,14,AT14-3-5-14,.,.,363,.,.,.,.,.,N
Caribbean,Bocas del Toro,Cayo Adriana,AT14-3,.,AT14-3-5,15,AT14-3-5-15,A,N,499,C,A,A,A,A,N
Caribbean,Bocas del Toro,Cayo Adriana,AT14-3,.,AT14-3-5,16,AT14-3-5-16,DR,N,456,B,A,B,A,A,N
Caribbean,Bocas del Toro,Cayo Adriana,AT14-3,.,AT14-3-5,17,AT14-3-5-17,A,N,456,C,A,A,A,A,N
Caribbean,Bocas del Toro,Cayo Adriana,AT14-3,.,AT14-3-5,18,AT14-3-5-18,A,N,613,C,A,A,A,A,N
Caribbean,Bocas del Toro,Cayo Adriana,AT14-3,.,AT14-3-5,19,AT14-3-5-19,RA,N,579,C,A,A,A,A,N
Caribbean,Bocas del Toro,Cayo Adriana,AT14-3,.,AT14-3-5,20,AT14-3-5-20,A,N,454,C,A,B,A,A,N
Caribbean,Bocas del Toro,Cayo Adriana,AT14-3,.,AT14-3-6,1,AT14-3-6-1,A,N,356,C,B,B,A,A,N
Caribbean,Bocas del Toro,Cayo Adriana,AT14-3,.,AT14-3-6,2,AT14-3-6-2,RA,N,506,C,C,B,A,A,N
Caribbean,Bocas del Toro,Cayo Adriana,AT14-3,.,AT14-3-6,3,AT14-3-6-3,RA,N,529,C,B,A,A,A,N
Caribbean,Bocas del Toro,Cayo Adriana,AT14-3,.,AT14-3-6,4,AT14-3-6-4,A,N,475,C,A,A,A,A,N
Caribbean,Bocas del Toro,Cayo Adriana,AT14-3,.,AT14-3-6,5,AT14-3-6-5,A,N,446,C,A,A,A,A,N
Caribbean,Bocas del Toro,Cayo Adriana,AT14-3,.,AT14-3-6,6,AT14-3-6-6,RA,N,556,C,A,B,A,C,N
Caribbean,Bocas del Toro,Cayo Adriana,AT14-3,.,AT14-3-6,7,AT14-3-6-7,A,N,668,B,A,A,A,A,N
Caribbean,Bocas del Toro,Cayo Adriana,AT14-3,.,AT14-3-6,8,AT14-3-6-8,A,N,575,C,C,A,A,A,N
Caribbean,Bocas del Toro,Cayo Adriana,AT14-3,.,AT14-3-6,9,AT14-3-6-9,A,N,384,C,B,B,A,A,N
Caribbean,Bocas del Toro,Cayo Adriana,AT14-3,.,AT14-3-6,10,AT14-3-6-10,RA,N,830,C,A,A,A,A,N
Caribbean,Bocas del Toro,Cayo Adriana,AT14-3,.,AT14-3-6,11,AT14-3-6-11,A,N,543,C,A,A,A,A,N
Caribbean,Bocas del Toro,Cayo Adriana,AT14-3,.,AT14-3-6,12,AT14-3-6-12,DEFENSE,N,406,A,A,A,A,A,N
Caribbean,Bocas del Toro,Cayo Adriana,AT14-3,.,AT14-3-6,13,AT14-3-6-13,A,N,492,C,A,A,A,A,N
Caribbean,Bocas del Toro,Cayo Adriana,AT14-3,.,AT14-3-6,14,AT14-3-6-14,A,N,531,C,C,A,A,A,N
Caribbean,Bocas del Toro,Cayo Adriana,AT14-3,.,AT14-3-6,15,AT14-3-6-15,A,N,838,B,A,A,A,A,N
Caribbean,Bocas del Toro,Cayo Adriana,AT14-3,.,AT14-3-6,16,AT14-3-6-16,A,N,605,B,A,A,A,A,N
Caribbean,Bocas del Toro,Cayo Adriana,AT14-3,.,AT14-3-6,17,AT14-3-6-17,A,N,500,C,A,A,A,A,N
Caribbean,Bocas del Toro,Cayo Adriana,AT14-3,.,AT14-3-6,18,AT14-3-6-18,RA,N,537,C,A,A,A,A,N
Caribbean,Bocas del Toro,Cayo Adriana,AT14-3,.,AT14-3-6,19,AT14-3-6-19,A,N,956,B,A,A,A,A,N
Caribbean,Bocas del Toro,Cayo Adriana,AT14-3,.,AT14-3-6,20,AT14-3-6-20,A,N,645,B,A,A,A,A,N
Caribbean,Bocas del Toro,Cayo Adriana,AT14-3,.,AT14-3-6,21,AT14-3-6-21,A,N,600,A,A,A,A,A,N
Caribbean,Bocas del Toro,Cayo Adriana,AT14-3,.,AT14-3-6,22,AT14-3-6-22,RA,N,850,C,C,B,A,A,N
Caribbean,Bocas del Toro,Cayo Adriana,AT14-3,.,AT14-3-6,23,AT14-3-6-23,A,N,781,B,A,A,A,A,N
Caribbean,Bocas del Toro,Cayo Adriana,AT14-3,.,AT14-3-6,24,AT14-3-6-24,RA,N,869,A,A,A,A,A,N
Caribbean,Bocas del Toro,Cayo Adriana,AT14-3,.,AT14-3-6,25,AT14-3-6-25,A,N,794,C,A,A,A,A,N
Caribbean,Bocas del Toro,Cayo Adriana,AT14-3,.,AT14-3-6,26,AT14-3-6-26,RA,N,375,C,B,B,A,A,N
Caribbean,Bocas del Toro,Sweet Bocas10,AT14-10,.,AT14-10-1,1,AT14-10-1-1,A,N,488,C,C,B,A,A,N
Caribbean,Bocas del Toro,Sweet Bocas10,AT14-10,.,AT14-10-1,2,AT14-10-1-2,RA,N,.,C,C,A,A,A,N
Caribbean,Bocas del Toro,Sweet Bocas10,AT14-10,.,AT14-10-1,3,AT14-10-1-3,RA,Y,573,B,A,B,A,A,N
Caribbean,Bocas del Toro,Sweet Bocas10,AT14-10,.,AT14-10-1,4,AT14-10-1-4,A,Y,487,C,A,B,B,A,N
Caribbean,Bocas del Toro,Sweet Bocas10,AT14-10,.,AT14-10-1,5,AT14-10-1-5,A,N,550,B,B,A,A,A,N
Caribbean,Bocas del Toro,Sweet Bocas10,AT14-10,.,AT14-10-1,6,AT14-10-1-6,A,N,355,C,A,A,A,A,N
Caribbean,Bocas del Toro,Sweet Bocas10,AT14-10,.,AT14-10-1,7,AT14-10-1-7,RA,N,493,A,B,B,C,A,N
Caribbean,Bocas del Toro,Sweet Bocas10,AT14-10,.,AT14-10-1,8,AT14-10-1-8,A,N,475,C,C,B,A,A,N
Caribbean,Bocas del Toro,Sweet Bocas10,AT14-10,.,AT14-10-1,9,AT14-10-1-9,A,N,380,C,A,A,A,A,N
Caribbean,Bocas del Toro,Sweet Bocas10,AT14-10,.,AT14-10-1,10,AT14-10-1-10,A,N,612,C,A,A,A,A,N
Caribbean,Bocas del Toro,Sweet Bocas10,AT14-10,.,AT14-10-1,11,AT14-10-1-11,RA,N,574,C,B,A,A,A,N
Caribbean,Bocas del Toro,Sweet Bocas10,AT14-10,.,AT14-10-1,12,AT14-10-1-12,A,N,719,C,A,A,A,C,N
Caribbean,Bocas del Toro,Sweet Bocas10,AT14-10,.,AT14-10-1,13,AT14-10-1-13,A,N,462,C,B,A,C,A,N
Caribbean,Bocas del Toro,Sweet Bocas10,AT14-10,.,AT14-10-1,14,AT14-10-1-14,A,N,550,B,A,B,A,A,N
Caribbean,Bocas del Toro,Sweet Bocas10,AT14-10,.,AT14-10-1,15,AT14-10-1-15,A,N,606,C,A,A,A,A,N
Caribbean,Bocas del Toro,Sweet Bocas10,AT14-10,.,AT14-10-1,16,AT14-10-1-16,RA,N,562,C,A,A,A,A,N
Caribbean,Bocas del Toro,Sweet Bocas10,AT14-10,.,AT14-10-2,1,AT14-10-2-1,A,N,581,B,A,A,A,A,N
Caribbean,Bocas del Toro,Sweet Bocas10,AT14-10,.,AT14-10-2,2,AT14-10-2-2,DR,N,306,C,A,B,A,A,N
Caribbean,Bocas del Toro,Sweet Bocas10,AT14-10,.,AT14-10-2,3,AT14-10-2-3,A,N,462,C,A,A,A,A,N
Caribbean,Bocas del Toro,Sweet Bocas10,AT14-10,.,AT14-10-2,4,AT14-10-2-4,DR,N,313,C,C,B,A,A,N
Caribbean,Bocas del Toro,Sweet Bocas10,AT14-10,.,AT14-10-2,5,AT14-10-2-5,RA,N,505,B,B,A,A,A,N
Caribbean,Bocas del Toro,Sweet Bocas10,AT14-10,.,AT14-10-2,6,AT14-10-2-6,DR,N,388,C,A,A,A,A,N
Caribbean,Bocas del Toro,Sweet Bocas10,AT14-10,.,AT14-10-2,7,AT14-10-2-7,RA,Y,338,C,A,B,A,A,N
Caribbean,Bocas del Toro,Sweet Bocas10,AT14-10,.,AT14-10-2,8,AT14-10-2-8,GF,Y,362,C,C,A,A,A,N
Caribbean,Bocas del Toro,Sweet Bocas10,AT14-10,.,AT14-10-2,9,AT14-10-2-9,A,N,563,C,C,A,C,A,N
Caribbean,Bocas del Toro,Sweet Bocas10,AT14-10,.,AT14-10-2,10,AT14-10-2-10,A,N,637,C,A,A,A,A,N
Caribbean,Bocas del Toro,Sweet Bocas10,AT14-10,.,AT14-10-2,11,AT14-10-2-11,RA,N,563,B,B,B,A,A,N
Caribbean,Bocas del Toro,Sweet Bocas10,AT14-10,.,AT14-10-2,12,AT14-10-2-12,RA,N,456,C,B,A,A,A,N
Caribbean,Bocas del Toro,Sweet Bocas10,AT14-10,.,AT14-10-2,13,AT14-10-2-13,DR,N,454,C,A,B,A,C,N
Caribbean,Bocas del Toro,Sweet Bocas10,AT14-10,.,AT14-10-2,14,AT14-10-2-14,RA,N,524,C,A,A,A,A,N
Caribbean,Bocas del Toro,Sweet Bocas10,AT14-10,.,AT14-10-2,15,AT14-10-2-15,RA,N,553,C,A,A,A,A,N
Caribbean,Bocas del Toro,Sweet Bocas10,AT14-10,.,AT14-10-2,16,AT14-10-2-16,A,N,650,C,A,A,A,A,N
Caribbean,Bocas del Toro,Sweet Bocas10,AT14-10,.,AT14-10-2,17,AT14-10-2-17,RA,N,580,C,B,A,A,A,N
Caribbean,Bocas del Toro,Sweet Bocas10,AT14-10,.,AT14-10-2,18,AT14-10-2-18,RA,N,713,C,A,B,A,A,N
Caribbean,Bocas del Toro,Sweet Bocas10,AT14-10,.,AT14-10-2,19,AT14-10-2-19,RA,N,643,C,A,A,A,A,N
Caribbean,Bocas del Toro,Sweet Bocas10,AT14-10,.,AT14-10-2,20,AT14-10-2-20,A,N,891,B,A,A,A,C,N
Caribbean,Bocas del Toro,Sweet Bocas10,AT14-10,.,AT14-10-2,22,AT14-10-2-22,DR,N,312,C,A,B,A,A,N
Caribbean,Bocas del Toro,Sweet Bocas10,AT14-10,.,AT14-10-2,23,AT14-10-2-23,DR,N,244,C,B,B,A,A,N
Caribbean,Bocas del Toro,Sweet Bocas10,AT14-10,.,AT14-10-3,1,AT14-10-3-1,RA,N,542,C,C,B,D,A,N
Caribbean,Bocas del Toro,Sweet Bocas10,AT14-10,.,AT14-10-3,2,AT14-10-3-2,RA,N,416,C,A,B,A,A,N
Caribbean,Bocas del Toro,Sweet Bocas10,AT14-10,.,AT14-10-3,3,AT14-10-3-3,RA,N,.,C,C,B,A,A,N
Caribbean,Bocas del Toro,Sweet Bocas10,AT14-10,.,AT14-10-3,4,AT14-10-3-4,RA,N,756,C,C,B,A,C,N
Caribbean,Bocas del Toro,Sweet Bocas10,AT14-10,.,AT14-10-3,5,AT14-10-3-5,RA,N,524,C,A,B,D,A,N
Caribbean,Bocas del Toro,Sweet Bocas10,AT14-10,.,AT14-10-3,6,AT14-10-3-6,RA,N,675,C,B,B,C,A,N
Caribbean,Bocas del Toro,Sweet Bocas10,AT14-10,.,AT14-10-3,7,AT14-10-3-7,RA,N,843,B,A,B,A,A,N
Caribbean,Bocas del Toro,Sweet Bocas10,AT14-10,.,AT14-10-3,8,AT14-10-3-8,RA,N,623,B,A,A,A,A,N
Caribbean,Bocas del Toro,Sweet Bocas10,AT14-10,.,AT14-10-3,9,AT14-10-3-9,A,N,838,C,A,A,A,A,N
Caribbean,Bocas del Toro,Sweet Bocas10,AT14-10,.,AT14-10-3,10,AT14-10-3-10,RA,N,1275,C,C,B,A,A,N
Caribbean,Bocas del Toro,Sweet Bocas10,AT14-10,.,AT14-10-3,11,AT14-10-3-11,RA,N,688,C,B,A,A,A,N
Caribbean,Bocas del Toro,Sweet Bocas10,AT14-10,.,AT14-10-3,12,AT14-10-3-12,RA,N,1206,C,B,B,C,A,N
